[2026-09-18T17:17:05.704] [DEBUG] debug-file - Ark compile task finished.finished time is 1498387600078208
[2026-09-18T17:17:05.722] [DEBUG] debug-file - Executing task :entry:default@PackageHap
[2026-09-18T17:17:05.729] [DEBUG] debug-file - default@PackageHap work[1] is submitted.
[2026-09-18T17:17:05.727] [DEBUG] debug-file - entry:default@PackageHap is not up-to-date, since the input file '/Users/yujiantao/DevEcoStudioProjects/bang/entry/build/default/intermediates/loader_out/default/ets' has been changed.
[2026-09-18T17:17:05.729] [DEBUG] debug-file - default@PackageHap work[1] is pushed to ready queue.
[2026-09-18T17:17:05.727] [DEBUG] debug-file - Incremental task entry:default@PackageHap pre-execution cost: 4 ms .
[2026-09-18T17:17:05.729] [DEBUG] debug-file - default@PackageHap work[1] is not dispatched.
[2026-09-18T17:17:05.728] [DEBUG] debug-file - Use tool [/Applications/DevEco-Studio.app/Contents/sdk/default/openharmony/toolchains/lib/app_packing_tool.jar]
 [
  'java',
  '-Dfile.encoding=utf-8',
  '-jar',
  '/Applications/DevEco-Studio.app/Contents/sdk/default/openharmony/toolchains/lib/app_packing_tool.jar',
  '--mode',
  'hap',
  '--force',
  'true',
  '--lib-path',
  '/Users/yujiantao/DevEcoStudioProjects/bang/entry/build/default/intermediates/stripped_native_libs/default',
  '--json-path',
  '/Users/yujiantao/DevEcoStudioProjects/bang/entry/build/default/intermediates/package/default/module.json',
  '--resources-path',
  '/Users/yujiantao/DevEcoStudioProjects/bang/entry/build/default/intermediates/res/default/resources',
  '--index-path',
  '/Users/yujiantao/DevEcoStudioProjects/bang/entry/build/default/intermediates/res/default/resources.index',
  '--pack-info-path',
  '/Users/yujiantao/DevEcoStudioProjects/bang/entry/build/default/outputs/default/pack.info',
  '--out-path',
  '/Users/yujiantao/DevEcoStudioProjects/bang/entry/build/default/outputs/default/entry-default-unsigned.hap',
  '--ets-path',
  '/Users/yujiantao/DevEcoStudioProjects/bang/entry/build/default/intermediates/loader_out/default/ets',
  '--pkg-context-path',
  '/Users/yujiantao/DevEcoStudioProjects/bang/entry/build/default/intermediates/loader/default/pkgContextInfo.json'
]
[2026-09-18T17:17:05.731] [DEBUG] debug-file - entry : default@PackageHap cost memory 0.5831069946289062
[2026-09-18T17:17:05.913] [DEBUG] debug-file - default@PackageHap work[1] has been dispatched to worker[4].
[2026-09-18T17:17:05.915] [DEBUG] debug-file - current process  memoryUsage: {
  rss: 397099008,
  heapTotal: 391806976,
  heapUsed: 346950880,
  external: 8805798,
  arrayBuffers: 3897078
} os memoryUsage :15.883773803710938
[2026-09-18T17:17:05.931] [DEBUG] debug-file - A work dispatched to worker[7] failed because unable to get work from ready queue.
[2026-09-18T17:17:05.931] [DEBUG] debug-file - A work dispatched to worker[6] failed because unable to get work from ready queue.
[2026-09-18T17:17:05.932] [DEBUG] debug-file - A work dispatched to worker[5] failed because unable to get work from ready queue.
[2026-09-18T17:17:05.932] [DEBUG] debug-file - A work dispatched to worker[4] failed because of worker busy.
[2026-09-18T17:17:05.932] [DEBUG] debug-file - A work dispatched to worker[3] failed because unable to get work from ready queue.
[2026-09-18T17:17:05.932] [DEBUG] debug-file - A work dispatched to worker[2] failed because unable to get work from ready queue.
[2026-09-18T17:17:05.932] [DEBUG] debug-file - A work dispatched to worker[1] failed because unable to get work from ready queue.
[2026-09-18T17:17:05.932] [DEBUG] debug-file - A work dispatched to worker[0] failed because unable to get work from ready queue.
[2026-09-18T17:17:06.705] [DEBUG] debug-file - worker[4] has one work done.
[2026-09-18T17:17:06.706] [DEBUG] debug-file - default@PackageHap work[1] done.
[2026-09-18T17:17:06.707] [DEBUG] debug-file - Executing task :entry:default@PackingCheck
[2026-09-18T17:17:06.727] [DEBUG] debug-file - current process  memoryUsage: {
  rss: 142442496,
  heapTotal: 160546816,
  heapUsed: 130925544,
  external: 3851769,
  arrayBuffers: 131542
} os memoryUsage :15.849029541015625
[2026-09-18T17:17:06.706] [INFO] debug-file - Finished :entry:default@PackageHap... after 801 ms 
[2026-09-18T17:17:06.714] [DEBUG] debug-file - entry : default@PackingCheck cost memory 0.67071533203125
[2026-09-18T17:17:06.715] [DEBUG] debug-file - Executing task :entry:default@SignHap
[2026-09-18T17:17:06.714] [DEBUG] debug-file - runTaskFromQueue task cost before running: 10 s 150 ms 
[2026-09-18T17:17:06.716] [DEBUG] debug-file - entry:default@SignHap is not up-to-date, since the input file '/Users/yujiantao/DevEcoStudioProjects/bang/entry/build/default/outputs/default/entry-default-unsigned.hap' has been changed.
[2026-09-18T17:17:06.714] [INFO] debug-file - Finished :entry:default@PackingCheck... after 7 ms 
[2026-09-18T17:17:06.716] [DEBUG] debug-file - Incremental task entry:default@SignHap pre-execution cost: 1 ms .
[2026-09-18T17:17:07.848] [DEBUG] debug-file - 09-18 17:17:07.846  INFO - Start verify-profile

[2026-09-18T17:17:08.230] [DEBUG] debug-file - 09-18 17:17:08.230  INFO - verify-profile success

[2026-09-18T17:17:08.255] [DEBUG] debug-file - current process  memoryUsage: {
  rss: 84459520,
  heapTotal: 160546816,
  heapUsed: 131347656,
  external: 3851881,
  arrayBuffers: 131654
} os memoryUsage :15.802688598632812
[2026-09-18T17:17:10.107] [DEBUG] debug-file - 09-18 17:17:10.099  INFO - Start sign-app

[2026-09-18T17:17:10.372] [DEBUG] debug-file - 09-18 17:17:10.371  INFO - certificate in profile: 俞建涛(1389902721670239361)\,Development

[2026-09-18T17:17:10.425] [DEBUG] debug-file - 09-18 17:17:10.425  INFO - Start to sign code.

[2026-09-18T17:17:10.429] [DEBUG] debug-file - 09-18 17:17:10.429  INFO - profile type is: debug

[2026-09-18T17:17:10.455] [DEBUG] debug-file - 09-18 17:17:10.454  INFO - /Users/yujiantao/.ohos/config/auto_bang_7YrzqJE1rIOdvZ_BTS9A9UF3By8y4SWYB3-MGJb9VSs=.p12 is exist. Try to load it with given passwd

[2026-09-18T17:17:10.607] [DEBUG] debug-file - 09-18 17:17:10.605  INFO - Create a sign info successfully.

[2026-09-18T17:17:10.620] [DEBUG] debug-file - 09-18 17:17:10.619  INFO - Create a sign info successfully.

[2026-09-18T17:17:10.625] [DEBUG] debug-file - 09-18 17:17:10.624  INFO - No native libs.

[2026-09-18T17:17:10.626] [DEBUG] debug-file - 09-18 17:17:10.626  INFO - Sign successfully.

[2026-09-18T17:17:10.644] [DEBUG] debug-file - 09-18 17:17:10.643  INFO - Add sign data in sign info list success.

[2026-09-18T17:17:10.647] [DEBUG] debug-file - 09-18 17:17:10.647  INFO - Generate signing block success, begin write it to output file

[2026-09-18T17:17:10.648] [DEBUG] debug-file - 09-18 17:17:10.648  INFO - Sign Hap success!

[2026-09-18T17:17:10.648] [DEBUG] debug-file - 09-18 17:17:10.648  INFO - sign-app success

[2026-09-18T17:17:10.673] [DEBUG] debug-file - entry : default@SignHap cost memory 1.0665206909179688
[2026-09-18T17:17:10.674] [DEBUG] debug-file - runTaskFromQueue task cost before running: 14 s 110 ms 
[2026-09-18T17:17:10.685] [DEBUG] debug-file - Executing task :entry:default@CollectDebugSymbol
[2026-09-18T17:17:10.679] [INFO] debug-file - Finished :entry:default@SignHap... after 3 s 959 ms 
[2026-09-18T17:17:10.688] [DEBUG] debug-file - entry : default@CollectDebugSymbol cost memory 0.08965301513671875
[2026-09-18T17:17:10.688] [DEBUG] debug-file - runTaskFromQueue task cost before running: 14 s 124 ms 
[2026-09-18T17:17:10.688] [INFO] debug-file - Finished :entry:default@CollectDebugSymbol... after 3 ms 
[2026-09-18T17:17:10.689] [DEBUG] debug-file - Executing task :entry:assembleHap
[2026-09-18T17:17:10.689] [DEBUG] debug-file - entry : assembleHap cost memory 0.0158538818359375
[2026-09-18T17:17:10.689] [DEBUG] debug-file - runTaskFromQueue task cost before running: 14 s 126 ms 
[2026-09-18T17:17:10.690] [INFO] debug-file - Finished :entry:assembleHap... after 1 ms 
[2026-09-18T17:17:10.692] [INFO] debug-file - BUILD SUCCESSFUL in 14 s 128 ms 
[2026-09-18T17:17:10.694] [DEBUG] debug-file - There is no need to refresh cache, since the incremental task entry:default@PreBuild is up-to-date.
[2026-09-18T17:17:10.695] [DEBUG] debug-file - Update task entry:default@CreateModuleInfo output file:/Users/yujiantao/DevEcoStudioProjects/bang/entry/build/default/generated/profile/default/ModuleInfo.ts cache.
[2026-09-18T17:17:10.695] [DEBUG] debug-file - Incremental task entry:default@CreateModuleInfo post-execution cost:1 ms .
[2026-09-18T17:17:10.695] [DEBUG] debug-file - There is no need to refresh cache, since the incremental task entry:default@GenerateMetadata is up-to-date.
[2026-09-18T17:17:10.695] [DEBUG] debug-file - There is no need to refresh cache, since the incremental task entry:default@MergeProfile is up-to-date.
[2026-09-18T17:17:10.695] [DEBUG] debug-file - There is no need to refresh cache, since the incremental task entry:default@CreateBuildProfile is up-to-date.
[2026-09-18T17:17:10.695] [DEBUG] debug-file - There is no need to refresh cache, since the incremental task entry:default@GeneratePkgContextInfo is up-to-date.
[2026-09-18T17:17:10.695] [DEBUG] debug-file - Update task entry:default@GeneratePkgSdkInfo output file:/Users/yujiantao/DevEcoStudioProjects/bang/entry/build/default/intermediates/loader/default/pkgSdkInfo.json cache.
[2026-09-18T17:17:10.695] [DEBUG] debug-file - Incremental task entry:default@GeneratePkgSdkInfo post-execution cost:1 ms .
[2026-09-18T17:17:10.696] [DEBUG] debug-file - Update task entry:default@ProcessIntegratedHsp output file:/Users/yujiantao/DevEcoStudioProjects/bang/build/cache/default/integrated_hsp/integratedHspCache.json cache.
[2026-09-18T17:17:10.696] [DEBUG] debug-file - Incremental task entry:default@ProcessIntegratedHsp post-execution cost:1 ms .
[2026-09-18T17:17:10.696] [DEBUG] debug-file - There is no need to refresh cache, since the incremental task entry:default@MakePackInfo is up-to-date.
[2026-09-18T17:17:10.696] [DEBUG] debug-file - Update task entry:default@SyscapTransform input file:/Applications/DevEco-Studio.app/Contents/sdk/default/openharmony/toolchains/syscap_tool cache by regenerate.
[2026-09-18T17:17:10.696] [DEBUG] debug-file - Update task entry:default@SyscapTransform input file:/Applications/DevEco-Studio.app/Contents/sdk/default/openharmony/ets/api/device-define cache by regenerate.
[2026-09-18T17:17:10.697] [DEBUG] debug-file - Update task entry:default@SyscapTransform output file:/Users/yujiantao/DevEcoStudioProjects/bang/entry/build/default/intermediates/syscap/default/rpcid.sc cache.
[2026-09-18T17:17:10.697] [DEBUG] debug-file - Incremental task entry:default@SyscapTransform post-execution cost:1 ms .
[2026-09-18T17:17:10.697] [DEBUG] debug-file - There is no need to refresh cache, since the incremental task entry:default@ProcessProfile is up-to-date.
[2026-09-18T17:17:10.697] [DEBUG] debug-file - There is no need to refresh cache, since the incremental task entry:default@ProcessRouterMap is up-to-date.
[2026-09-18T17:17:10.697] [DEBUG] debug-file - There is no need to refresh cache, since the incremental task entry:default@ProcessShareConfig is up-to-date.
[2026-09-18T17:17:10.697] [DEBUG] debug-file - Update task entry:default@ProcessStartupConfig input file:/Users/yujiantao/DevEcoStudioProjects/bang/entry/build/default/intermediates/loader/default/pkgContextInfo.json cache by regenerate.
[2026-09-18T17:17:10.697] [DEBUG] debug-file - Update task entry:default@ProcessStartupConfig output file:/Users/yujiantao/DevEcoStudioProjects/bang/entry/build/default/intermediates/startup/default/startup_config.json cache.
[2026-09-18T17:17:10.697] [DEBUG] debug-file - Incremental task entry:default@ProcessStartupConfig post-execution cost:1 ms .
[2026-09-18T17:17:10.697] [DEBUG] debug-file - There is no need to refresh cache, since the incremental task entry:default@ProcessResource is up-to-date.
[2026-09-18T17:17:10.698] [DEBUG] debug-file - There is no need to refresh cache, since the incremental task entry:default@GenerateLoaderJson is up-to-date.
[2026-09-18T17:17:10.698] [DEBUG] debug-file - There is no need to refresh cache, since the incremental task entry:default@ProcessLibs is up-to-date.
[2026-09-18T17:17:10.698] [DEBUG] debug-file - There is no need to refresh cache, since the incremental task entry:default@CompileResource is up-to-date.
[2026-09-18T17:17:10.698] [DEBUG] debug-file - There is no need to refresh cache, since the incremental task entry:default@DoNativeStrip is up-to-date.
[2026-09-18T17:17:10.699] [DEBUG] debug-file - Update task entry:default@CompileArkTS input file:/Users/yujiantao/DevEcoStudioProjects/bang/entry/build/default/intermediates/loader/default cache by regenerate.
[2026-09-18T17:17:10.699] [DEBUG] debug-file - Update task entry:default@CompileArkTS input file:/Users/yujiantao/DevEcoStudioProjects/bang/entry/build/default/intermediates/res/default/resources/rawfile cache by regenerate.
[2026-09-18T17:17:10.700] [DEBUG] debug-file - Update task entry:default@CompileArkTS input file:/Users/yujiantao/DevEcoStudioProjects/bang/entry/build/default/intermediates/res/default/ResourceTable.txt cache by regenerate.
[2026-09-18T17:17:10.701] [DEBUG] debug-file - Update task entry:default@CompileArkTS input file:/Users/yujiantao/DevEcoStudioProjects/bang/entry/build/default/intermediates/res/default/ark_module.json cache by regenerate.
[2026-09-18T17:17:10.701] [DEBUG] debug-file - Update task entry:default@CompileArkTS input file:/Users/yujiantao/DevEcoStudioProjects/bang/entry/build/default/intermediates/res/default/resources/base/profile cache by regenerate.
[2026-09-18T17:17:10.701] [DEBUG] debug-file - Update task entry:default@CompileArkTS input file:/Users/yujiantao/DevEcoStudioProjects/bang/entry/src/main/ets cache from map.
[2026-09-18T17:17:10.701] [DEBUG] debug-file - Update task entry:default@CompileArkTS input file:/Users/yujiantao/DevEcoStudioProjects/bang/entry/build/default/intermediates/loader/default/pkgContextInfo.json cache by regenerate.
[2026-09-18T17:17:10.701] [DEBUG] debug-file - Update task entry:default@CompileArkTS input file:/Users/yujiantao/DevEcoStudioProjects/bang/entry/build/default/generated/profile/default/BuildProfile.ets cache by regenerate.
[2026-09-18T17:17:10.701] [DEBUG] debug-file - Update task entry:default@CompileArkTS output file:/Users/yujiantao/DevEcoStudioProjects/bang/entry/build/default/intermediates/loader_out/default/ets cache.
[2026-09-18T17:17:10.701] [DEBUG] debug-file - Incremental task entry:default@CompileArkTS post-execution cost:4 ms .
[2026-09-18T17:17:10.702] [DEBUG] debug-file - Update task entry:default@BuildJS input file:/Users/yujiantao/DevEcoStudioProjects/bang/entry/build/default/intermediates/loader/default cache by regenerate.
[2026-09-18T17:17:10.702] [DEBUG] debug-file - Update task entry:default@BuildJS input file:/Users/yujiantao/DevEcoStudioProjects/bang/entry/build/default/intermediates/res/default/resources/rawfile cache by regenerate.
[2026-09-18T17:17:10.703] [DEBUG] debug-file - Update task entry:default@BuildJS input file:/Users/yujiantao/DevEcoStudioProjects/bang/entry/build/default/intermediates/res/default/ResourceTable.txt cache by regenerate.
[2026-09-18T17:17:10.703] [DEBUG] debug-file - Update task entry:default@BuildJS input file:/Users/yujiantao/DevEcoStudioProjects/bang/entry/build/default/intermediates/res/default/ark_module.json cache by regenerate.
[2026-09-18T17:17:10.703] [DEBUG] debug-file - Update task entry:default@BuildJS input file:/Users/yujiantao/DevEcoStudioProjects/bang/entry/build/default/intermediates/res/default/resources/base/profile cache by regenerate.
[2026-09-18T17:17:10.704] [DEBUG] debug-file - Update task entry:default@BuildJS input file:/Users/yujiantao/DevEcoStudioProjects/bang/entry/build/default/intermediates/loader/default/pkgContextInfo.json cache by regenerate.
[2026-09-18T17:17:10.705] [DEBUG] debug-file - Update task entry:default@BuildJS output file:/Users/yujiantao/DevEcoStudioProjects/bang/entry/build/default/intermediates/loader_out/default/js cache.
[2026-09-18T17:17:10.705] [DEBUG] debug-file - Incremental task entry:default@BuildJS post-execution cost:4 ms .
[2026-09-18T17:17:10.705] [DEBUG] debug-file - There is no need to refresh cache, since the incremental task entry:default@CacheNativeLibs is up-to-date.
[2026-09-18T17:17:10.705] [DEBUG] debug-file - There is no need to refresh cache, since the incremental task entry:default@GeneratePkgModuleJson is up-to-date.
[2026-09-18T17:17:10.705] [DEBUG] debug-file - Incremental task entry:default@ProcessCompiledResources post-execution cost:1 ms .
[2026-09-18T17:17:10.705] [DEBUG] debug-file - Update task entry:default@PackageHap input file:/Users/yujiantao/DevEcoStudioProjects/bang/entry/build/default/intermediates/stripped_native_libs/default cache by regenerate.
[2026-09-18T17:17:10.705] [DEBUG] debug-file - Update task entry:default@PackageHap input file:/Users/yujiantao/DevEcoStudioProjects/bang/entry/build/default/intermediates/res/default/module.json cache by regenerate.
[2026-09-18T17:17:10.705] [DEBUG] debug-file - Update task entry:default@PackageHap input file:/Users/yujiantao/DevEcoStudioProjects/bang/entry/build/default/intermediates/res/default/resources cache by regenerate.
[2026-09-18T17:17:10.707] [DEBUG] debug-file - Update task entry:default@PackageHap input file:/Users/yujiantao/DevEcoStudioProjects/bang/entry/build/default/intermediates/res/default/resources.index cache by regenerate.
[2026-09-18T17:17:10.707] [DEBUG] debug-file - Update task entry:default@PackageHap input file:/Users/yujiantao/DevEcoStudioProjects/bang/entry/build/default/outputs/default/pack.info cache by regenerate.
[2026-09-18T17:17:10.707] [DEBUG] debug-file - Update task entry:default@PackageHap input file:/Users/yujiantao/DevEcoStudioProjects/bang/entry/build/default/intermediates/loader_out/default/ets cache from map.
[2026-09-18T17:17:10.707] [DEBUG] debug-file - Update task entry:default@PackageHap input file:/Users/yujiantao/DevEcoStudioProjects/bang/entry/build/default/intermediates/loader/default/pkgContextInfo.json cache by regenerate.
[2026-09-18T17:17:10.707] [DEBUG] debug-file - Update task entry:default@PackageHap input file:/Users/yujiantao/DevEcoStudioProjects/bang/entry/build/default/intermediates/loader_out/default/ets/sourceMaps.map cache by regenerate.
[2026-09-18T17:17:10.707] [DEBUG] debug-file - Update task entry:default@PackageHap input file:/Users/yujiantao/DevEcoStudioProjects/bang/entry/build/default/generated/profile/default/BuildProfile.ets cache by regenerate.
[2026-09-18T17:17:10.707] [DEBUG] debug-file - Update task entry:default@PackageHap output file:/Users/yujiantao/DevEcoStudioProjects/bang/entry/build/default/outputs/default/entry-default-unsigned.hap cache.
[2026-09-18T17:17:10.707] [DEBUG] debug-file - Update task entry:default@PackageHap output file:/Users/yujiantao/DevEcoStudioProjects/bang/entry/build/default/intermediates/source_map/default/sourceMaps.map cache.
[2026-09-18T17:17:10.707] [DEBUG] debug-file - Update task entry:default@PackageHap output file:/Users/yujiantao/DevEcoStudioProjects/bang/entry/build/default/outputs/default/mapping/sourceMaps.map cache.
[2026-09-18T17:17:10.707] [DEBUG] debug-file - Incremental task entry:default@PackageHap post-execution cost:3 ms .
[2026-09-18T17:17:10.708] [DEBUG] debug-file - Update task entry:default@SignHap input file:/Users/yujiantao/.ohos/config/auto_bang_7YrzqJE1rIOdvZ_BTS9A9UF3By8y4SWYB3-MGJb9VSs=.cer cache by regenerate.
[2026-09-18T17:17:10.708] [DEBUG] debug-file - Update task entry:default@SignHap input file:/Users/yujiantao/.ohos/config/auto_bang_7YrzqJE1rIOdvZ_BTS9A9UF3By8y4SWYB3-MGJb9VSs=.p7b cache by regenerate.
[2026-09-18T17:17:10.708] [DEBUG] debug-file - Update task entry:default@SignHap input file:/Users/yujiantao/.ohos/config/auto_bang_7YrzqJE1rIOdvZ_BTS9A9UF3By8y4SWYB3-MGJb9VSs=.p12 cache by regenerate.
[2026-09-18T17:17:10.708] [DEBUG] debug-file - Update task entry:default@SignHap input file:/Users/yujiantao/DevEcoStudioProjects/bang/entry/build/default/outputs/default/entry-default-unsigned.hap cache from map.
[2026-09-18T17:17:10.708] [DEBUG] debug-file - Update task entry:default@SignHap output file:/Users/yujiantao/DevEcoStudioProjects/bang/entry/build/default/outputs/default/entry-default-signed.hap cache.
[2026-09-18T17:17:10.708] [DEBUG] debug-file - Incremental task entry:default@SignHap post-execution cost:1 ms .
[2026-09-18T17:17:10.708] [DEBUG] debug-file - Update task entry:default@CollectDebugSymbol input file:/Users/yujiantao/DevEcoStudioProjects/bang/entry/build/default/intermediates/loader_out/default/ets/sourceMaps.map cache by regenerate.
[2026-09-18T17:17:10.708] [DEBUG] debug-file - Update task entry:default@CollectDebugSymbol input file:/Users/yujiantao/DevEcoStudioProjects/bang/entry/build/default/intermediates/libs/default cache by regenerate.
[2026-09-18T17:17:10.708] [DEBUG] debug-file - Update task entry:default@CollectDebugSymbol output file:/Users/yujiantao/DevEcoStudioProjects/bang/entry/build/default/outputs/default/symbol cache.
[2026-09-18T17:17:10.708] [DEBUG] debug-file - Incremental task entry:default@CollectDebugSymbol post-execution cost:1 ms .
[2026-09-18T17:17:10.723] [DEBUG] debug-file - Current worker pool is stopped or closed.
[2026-09-18T17:17:10.724] [DEBUG] debug-file - Clear worker 0.
[2026-09-18T17:17:10.724] [DEBUG] debug-file - Worker 0 has been cleared.
[2026-09-18T17:17:10.724] [DEBUG] debug-file - Current idle worker size: 2.
[2026-09-18T17:17:10.724] [DEBUG] debug-file - Current busy worker size: 0.
[2026-09-18T17:17:10.724] [DEBUG] debug-file - Clear worker 1.
[2026-09-18T17:17:10.724] [DEBUG] debug-file - Worker 1 has been cleared.
[2026-09-18T17:17:10.724] [DEBUG] debug-file - Current idle worker size: 1.
[2026-09-18T17:17:10.724] [DEBUG] debug-file - Current busy worker size: 0.
[2026-09-18T17:17:10.724] [DEBUG] debug-file - Clear worker 4.
[2026-09-18T17:17:10.725] [DEBUG] debug-file - Worker 4 has been cleared.
[2026-09-18T17:17:10.725] [DEBUG] debug-file - Current idle worker size: 0.
[2026-09-18T17:17:10.725] [DEBUG] debug-file - Current busy worker size: 0.
[2026-09-18T17:17:10.725] [DEBUG] debug-file - hvigor build process will be closed.
[2026-09-18T17:17:10.732] [DEBUG] debug-file - Current worker pool is terminated.
[2026-09-18T17:17:10.741] [DEBUG] debug-file - worker[1] exits with exit code 1.
[2026-09-18T17:17:10.741] [DEBUG] debug-file - worker[0] exits with exit code 1.
[2026-09-18T17:17:10.800] [DEBUG] debug-file - worker[4] exits with exit code 1.
[2026-09-18T17:18:33.254] [DEBUG] debug-file - env: nodejsVersion=v22.21.1
[2026-09-18T17:18:33.439] [DEBUG] debug-file - Hvigor init with startParameters:{
  hvigorfileTypeCheck: false,
  parallelExecution: true,
  incrementalExecution: true,
  printStackTrace: false,
  daemon: false,
  analyze: 0,
  logLevel: Level { level: 20000, levelStr: 'INFO', colour: 'green' },
  optimizationStrategy: 'memory',
  hotCompile: undefined,
  hotReloadBuild: undefined,
  customizedParam: undefined
}
[2026-09-18T17:18:34.430] [DEBUG] debug-file - hvigorfile, require result:  { default: { system: [Function: appTasks], plugins: [] } }
[2026-09-18T17:18:34.432] [DEBUG] debug-file - Starting plugin build process
[2026-09-18T17:18:34.536] [DEBUG] debug-file - App plugin register hook start...
[2026-09-18T17:18:34.539] [DEBUG] debug-file - Obtain build option for product 'default'in this build.
[2026-09-18T17:18:34.544] [DEBUG] debug-file - Start recording SDK configuration permission data.
[2026-09-18T17:18:34.581] [DEBUG] debug-file - Project task initialization takes 4 ms 
[2026-09-18T17:18:34.587] [DEBUG] debug-file - failed to load cangjie to dynamically generate schemas: Error: Cannot find module '@ohos/cangjie-build-support/index'
Require stack:
- /Applications/DevEco-Studio.app/Contents/tools/hvigor/hvigor-ohos-plugin/src/plugin/hooks/cangjie-register.js
- /Applications/DevEco-Studio.app/Contents/tools/hvigor/hvigor-ohos-plugin/src/plugin/strategy/stage-init-strategy.js
- /Applications/DevEco-Studio.app/Contents/tools/hvigor/hvigor-ohos-plugin/src/plugin/builder/abstract-plugin-builder.js
- /Applications/DevEco-Studio.app/Contents/tools/hvigor/hvigor-ohos-plugin/src/plugin/builder/app-plugin-builder.js
- /Applications/DevEco-Studio.app/Contents/tools/hvigor/hvigor-ohos-plugin/src/plugin/factory/plugin-factory.js
- /Applications/DevEco-Studio.app/Contents/tools/hvigor/hvigor-ohos-plugin/index.js
- /Users/yujiantao/DevEcoStudioProjects/bang/hvigorfile.ts
- /Applications/DevEco-Studio.app/Contents/tools/hvigor/hvigor/src/base/internal/lifecycle/configuration.js
- /Applications/DevEco-Studio.app/Contents/tools/hvigor/hvigor/src/base/boot/index.js
- /Applications/DevEco-Studio.app/Contents/tools/hvigor/hvigor/src/cli/main/cli.js
- /Applications/DevEco-Studio.app/Contents/tools/hvigor/hvigor/bin/hvigor.js
[2026-09-18T17:18:34.594] [DEBUG] debug-file - Start initialize module-target build option map, moduleName=entry, buildMode=debug
[2026-09-18T17:18:34.600] [DEBUG] debug-file - project has submodules:entry
[2026-09-18T17:18:34.601] [DEBUG] debug-file - start to load updatedOhPackageInfo to the disk
[2026-09-18T17:18:34.606] [DEBUG] debug-file - Start to initialize dependency information.
[2026-09-18T17:18:34.615] [DEBUG] debug-file - Executing task :entry:default@PreBuild
[2026-09-18T17:18:34.627] [DEBUG] debug-file - Executing task :entry:default@GenerateMetadata
[2026-09-18T17:18:34.634] [DEBUG] debug-file - Executing task :entry:default@CreateBuildProfile
[2026-09-18T17:18:34.636] [DEBUG] debug-file - Executing task :entry:default@PreCheckSyscap
[2026-09-18T17:18:34.639] [DEBUG] debug-file - Executing task :entry:default@GeneratePkgContextInfo
[2026-09-18T17:18:34.648] [DEBUG] debug-file - Executing task :entry:default@ProcessIntegratedHsp
[2026-09-18T17:18:34.650] [DEBUG] debug-file - Executing task :entry:default@BuildNativeWithCmake
[2026-09-18T17:18:34.651] [DEBUG] debug-file - Executing task :entry:default@MakePackInfo
[2026-09-18T17:18:34.658] [DEBUG] debug-file - Executing task :entry:default@SyscapTransform
[2026-09-18T17:18:34.678] [DEBUG] debug-file - Executing task :entry:default@ProcessProfile
[2026-09-18T17:18:34.680] [DEBUG] debug-file - Executing task :entry:default@ProcessRouterMap
[2026-09-18T17:18:34.681] [DEBUG] debug-file - Executing task :entry:default@ProcessShareConfig
[2026-09-18T17:18:34.685] [DEBUG] debug-file - Executing task :entry:default@BuildNativeWithNinja
[2026-09-18T17:18:34.689] [DEBUG] debug-file - Executing task :entry:default@ProcessResource
[2026-09-18T17:18:34.698] [DEBUG] debug-file - Executing task :entry:default@ProcessLibs
[2026-09-18T17:18:34.682] [DEBUG] debug-file - Executing task :entry:default@ProcessStartupConfig
[2026-09-18T17:18:34.693] [DEBUG] debug-file - Executing task :entry:default@GenerateLoaderJson
[2026-09-18T17:18:34.708] [DEBUG] debug-file - Executing task :entry:default@DoNativeStrip
[2026-09-18T17:18:34.709] [DEBUG] debug-file - Executing task :entry:default@CompileArkTS
[2026-09-18T17:18:34.722] [DEBUG] debug-file - Create  resident worker with id: 0.
[2026-09-18T17:18:34.734] [DEBUG] debug-file - Executing task :entry:default@BuildJS
[2026-09-18T17:18:34.736] [DEBUG] debug-file - Executing task :entry:default@CacheNativeLibs
[2026-09-18T17:18:34.700] [DEBUG] debug-file - Executing task :entry:default@CompileResource
[2026-09-18T17:18:33.255] [DEBUG] debug-file - env: hvigor-config.json5 content = {
  modelVersion: '5.0.0',
  dependencies: {},
  execution: {},
  logging: {},
  debugging: {},
  nodeOptions: {}
}
[2026-09-18T17:18:33.444] [DEBUG] debug-file - Cache service initialization finished in 5 ms 
[2026-09-18T17:18:34.537] [DEBUG] debug-file - Start initialize project's product build option map with build mode debug.
[2026-09-18T17:18:34.430] [DEBUG] debug-file - hvigorfile, binding system plugins [Function: appTasks]
[2026-09-18T17:18:34.537] [DEBUG] debug-file - App plugin register hook end...
[2026-09-18T17:18:34.432] [DEBUG] debug-file - App plugin prepare start...
[2026-09-18T17:18:34.540] [DEBUG] debug-file - /Users/yujiantao/DevEcoStudioProjects/bang/build/cache/default/remote_hsp/remoteHspCache.json not exists.
[2026-09-18T17:18:34.576] [DEBUG] debug-file - Sdk init in 35 ms 
[2026-09-18T17:18:34.581] [DEBUG] debug-file - hvigorfile, begin to bind custom plugins...
[2026-09-18T17:18:34.594] [DEBUG] debug-file - Target 'default' config initialized
[2026-09-18T17:18:34.600] [DEBUG] debug-file - module:entry no need to execute packageHap
[2026-09-18T17:18:34.603] [DEBUG] debug-file - load to the disk finished
[2026-09-18T17:18:34.608] [DEBUG] debug-file - Module entry Collected Dependency: 
[2026-09-18T17:18:34.619] [DEBUG] debug-file - Task 'entry:default@PreBuild' cost while wrapping incremental declarations: 1 ms 
[2026-09-18T17:18:34.628] [DEBUG] debug-file - Task 'entry:default@GenerateMetadata' cost while wrapping incremental declarations: 1 ms 
[2026-09-18T17:18:34.634] [DEBUG] debug-file - Task 'entry:default@CreateBuildProfile' cost while wrapping incremental declarations: 1 ms 
[2026-09-18T17:18:34.648] [DEBUG] debug-file - entry:default@ProcessIntegratedHsp is not up-to-date, since the output file '/Users/yujiantao/DevEcoStudioProjects/bang/build/cache/default/integrated_hsp/integratedHspCache.json' does not exist.
[2026-09-18T17:18:34.637] [DEBUG] debug-file - entry : default@PreCheckSyscap cost memory 0.028076171875
[2026-09-18T17:18:34.651] [DEBUG] debug-file - entry : default@BuildNativeWithCmake cost memory 0.01738739013671875
[2026-09-18T17:18:34.654] [DEBUG] debug-file - Incremental task entry:default@MakePackInfo pre-execution cost: 1 ms .
[2026-09-18T17:18:34.659] [DEBUG] debug-file - File: '/Users/yujiantao/DevEcoStudioProjects/bang/entry/src/main/syscap.json' from 'sysCapJsonPath' is not exists, just ignore.
[2026-09-18T17:18:34.679] [DEBUG] debug-file - Task 'entry:default@ProcessProfile' cost while wrapping incremental declarations: 1 ms 
[2026-09-18T17:18:34.680] [DEBUG] debug-file - Incremental task entry:default@ProcessRouterMap pre-execution cost: 1 ms .
[2026-09-18T17:18:34.682] [DEBUG] debug-file - Incremental task entry:default@ProcessShareConfig pre-execution cost: 1 ms .
[2026-09-18T17:18:34.685] [DEBUG] debug-file - entry : default@BuildNativeWithNinja cost memory 0.02307891845703125
[2026-09-18T17:18:34.689] [DEBUG] debug-file - Task 'entry:default@ProcessResource' cost while wrapping incremental declarations: 1 ms 
[2026-09-18T17:18:34.682] [DEBUG] debug-file - Task 'entry:default@ProcessStartupConfig' cost while wrapping incremental declarations: 1 ms 
[2026-09-18T17:18:34.694] [DEBUG] debug-file - Task 'entry:default@GenerateLoaderJson' cost while wrapping incremental declarations: 1 ms 
[2026-09-18T17:18:34.708] [DEBUG] debug-file - File: '/Users/yujiantao/DevEcoStudioProjects/bang/entry/build/default/intermediates/binxo/default' from 'doBinxoNativeLibs' is not exists, just ignore.
[2026-09-18T17:18:34.710] [DEBUG] debug-file - obfuscationOptions: undefined
[2026-09-18T17:18:34.725] [DEBUG] debug-file - Create  resident worker with id: 1.
[2026-09-18T17:18:34.735] [DEBUG] debug-file - Task 'entry:default@BuildJS' cost while wrapping incremental declarations: 1 ms 
[2026-09-18T17:18:34.736] [DEBUG] debug-file - File: '/Users/yujiantao/DevEcoStudioProjects/bang/entry/build/default/intermediates/binxo/default' from 'cacheBinxoNativeLibs' is not exists, just ignore.
[2026-09-18T17:18:34.707] [DEBUG] debug-file - Incremental task entry:default@CompileResource pre-execution cost: 6 ms .
[2026-09-18T17:18:34.699] [DEBUG] debug-file - Incremental task entry:default@ProcessLibs pre-execution cost: 1 ms .
[2026-09-18T17:18:34.643] [DEBUG] debug-file - Task 'entry:default@GeneratePkgContextInfo' cost while wrapping incremental declarations: 1 ms 
[2026-09-18T17:18:33.255] [DEBUG] debug-file - env: daemon=false
[2026-09-18T17:18:33.445] [DEBUG] debug-file - hvigorfile, resolving /Users/yujiantao/DevEcoStudioProjects/bang/hvigorfile.ts
[2026-09-18T17:18:34.537] [DEBUG] debug-file - Picking option from product 'default' with build mode 'debug'.
[2026-09-18T17:18:34.537] [DEBUG] debug-file - Plugin build process completed
[2026-09-18T17:18:34.432] [DEBUG] debug-file - App plugin prepare end...
[2026-09-18T17:18:34.542] [DEBUG] debug-file - Local scan or download HarmonyOS sdk components toolchains,ets,js,native,previewer
[2026-09-18T17:18:34.581] [DEBUG] debug-file - hvigorfile, no custom plugins were found in /Users/yujiantao/DevEcoStudioProjects/bang/hvigorfile.ts
[2026-09-18T17:18:34.595] [DEBUG] debug-file - Module 'entry' target 'default' build option initialized
[2026-09-18T17:18:34.608] [DEBUG] debug-file - Module entry's total dependency: 0
[2026-09-18T17:18:34.604] [DEBUG] debug-file - Start to initialize dependency information.
[2026-09-18T17:18:34.622] [DEBUG] debug-file - Incremental task entry:default@PreBuild pre-execution cost: 3 ms .
[2026-09-18T17:18:34.628] [DEBUG] debug-file - Incremental task entry:default@GenerateMetadata pre-execution cost: 1 ms .
[2026-09-18T17:18:34.635] [DEBUG] debug-file - Incremental task entry:default@CreateBuildProfile pre-execution cost: 2 ms .
[2026-09-18T17:18:34.648] [DEBUG] debug-file - Incremental task entry:default@ProcessIntegratedHsp pre-execution cost: 1 ms .
[2026-09-18T17:18:34.637] [DEBUG] debug-file - runTaskFromQueue task cost before running: 1 s 203 ms 
[2026-09-18T17:18:34.651] [DEBUG] debug-file - runTaskFromQueue task cost before running: 1 s 216 ms 
[2026-09-18T17:18:34.654] [DEBUG] debug-file - entry : default@MakePackInfo cost memory 0.12134552001953125
[2026-09-18T17:18:34.659] [DEBUG] debug-file - Task 'entry:default@SyscapTransform' cost while wrapping incremental declarations: 1 ms 
[2026-09-18T17:18:34.679] [DEBUG] debug-file - Incremental task entry:default@ProcessProfile pre-execution cost: 1 ms .
[2026-09-18T17:18:34.680] [DEBUG] debug-file - entry : default@ProcessRouterMap cost memory 0.1399993896484375
[2026-09-18T17:18:34.682] [DEBUG] debug-file - entry : default@ProcessShareConfig cost memory 0.13396453857421875
[2026-09-18T17:18:34.685] [DEBUG] debug-file - runTaskFromQueue task cost before running: 1 s 251 ms 
[2026-09-18T17:18:34.690] [DEBUG] debug-file - Incremental task entry:default@ProcessResource pre-execution cost: 1 ms .
[2026-09-18T17:18:34.683] [DEBUG] debug-file - entry:default@ProcessStartupConfig is not up-to-date, since the output file '/Users/yujiantao/DevEcoStudioProjects/bang/entry/build/default/intermediates/startup/default/startup_config.json' does not exist.
[2026-09-18T17:18:34.697] [DEBUG] debug-file - Incremental task entry:default@GenerateLoaderJson pre-execution cost: 2 ms .
[2026-09-18T17:18:34.708] [DEBUG] debug-file - Task 'entry:default@DoNativeStrip' cost while wrapping incremental declarations: 1 ms 
[2026-09-18T17:18:34.710] [DEBUG] debug-file - Task 'entry:default@CompileArkTS' cost while wrapping incremental declarations: 1 ms 
[2026-09-18T17:18:34.726] [DEBUG] debug-file - default@CompileArkTS work[0] is submitted.
[2026-09-18T17:18:34.735] [DEBUG] debug-file - entry : default@BuildJS cost memory 0.15592193603515625
[2026-09-18T17:18:34.736] [DEBUG] debug-file - Task 'entry:default@CacheNativeLibs' cost while wrapping incremental declarations: 1 ms 
[2026-09-18T17:18:34.707] [DEBUG] debug-file - entry : default@CompileResource cost memory 0.7053680419921875
[2026-09-18T17:18:34.699] [DEBUG] debug-file - entry : default@ProcessLibs cost memory 0.09577178955078125
[2026-09-18T17:18:34.644] [DEBUG] debug-file - Incremental task entry:default@GeneratePkgContextInfo pre-execution cost: 1 ms .
[2026-09-18T17:18:33.256] [DEBUG] debug-file - no-daemon, use the parent process.execArgv --max-old-space-size=8192,--max-semi-space-size=16,--expose-gc
[2026-09-18T17:18:34.538] [DEBUG] debug-file - Product 'default' build option initialized
[2026-09-18T17:18:34.432] [DEBUG] debug-file - App plugin creating...
[2026-09-18T17:18:34.543] [DEBUG] debug-file - Local scan or download hmscore sdk components toolchains,ets,native
[2026-09-18T17:18:34.581] [DEBUG] debug-file - hvigorfile, resolve finished /Users/yujiantao/DevEcoStudioProjects/bang/hvigorfile.ts
[2026-09-18T17:18:34.595] [DEBUG] debug-file - End initialize module-target build option map, moduleName=entry
[2026-09-18T17:18:34.610] [DEBUG] debug-file - Configuration phase cost:1 s 166 ms 
[2026-09-18T17:18:34.605] [DEBUG] debug-file - Module bang Collected Dependency: 
[2026-09-18T17:18:34.622] [DEBUG] debug-file - entry : default@PreBuild cost memory 0.7307968139648438
[2026-09-18T17:18:34.629] [DEBUG] debug-file - entry : default@GenerateMetadata cost memory 0.133697509765625
[2026-09-18T17:18:34.635] [DEBUG] debug-file - entry : default@CreateBuildProfile cost memory 0.102386474609375
[2026-09-18T17:18:34.637] [INFO] debug-file - Finished :entry:default@PreCheckSyscap... after 1 ms 
[2026-09-18T17:18:34.651] [INFO] debug-file - Finished :entry:default@BuildNativeWithCmake... after 1 ms 
[2026-09-18T17:18:34.654] [INFO] debug-file - UP-TO-DATE :entry:default@MakePackInfo...  
[2026-09-18T17:18:34.676] [DEBUG] debug-file - entry:default@SyscapTransform is not up-to-date, since the output file '/Users/yujiantao/DevEcoStudioProjects/bang/entry/build/default/intermediates/syscap/default/rpcid.sc' does not exist.
[2026-09-18T17:18:34.679] [DEBUG] debug-file - entry : default@ProcessProfile cost memory 0.15006256103515625
[2026-09-18T17:18:34.681] [INFO] debug-file - UP-TO-DATE :entry:default@ProcessRouterMap...  
[2026-09-18T17:18:34.682] [INFO] debug-file - UP-TO-DATE :entry:default@ProcessShareConfig...  
[2026-09-18T17:18:34.686] [INFO] debug-file - Finished :entry:default@BuildNativeWithNinja... after 1 ms 
[2026-09-18T17:18:34.690] [DEBUG] debug-file - entry : default@ProcessResource cost memory 0.130615234375
[2026-09-18T17:18:34.697] [DEBUG] debug-file - entry : default@GenerateLoaderJson cost memory 0.459747314453125
[2026-09-18T17:18:34.709] [DEBUG] debug-file - Incremental task entry:default@DoNativeStrip pre-execution cost: 1 ms .
[2026-09-18T17:18:34.648] [DEBUG] debug-file - entry : default@ProcessIntegratedHsp cost memory 0.0555419921875
[2026-09-18T17:18:34.683] [DEBUG] debug-file - Incremental task entry:default@ProcessStartupConfig pre-execution cost: 1 ms .
[2026-09-18T17:18:34.714] [DEBUG] debug-file - entry:default@CompileArkTS is not up-to-date, since the input file '/Users/yujiantao/DevEcoStudioProjects/bang/entry/src/main/ets' has been changed.
[2026-09-18T17:18:34.727] [DEBUG] debug-file - default@CompileArkTS work[0] is pushed to ready queue.
[2026-09-18T17:18:34.735] [DEBUG] debug-file - runTaskFromQueue task cost before running: 1 s 301 ms 
[2026-09-18T17:18:34.738] [DEBUG] debug-file - Incremental task entry:default@CacheNativeLibs pre-execution cost: 2 ms .
[2026-09-18T17:18:34.707] [INFO] debug-file - UP-TO-DATE :entry:default@CompileResource...  
[2026-09-18T17:18:34.699] [INFO] debug-file - UP-TO-DATE :entry:default@ProcessLibs...  
[2026-09-18T17:18:34.644] [DEBUG] debug-file - entry : default@GeneratePkgContextInfo cost memory 0.35518646240234375
[2026-09-18T17:18:34.538] [DEBUG] debug-file - End initialize project's product build option map with build mode 'debug'.
[2026-09-18T17:18:34.581] [DEBUG] debug-file - hvigorfile, resolving /Users/yujiantao/DevEcoStudioProjects/bang/entry/hvigorfile.ts
[2026-09-18T17:18:34.595] [DEBUG] debug-file - Start initialize module-target build option map, moduleName=entry, buildMode=release
[2026-09-18T17:18:34.612] [DEBUG] debug-file - Configuration task cost before running: 1 s 178 ms 
[2026-09-18T17:18:34.605] [DEBUG] debug-file - Module bang's total dependency: 0
[2026-09-18T17:18:34.624] [INFO] debug-file - UP-TO-DATE :entry:default@PreBuild...  
[2026-09-18T17:18:34.629] [INFO] debug-file - UP-TO-DATE :entry:default@GenerateMetadata...  
[2026-09-18T17:18:34.636] [INFO] debug-file - UP-TO-DATE :entry:default@CreateBuildProfile...  
[2026-09-18T17:18:34.676] [DEBUG] debug-file - Incremental task entry:default@SyscapTransform pre-execution cost: 17 ms .
[2026-09-18T17:18:34.679] [INFO] debug-file - UP-TO-DATE :entry:default@ProcessProfile...  
[2026-09-18T17:18:34.687] [DEBUG] debug-file - restool module names: entry; moduleName=entry, taskName=default@ProcessResource
[2026-09-18T17:18:34.692] [INFO] debug-file - UP-TO-DATE :entry:default@ProcessResource...  
[2026-09-18T17:18:34.697] [INFO] debug-file - UP-TO-DATE :entry:default@GenerateLoaderJson...  
[2026-09-18T17:18:34.709] [DEBUG] debug-file - entry : default@DoNativeStrip cost memory 0.07421112060546875
[2026-09-18T17:18:34.683] [DEBUG] debug-file - entry : default@ProcessStartupConfig cost memory 0.11130523681640625
[2026-09-18T17:18:34.714] [DEBUG] debug-file - Incremental task entry:default@CompileArkTS pre-execution cost: 3 ms .
[2026-09-18T17:18:34.727] [DEBUG] debug-file - A work dispatched to worker[7] failed because unable to get work from ready queue.
[2026-09-18T17:18:34.735] [INFO] debug-file - Finished :entry:default@BuildJS... after 1 ms 
[2026-09-18T17:18:34.738] [DEBUG] debug-file - entry : default@CacheNativeLibs cost memory 0.0875701904296875
[2026-09-18T17:18:34.699] [DEBUG] debug-file - restool module names: entry; moduleName=entry, taskName=default@CompileResource
[2026-09-18T17:18:34.644] [INFO] debug-file - UP-TO-DATE :entry:default@GeneratePkgContextInfo...  
[2026-09-18T17:18:34.649] [DEBUG] debug-file - runTaskFromQueue task cost before running: 1 s 214 ms 
[2026-09-18T17:18:34.586] [DEBUG] debug-file - hvigorfile, require result:  { default: { system: [Function: hapTasks], plugins: [] } }
[2026-09-18T17:18:34.595] [DEBUG] debug-file - Target 'default' config initialized
[2026-09-18T17:18:34.624] [DEBUG] debug-file - Executing task :entry:default@CreateModuleInfo
[2026-09-18T17:18:34.630] [DEBUG] debug-file - Executing task :entry:default@ConfigureCmake
[2026-09-18T17:18:34.676] [DEBUG] debug-file - entry : default@SyscapTransform cost memory 0.12429046630859375
[2026-09-18T17:18:34.709] [INFO] debug-file - UP-TO-DATE :entry:default@DoNativeStrip...  
[2026-09-18T17:18:34.683] [DEBUG] debug-file - runTaskFromQueue task cost before running: 1 s 249 ms 
[2026-09-18T17:18:34.721] [DEBUG] debug-file - build config:
[2026-09-18T17:18:34.727] [DEBUG] debug-file - A work dispatched to worker[6] failed because unable to get work from ready queue.
[2026-09-18T17:18:34.738] [INFO] debug-file - UP-TO-DATE :entry:default@CacheNativeLibs...  
[2026-09-18T17:18:34.644] [DEBUG] debug-file - Executing task :entry:default@GeneratePkgSdkInfo
[2026-09-18T17:18:34.649] [INFO] debug-file - Finished :entry:default@ProcessIntegratedHsp... after 1 ms 
[2026-09-18T17:18:34.586] [DEBUG] debug-file - hvigorfile, binding system plugins [Function: hapTasks]
[2026-09-18T17:18:34.596] [DEBUG] debug-file - Module 'entry' target 'default' build option initialized
[2026-09-18T17:18:34.625] [DEBUG] debug-file - Task 'entry:default@CreateModuleInfo' cost while wrapping incremental declarations: 1 ms 
[2026-09-18T17:18:34.630] [DEBUG] debug-file - entry : default@ConfigureCmake cost memory 0.0163116455078125
[2026-09-18T17:18:34.676] [DEBUG] debug-file - runTaskFromQueue task cost before running: 1 s 242 ms 
[2026-09-18T17:18:34.683] [INFO] debug-file - Finished :entry:default@ProcessStartupConfig... after 2 ms 
[2026-09-18T17:18:34.721] [DEBUG] debug-file - {
  moduleType: 'entry',
  perf: 0,
  targetName: '.default',
  packageManagerType: 'ohpm',
  localPropertiesPath: '/Users/yujiantao/DevEcoStudioProjects/bang/local.properties',
  isPreview: false,
  isOhosTest: false,
  isLocalTest: false,
  buildMode: 'Debug',
  hotReloadBuild: undefined,
  watchMode: 'false',
  aceProfilePath: '/Users/yujiantao/DevEcoStudioProjects/bang/entry/build/default/intermediates/res/default/resources/base/profile',
  etsLoaderPath: '/Applications/DevEco-Studio.app/Contents/sdk/default/openharmony/ets/build-tools/ets-loader',
  modulePath: '/Users/yujiantao/DevEcoStudioProjects/bang/entry',
  testFrameworkPar: {
    testMode: undefined,
    coveragePathFilter: undefined,
    coverageMode: undefined
  },
  needCoverageInsert: false,
  debugLine: false,
  projectTopDir: '/Users/yujiantao/DevEcoStudioProjects/bang',
  compileSdkVersion: 24,
  compatibleSdkVersion: 12,
  originCompatibleSdkVersion: '5.0.0(12)',
  compatibleSdkVersionStage: 'beta1',
  bundleName: 'c***g',
  etsLoaderVersion: '6.1.1.125',
  etsLoaderReleaseType: 'Release',
  aotCompileMode: 'type',
  apPath: '/Users/yujiantao/DevEcoStudioProjects/bang/entry/modules.ap',
  entryModuleName: 'entry',
  entryModuleVersion: '1.0.0',
  entryPackageName: 'entry',
  allModuleNameHash: 'a0f1f6b39c100346c0a0d6c2c78f06287901f29efd59bf9215abebb99973443a',
  externalApiPaths: [ '/Applications/DevEco-Studio.app/Contents/sdk/default/hms/ets' ],
  compilerTypes: [],
  isCrossplatform: false,
  hvigorPluginFile: undefined,
  compilePluginPath: undefined,
  buildGeneratedProfilePath: '/Users/yujiantao/DevEcoStudioProjects/bang/entry/build/default/generated/profile/default',
  bundleType: 'app',
  arkTSVersion: undefined,
  apiVersion: 24,
  needCompleteSourcesMap: false,
  isFaMode: false,
  buildDir: '/Users/yujiantao/DevEcoStudioProjects/bang/entry/build',
  deviceTypes: [ 'phone', 'tablet', '2in1', 'wearable' ],
  pkgContextInfo: {
    entry: {
      packageName: 'entry',
      bundleName: '*****',
      moduleName: '',
      version: '',
      entryPath: 'src/main/',
      isSO: false,
      dependencyAlias: ''
    }
  },
  ohPackagePathMap: {},
  dependencyAliasMap: {},
  permission: {
    requestPermissions: [ [Object], [Object], [Object], [Object] ],
    definePermissions: undefined
  },
  useGetCurrentBundleName: false,
  projectArkOption: undefined,
  sourceMapDir: undefined,
  branchElimination: false,
  transformLib: undefined,
  tsImportSendable: false,
  resolveConflictMode: true,
  depName2RootPath: {},
  depName2DepInfo: {},
  depName2OhExports: {},
  rootPathSet: [ '/Users/yujiantao/DevEcoStudioProjects/bang' ],
  useNativeResolver: true,
  shouldEmitJs: true,
  useTscResolve: false,
  singleFileEmit: false,
  userProjectConfig: {
    autoLazyImport: false,
    allowEmptyBundleName: false,
    reExportCheckMode: 'noCheck',
    executionMode: 'memory',
    usePathPlaceholder: false,
    writeRollupCache: true,
    isExpandImportEnabled: false,
    expandImportExclude: '',
    lazyImportExclude: '',
    lazyImportInclude: '',
    ignoreCrossplatformCheck: false,
    isHarDeduplicateEnabled: false,
    skipOhModulesLint: false,
    enableStrictCheckOHModule: false,
    disableSendableCheckRules: [],
    useDeclarationFileSignature: false,
    customizedOptions: undefined,
    integratedHsp: false,
    isPreloadSoEnabled: false
  },
  executionMode: 'memory',
  arkCompileCachePath: '/Users/yujiantao/DevEcoStudioProjects/bang/entry/build/default/cache/default/default@CompileArkTS/esmodule',
  autoLazyFilter: undefined,
  isHarDeduplicateEnabled: false,
  intermediateHarDuplicateDirPath: '/Users/yujiantao/DevEcoStudioProjects/bang/entry/build/default/intermediates/har_duplicate/default',
  autoLazyImport: false,
  allowEmptyBundleName: false,
  reExportCheckMode: 'noCheck',
  usePathPlaceholder: false,
  writeRollupCache: true,
  isExpandImportEnabled: false,
  expandImportExclude: '',
  lazyImportExclude: '',
  lazyImportInclude: '',
  ignoreCrossplatformCheck: false,
  skipOhModulesLint: false,
  enableStrictCheckOHModule: false,
  disableSendableCheckRules: [],
  useDeclarationFileSignature: false,
  customizedOptions: undefined,
  integratedHsp: false,
  isPreloadSoEnabled: false,
  strictMode: {
    caseSensitiveCheck: true,
    useNormalizedOHMUrl: true,
    noExternalImportByPath: true
  },
  useNormalizedOHMUrl: true,
  caseSensitiveCheck: true,
  strictCheckerOnly: false,
  aceModuleJsonPath: '/Users/yujiantao/DevEcoStudioProjects/bang/entry/build/default/intermediates/res/default/ark_module.json',
  appResource: '/Users/yujiantao/DevEcoStudioProjects/bang/entry/build/default/intermediates/res/default/ResourceTable.txt',
  rawFileResource: '/Users/yujiantao/DevEcoStudioProjects/bang/entry/build/default/intermediates/res/default/resources/rawfile',
  resourceTableHash: 'e9a7d39e4c0834ee806c9512474476824fbde80b6bf661c30b39b52146d38e7e',
  runtimeOS: 'HarmonyOS',
  sdkInfo: 'false:24:6.1.1.125:Release',
  aceModuleRoot: '/Users/yujiantao/DevEcoStudioProjects/bang/entry/src/main/ets',
  compileMode: 'esmodule',
  aceSuperVisualPath: '/Users/yujiantao/DevEcoStudioProjects/bang/entry/src/main/supervisual',
  aceBuildJson: '/Users/yujiantao/DevEcoStudioProjects/bang/entry/build/default/intermediates/loader/default/loader.json',
  cachePath: '/Users/yujiantao/DevEcoStudioProjects/bang/entry/build/default/cache/default/default@CompileArkTS/esmodule/debug',
  aceModuleBuild: '/Users/yujiantao/DevEcoStudioProjects/bang/entry/build/default/intermediates/loader_out/default/ets',
  supportChunks: true,
  declaredFilesPath: undefined,
  shouldCollectDirectImportees: false,
  isByteCodeHarOptimize: false,
  expandImportPath: undefined,
  resourceTableTs: '/Users/yujiantao/DevEcoStudioProjects/bang/entry/build/default/generated/r/default/ResourceTable.ts',
  moduleMetaInfoFiles: [
    {
      filePath: '/Users/yujiantao/DevEcoStudioProjects/bang/entry/build/default/generated/r/default/ResourceTable.ts',
      ohmurl: '&entry/build/generated/r/ResourceTable&'
    }
  ],
  pkgNameToPkgBriefInfo: {
    entry: {
      pkgRoot: '/Users/yujiantao/DevEcoStudioProjects/bang/entry',
      originalSourceRoots: undefined,
      sourceRoots: [Array],
      pkgName: 'entry'
    }
  },
  projectModel: {
    '/Users/yujiantao/DevEcoStudioProjects/bang/entry/src/main': {
      moduleName: 'entry',
      modulePkgPath: '/Users/yujiantao/DevEcoStudioProjects/bang/entry',
      belongProjectPath: '/Users/yujiantao/DevEcoStudioProjects/bang'
    },
    '/Users/yujiantao/DevEcoStudioProjects/bang/entry': {
      moduleName: 'entry',
      modulePkgPath: '/Users/yujiantao/DevEcoStudioProjects/bang/entry',
      belongProjectPath: '/Users/yujiantao/DevEcoStudioProjects/bang'
    },
    '/Users/yujiantao/DevEcoStudioProjects/bang': {
      moduleName: 'bang',
      modulePkgPath: '/Users/yujiantao/DevEcoStudioProjects/bang',
      belongProjectPath: '/Users/yujiantao/DevEcoStudioProjects/bang'
    }
  },
  pkgJsonFileHash: '40b1841bbf357057c65feb3ac28ea243d081eae1882bb847cf02bca9ce23c51d',
  allModulePaths: [ '/Users/yujiantao/DevEcoStudioProjects/bang/entry' ],
  routerMap: {},
  obfuscationOptions: undefined,
  byteCodeHarToDependencyKeys: undefined,
  compileBlockPkg: [],
  mockParams: {
    decorator: '@MockSetup',
    packageName: '@ohos/hamock',
    etsSourceRootPath: 'src/main/ets',
    mockConfigPath: undefined,
    mockConfigKey2ModuleInfo: {},
    source2ModuleIdMap: {}
  },
  copyCodeResourceEnable: false,
  copyCodeResourceExcludes: [],
  copyCodeResourceIncludes: undefined,
  uiTransformOptimization: false,
  sdkPath: '/Applications/DevEco-Studio.app/Contents/sdk',
  needPreloadSoFileSet: {},
  preloadSoFilePath: '/Users/yujiantao/DevEcoStudioProjects/bang/entry/build/default/intermediates/preload/default/preload.json',
  useSourceHash: false,
  localModuleParamMap: {},
  otherPaths: {
    'entry/*': [ '../*', '../../../build/default/generated/profile/default/*' ]
  },
  collectImportersConfig: undefined
}
[2026-09-18T17:18:34.727] [DEBUG] debug-file - A work dispatched to worker[5] failed because unable to get work from ready queue.
[2026-09-18T17:18:34.645] [DEBUG] debug-file - Task 'entry:default@GeneratePkgSdkInfo' cost while wrapping incremental declarations: 1 ms 
[2026-09-18T17:18:34.586] [DEBUG] debug-file - Starting plugin build process
[2026-09-18T17:18:34.596] [DEBUG] debug-file - End initialize module-target build option map, moduleName=entry
[2026-09-18T17:18:34.625] [DEBUG] debug-file - entry : default@CreateModuleInfo cost memory 0.064422607421875
[2026-09-18T17:18:34.630] [DEBUG] debug-file - runTaskFromQueue task cost before running: 1 s 195 ms 
[2026-09-18T17:18:34.676] [INFO] debug-file - Finished :entry:default@SyscapTransform... after 18 ms 
[2026-09-18T17:18:34.721] [DEBUG] debug-file - Compile arkts with external api path: /Applications/DevEco-Studio.app/Contents/sdk/default/hms/ets
[2026-09-18T17:18:34.727] [DEBUG] debug-file - Create  resident worker with id: 4.
[2026-09-18T17:18:34.645] [DEBUG] debug-file - entry : default@GeneratePkgSdkInfo cost memory 0.1334991455078125
[2026-09-18T17:18:34.586] [DEBUG] debug-file - Hap plugin creating...
[2026-09-18T17:18:34.596] [DEBUG] debug-file - Start initialize module-target build option map, moduleName=entry, buildMode=debug
[2026-09-18T17:18:34.625] [DEBUG] debug-file - runTaskFromQueue task cost before running: 1 s 191 ms 
[2026-09-18T17:18:34.630] [INFO] debug-file - Finished :entry:default@ConfigureCmake... after 1 ms 
[2026-09-18T17:18:34.722] [DEBUG] debug-file - Since there is no instance or instance is terminated, create a new worker pool.
[2026-09-18T17:18:34.728] [DEBUG] debug-file - default@CompileArkTS work[0] has been dispatched to worker[4].
[2026-09-18T17:18:34.645] [DEBUG] debug-file - runTaskFromQueue task cost before running: 1 s 211 ms 
[2026-09-18T17:18:34.596] [DEBUG] debug-file - Target 'default' config initialized
[2026-09-18T17:18:34.625] [INFO] debug-file - Finished :entry:default@CreateModuleInfo... after 1 ms 
[2026-09-18T17:18:34.631] [DEBUG] debug-file - Executing task :entry:default@MergeProfile
[2026-09-18T17:18:34.722] [DEBUG] debug-file - Worker pool is initialized with config:  {
  minPoolNum: 2,
  maxPoolNum: undefined,
  maxCoreSize: undefined,
  cacheCapacity: undefined,
  cacheTtl: undefined
}
[2026-09-18T17:18:34.728] [DEBUG] debug-file - default@CompileArkTS work[0] is dispatched.
[2026-09-18T17:18:34.645] [INFO] debug-file - Finished :entry:default@GeneratePkgSdkInfo... after 1 ms 
[2026-09-18T17:18:34.596] [DEBUG] debug-file - Module 'entry' target 'default' build option initialized
[2026-09-18T17:18:34.631] [DEBUG] debug-file - Task 'entry:default@MergeProfile' cost while wrapping incremental declarations: 1 ms 
[2026-09-18T17:18:34.728] [DEBUG] debug-file - entry : default@CompileArkTS cost memory 2.0176315307617188
[2026-09-18T17:18:34.596] [DEBUG] debug-file - End initialize module-target build option map, moduleName=entry
[2026-09-18T17:18:34.632] [DEBUG] debug-file - Incremental task entry:default@MergeProfile pre-execution cost: 1 ms .
[2026-09-18T17:18:34.596] [DEBUG] debug-file - Obtain build option for module 'entry' target 'default'in this build.
[2026-09-18T17:18:34.632] [DEBUG] debug-file - entry : default@MergeProfile cost memory 0.12322998046875
[2026-09-18T17:18:34.599] [DEBUG] debug-file - Module entry task initialization takes 3 ms 
[2026-09-18T17:18:34.633] [INFO] debug-file - UP-TO-DATE :entry:default@MergeProfile...  
[2026-09-18T17:18:34.599] [DEBUG] debug-file - Hap plugin register hook start...
[2026-09-18T17:18:34.599] [DEBUG] debug-file - Hap plugin register hook end...
[2026-09-18T17:18:34.599] [DEBUG] debug-file - Plugin build process completed
[2026-09-18T17:18:34.599] [DEBUG] debug-file - hvigorfile, begin to bind custom plugins...
[2026-09-18T17:18:34.599] [DEBUG] debug-file - hvigorfile, no custom plugins were found in /Users/yujiantao/DevEcoStudioProjects/bang/entry/hvigorfile.ts
[2026-09-18T17:18:34.599] [DEBUG] debug-file - hvigorfile, resolve finished /Users/yujiantao/DevEcoStudioProjects/bang/entry/hvigorfile.ts
[2026-09-18T17:18:40.895] [WARN] debug-file - [33mWARN: [33m[33mArkTS:WARN File: /Users/yujiantao/DevEcoStudioProjects/bang/entry/src/main/ets/service/SystemTrainingService.ets:98:75
 The system capacity of this api 'resultCode' is not supported on all devices
[39m[39m
[33mWARN: [33m[33mArkTS:WARN File: /Users/yujiantao/DevEcoStudioProjects/bang/entry/src/main/ets/service/SystemTrainingService.ets:98:105
 The system capacity of this api 'message' is not supported on all devices
[39m[39m
[33mWARN: [33m[33mArkTS:WARN File: /Users/yujiantao/DevEcoStudioProjects/bang/entry/src/main/ets/service/SystemTrainingService.ets:156:53
 The system capacity of this api 'liveViewManager' is not supported on all devices
[39m[39m
[33mWARN: [33m[33mArkTS:WARN File: /Users/yujiantao/DevEcoStudioProjects/bang/entry/src/main/ets/service/SystemTrainingService.ets:156:69
 The system capacity of this api 'isLiveViewEnabled' is not supported on all devices
[39m[39m
[33mWARN: [33m[33mArkTS:WARN File: /Users/yujiantao/DevEcoStudioProjects/bang/entry/src/main/ets/service/SystemTrainingService.ets:271:51
 The system capacity of this api 'liveViewManager' is not supported on all devices
[39m[39m
[33mWARN: [33m[33mArkTS:WARN File: /Users/yujiantao/DevEcoStudioProjects/bang/entry/src/main/ets/service/SystemTrainingService.ets:271:67
 The system capacity of this api 'stopLiveView' is not supported on all devices
[39m[39m
[33mWARN: [33m[33mArkTS:WARN File: /Users/yujiantao/DevEcoStudioProjects/bang/entry/src/main/ets/service/SystemTrainingService.ets:304:22
 The system capacity of this api 'liveViewManager' is not supported on all devices
[39m[39m
[33mWARN: [33m[33mArkTS:WARN File: /Users/yujiantao/DevEcoStudioProjects/bang/entry/src/main/ets/service/SystemTrainingService.ets:304:38
 The system capacity of this api 'getActiveLiveView' is not supported on all devices
[39m[39m
[33mWARN: [33m[33mArkTS:WARN File: /Users/yujiantao/DevEcoStudioProjects/bang/entry/src/main/ets/service/SystemTrainingService.ets:311:43
 The system capacity of this api 'sequence' is not supported on all devices
[39m[39m
[33mWARN: [33m[33mArkTS:WARN File: /Users/yujiantao/DevEcoStudioProjects/bang/entry/src/main/ets/service/SystemTrainingService.ets:311:79
 The system capacity of this api 'sequence' is not supported on all devices
[39m[39m
[33mWARN: [33m[33mArkTS:WARN File: /Users/yujiantao/DevEcoStudioProjects/bang/entry/src/main/ets/service/SystemTrainingService.ets:315:51
 The system capacity of this api 'liveViewManager' is not supported on all devices
[39m[39m
[33mWARN: [33m[33mArkTS:WARN File: /Users/yujiantao/DevEcoStudioProjects/bang/entry/src/main/ets/service/SystemTrainingService.ets:315:67
 The system capacity of this api 'stopLiveView' is not supported on all devices
[39m[39m
[33mWARN: [33m[33mArkTS:WARN File: /Users/yujiantao/DevEcoStudioProjects/bang/entry/src/main/ets/service/SystemTrainingService.ets:335:107
 The system capacity of this api 'liveViewManager' is not supported on all devices
[39m[39m
[33mWARN: [33m[33mArkTS:WARN File: /Users/yujiantao/DevEcoStudioProjects/bang/entry/src/main/ets/service/SystemTrainingService.ets:335:123
 The system capacity of this api 'startLiveView' is not supported on all devices
[39m[39m
[33mWARN: [33m[33mArkTS:WARN File: /Users/yujiantao/DevEcoStudioProjects/bang/entry/src/main/ets/service/SystemTrainingService.ets:336:27
 The system capacity of this api 'resultCode' is not supported on all devices
[39m[39m
[33mWARN: [33m[33mArkTS:WARN File: /Users/yujiantao/DevEcoStudioProjects/bang/entry/src/main/ets/service/SystemTrainingService.ets:337:69
 The system capacity of this api 'resultCode' is not supported on all devices
[39m[39m
[33mWARN: [33m[33mArkTS:WARN File: /Users/yujiantao/DevEcoStudioProjects/bang/entry/src/main/ets/service/SystemTrainingService.ets:337:104
 The system capacity of this api 'message' is not supported on all devices
[39m[39m
[33mWARN: [33m[33mArkTS:WARN File: /Users/yujiantao/DevEcoStudioProjects/bang/entry/src/main/ets/service/SystemTrainingService.ets:340:88
 The system capacity of this api 'resultCode' is not supported on all devices
[39m[39m
[33mWARN: [33m[33mArkTS:WARN File: /Users/yujiantao/DevEcoStudioProjects/bang/entry/src/main/ets/service/SystemTrainingService.ets:348:109
 The system capacity of this api 'liveViewManager' is not supported on all devices
[39m[39m
[33mWARN: [33m[33mArkTS:WARN File: /Users/yujiantao/DevEcoStudioProjects/bang/entry/src/main/ets/service/SystemTrainingService.ets:348:125
 The system capacity of this api 'startLiveView' is not supported on all devices
[39m[39m
[33mWARN: [33m[33mArkTS:WARN File: /Users/yujiantao/DevEcoStudioProjects/bang/entry/src/main/ets/service/SystemTrainingService.ets:349:29
 The system capacity of this api 'resultCode' is not supported on all devices
[39m[39m
[33mWARN: [33m[33mArkTS:WARN File: /Users/yujiantao/DevEcoStudioProjects/bang/entry/src/main/ets/service/SystemTrainingService.ets:350:77
 The system capacity of this api 'resultCode' is not supported on all devices
[39m[39m
[33mWARN: [33m[33mArkTS:WARN File: /Users/yujiantao/DevEcoStudioProjects/bang/entry/src/main/ets/service/SystemTrainingService.ets:350:112
 The system capacity of this api 'message' is not supported on all devices
[39m[39m
[33mWARN: [33m[33mArkTS:WARN File: /Users/yujiantao/DevEcoStudioProjects/bang/entry/src/main/ets/service/SystemTrainingService.ets:353:96
 The system capacity of this api 'resultCode' is not supported on all devices
[39m[39m
[33mWARN: [33m[33mArkTS:WARN File: /Users/yujiantao/DevEcoStudioProjects/bang/entry/src/main/ets/service/SystemTrainingService.ets:362:98
 The system capacity of this api 'liveViewManager' is not supported on all devices
[39m[39m
[33mWARN: [33m[33mArkTS:WARN File: /Users/yujiantao/DevEcoStudioProjects/bang/entry/src/main/ets/service/SystemTrainingService.ets:362:114
 The system capacity of this api 'updateLiveView' is not supported on all devices
[39m[39m
[33mWARN: [33m[33mArkTS:WARN File: /Users/yujiantao/DevEcoStudioProjects/bang/entry/src/main/ets/service/SystemTrainingService.ets:363:18
 The system capacity of this api 'resultCode' is not supported on all devices
[39m[39m
[33mWARN: [33m[33mArkTS:WARN File: /Users/yujiantao/DevEcoStudioProjects/bang/entry/src/main/ets/service/SystemTrainingService.ets:364:61
 The system capacity of this api 'resultCode' is not supported on all devices
[39m[39m
[33mWARN: [33m[33mArkTS:WARN File: /Users/yujiantao/DevEcoStudioProjects/bang/entry/src/main/ets/service/SystemTrainingService.ets:364:91
 The system capacity of this api 'message' is not supported on all devices
[39m[39m
[33mWARN: [33m[33mArkTS:WARN File: /Users/yujiantao/DevEcoStudioProjects/bang/entry/src/main/ets/service/SystemTrainingService.ets:366:80
 The system capacity of this api 'resultCode' is not supported on all devices
[39m[39m
[33mWARN: [33m[33mArkTS:WARN File: /Users/yujiantao/DevEcoStudioProjects/bang/entry/src/main/ets/service/SystemTrainingService.ets:375:58
 The system capacity of this api 'liveViewManager' is not supported on all devices
[39m[39m
[33mWARN: [33m[33mArkTS:WARN File: /Users/yujiantao/DevEcoStudioProjects/bang/entry/src/main/ets/service/SystemTrainingService.ets:375:74
 The system capacity of this api 'getActiveLiveView' is not supported on all devices
[39m[39m
[33mWARN: [33m[33mArkTS:WARN File: /Users/yujiantao/DevEcoStudioProjects/bang/entry/src/main/ets/service/SystemTrainingService.ets:376:49
 The system capacity of this api 'sequence' is not supported on all devices
[39m[39m
[33mWARN: [33m[33mArkTS:WARN File: /Users/yujiantao/DevEcoStudioProjects/bang/entry/src/main/ets/service/SystemTrainingService.ets:376:85
 The system capacity of this api 'sequence' is not supported on all devices
[39m[39m
[33mWARN: [33m[33mArkTS:WARN File: /Users/yujiantao/DevEcoStudioProjects/bang/entry/src/main/ets/service/SystemTrainingService.ets:381:110
 The system capacity of this api 'liveViewManager' is not supported on all devices
[39m[39m
[33mWARN: [33m[33mArkTS:WARN File: /Users/yujiantao/DevEcoStudioProjects/bang/entry/src/main/ets/service/SystemTrainingService.ets:381:126
 The system capacity of this api 'updateLiveView' is not supported on all devices
[39m[39m
[33mWARN: [33m[33mArkTS:WARN File: /Users/yujiantao/DevEcoStudioProjects/bang/entry/src/main/ets/service/SystemTrainingService.ets:382:30
 The system capacity of this api 'resultCode' is not supported on all devices
[39m[39m
[33mWARN: [33m[33mArkTS:WARN File: /Users/yujiantao/DevEcoStudioProjects/bang/entry/src/main/ets/service/SystemTrainingService.ets:384:101
 The system capacity of this api 'resultCode' is not supported on all devices
[39m[39m
[33mWARN: [33m[33mArkTS:WARN File: /Users/yujiantao/DevEcoStudioProjects/bang/entry/src/main/ets/service/SystemTrainingService.ets:387:71
 The system capacity of this api 'resultCode' is not supported on all devices
[39m[39m
[33mWARN: [33m[33mArkTS:WARN File: /Users/yujiantao/DevEcoStudioProjects/bang/entry/src/main/ets/service/SystemTrainingService.ets:387:109
 The system capacity of this api 'message' is not supported on all devices
[39m[39m
[33mWARN: [33m[33mArkTS:WARN File: /Users/yujiantao/DevEcoStudioProjects/bang/entry/src/main/ets/service/SystemTrainingService.ets:602:19
 The system capacity of this api 'liveViewManager' is not supported on all devices
[39m[39m
[33mWARN: [33m[33mArkTS:WARN File: /Users/yujiantao/DevEcoStudioProjects/bang/entry/src/main/ets/service/SystemTrainingService.ets:602:35
 The system capacity of this api 'ExtensionType' is not supported on all devices
[39m[39m
[33mWARN: [33m[33mArkTS:WARN File: /Users/yujiantao/DevEcoStudioProjects/bang/entry/src/main/ets/service/SystemTrainingService.ets:602:49
 The system capacity of this api 'EXTENSION_TYPE_CAPSULE_TEXT' is not supported on all devices
[39m[39m
[33mWARN: [33m[33mArkTS:WARN File: /Users/yujiantao/DevEcoStudioProjects/bang/entry/src/main/ets/service/SystemTrainingService.ets:606:25
 The system capacity of this api 'liveViewManager' is not supported on all devices
[39m[39m
[33mWARN: [33m[33mArkTS:WARN File: /Users/yujiantao/DevEcoStudioProjects/bang/entry/src/main/ets/service/SystemTrainingService.ets:606:41
 The system capacity of this api 'LayoutType' is not supported on all devices
[39m[39m
[33mWARN: [33m[33mArkTS:WARN File: /Users/yujiantao/DevEcoStudioProjects/bang/entry/src/main/ets/service/SystemTrainingService.ets:606:52
 The system capacity of this api 'LAYOUT_TYPE_PROGRESS' is not supported on all devices
[39m[39m
[33mWARN: [33m[33mArkTS:WARN File: /Users/yujiantao/DevEcoStudioProjects/bang/entry/src/main/ets/service/SystemTrainingService.ets:610:28
 The system capacity of this api 'liveViewManager' is not supported on all devices
[39m[39m
[33mWARN: [33m[33mArkTS:WARN File: /Users/yujiantao/DevEcoStudioProjects/bang/entry/src/main/ets/service/SystemTrainingService.ets:610:44
 The system capacity of this api 'IndicatorType' is not supported on all devices
[39m[39m
[33mWARN: [33m[33mArkTS:WARN File: /Users/yujiantao/DevEcoStudioProjects/bang/entry/src/main/ets/service/SystemTrainingService.ets:610:58
 The system capacity of this api 'INDICATOR_TYPE_UNDISPLAYED' is not supported on all devices
[39m[39m
[33mWARN: [33m[33mArkTS:WARN File: /Users/yujiantao/DevEcoStudioProjects/bang/entry/src/main/ets/service/SystemTrainingService.ets:611:23
 The system capacity of this api 'liveViewManager' is not supported on all devices
[39m[39m
[33mWARN: [33m[33mArkTS:WARN File: /Users/yujiantao/DevEcoStudioProjects/bang/entry/src/main/ets/service/SystemTrainingService.ets:611:39
 The system capacity of this api 'LineType' is not supported on all devices
[39m[39m
[33mWARN: [33m[33mArkTS:WARN File: /Users/yujiantao/DevEcoStudioProjects/bang/entry/src/main/ets/service/SystemTrainingService.ets:611:48
 The system capacity of this api 'LINE_TYPE_THICK_SOLID_LINE' is not supported on all devices
[39m[39m
[33mWARN: [33m[33mArkTS:WARN File: /Users/yujiantao/DevEcoStudioProjects/bang/entry/src/main/ets/service/SystemTrainingService.ets:623:17
 The system capacity of this api 'liveViewManager' is not supported on all devices
[39m[39m
[33mWARN: [33m[33mArkTS:WARN File: /Users/yujiantao/DevEcoStudioProjects/bang/entry/src/main/ets/service/SystemTrainingService.ets:623:33
 The system capacity of this api 'CapsuleType' is not supported on all devices
[39m[39m
[33mWARN: [33m[33mArkTS:WARN File: /Users/yujiantao/DevEcoStudioProjects/bang/entry/src/main/ets/service/SystemTrainingService.ets:623:45
 The system capacity of this api 'CAPSULE_TYPE_TIMER' is not supported on all devices
[39m[39m
[33mWARN: [33m[33mArkTS:WARN File: /Users/yujiantao/DevEcoStudioProjects/bang/entry/src/main/ets/service/VoiceService.ets:118:27
 The system capacity of this api 'stop' is not supported on all devices
[39m[39m
[33mWARN: [33m[33mArkTS:WARN File: /Users/yujiantao/DevEcoStudioProjects/bang/entry/src/main/ets/service/VoiceService.ets:189:31
 The system capacity of this api 'shutdown' is not supported on all devices
[39m[39m
[33mWARN: [33m[33mArkTS:WARN File: /Users/yujiantao/DevEcoStudioProjects/bang/entry/src/main/ets/service/VoiceService.ets:191:37
 The system capacity of this api 'textToSpeech' is not supported on all devices
[39m[39m
[33mWARN: [33m[33mArkTS:WARN File: /Users/yujiantao/DevEcoStudioProjects/bang/entry/src/main/ets/service/VoiceService.ets:191:50
 The system capacity of this api 'createEngine' is not supported on all devices
[39m[39m
[33mWARN: [33m[33mArkTS:WARN File: /Users/yujiantao/DevEcoStudioProjects/bang/entry/src/main/ets/service/VoiceService.ets:203:29
 The system capacity of this api 'setListener' is not supported on all devices
[39m[39m
[33mWARN: [33m[33mArkTS:WARN File: /Users/yujiantao/DevEcoStudioProjects/bang/entry/src/main/ets/service/VoiceService.ets:213:27
 The system capacity of this api 'speak' is not supported on all devices
[39m[39m

[2026-09-18T17:18:40.895] [DEBUG] debug-file - Ark compile task finished.finished time is 1498482790090833
[2026-09-18T17:18:40.898] [DEBUG] debug-file - worker[4] has one work done.
[2026-09-18T17:18:40.902] [DEBUG] debug-file - default@CompileArkTS work[0] done.
[2026-09-18T17:18:40.920] [DEBUG] debug-file - default@PackageHap work[1] is submitted.
[2026-09-18T17:18:40.911] [DEBUG] debug-file - Executing task :entry:default@PackageHap
[2026-09-18T17:18:40.920] [DEBUG] debug-file - default@PackageHap work[1] is pushed to ready queue.
[2026-09-18T17:18:40.902] [DEBUG] debug-file - A work dispatched to worker[4] failed because unable to get work from ready queue.
[2026-09-18T17:18:40.920] [DEBUG] debug-file - A work dispatched to worker[7] failed because unable to get work from ready queue.
[2026-09-18T17:18:40.904] [INFO] debug-file - Finished :entry:default@CompileArkTS... after 5 s 351 ms 
[2026-09-18T17:18:40.918] [DEBUG] debug-file - entry:default@PackageHap is not up-to-date, since the input file '/Users/yujiantao/DevEcoStudioProjects/bang/entry/build/default/intermediates/loader_out/default/ets' has been changed.
[2026-09-18T17:18:40.920] [DEBUG] debug-file - Create  resident worker with id: 6.
[2026-09-18T17:18:40.906] [DEBUG] debug-file - Executing task :entry:default@GeneratePkgModuleJson
[2026-09-18T17:18:40.919] [DEBUG] debug-file - Incremental task entry:default@PackageHap pre-execution cost: 5 ms .
[2026-09-18T17:18:40.921] [DEBUG] debug-file - default@PackageHap work[1] has been dispatched to worker[6].
[2026-09-18T17:18:40.906] [DEBUG] debug-file - File: '/Users/yujiantao/DevEcoStudioProjects/bang/entry/build/default/intermediates/preload/default/preload.json' from 'preloadSoJsonPath' is not exists, just ignore.
[2026-09-18T17:18:40.919] [DEBUG] debug-file - Use tool [/Applications/DevEco-Studio.app/Contents/sdk/default/openharmony/toolchains/lib/app_packing_tool.jar]
 [
  'java',
  '-Dfile.encoding=utf-8',
  '-jar',
  '/Applications/DevEco-Studio.app/Contents/sdk/default/openharmony/toolchains/lib/app_packing_tool.jar',
  '--mode',
  'hap',
  '--force',
  'true',
  '--lib-path',
  '/Users/yujiantao/DevEcoStudioProjects/bang/entry/build/default/intermediates/stripped_native_libs/default',
  '--json-path',
  '/Users/yujiantao/DevEcoStudioProjects/bang/entry/build/default/intermediates/package/default/module.json',
  '--resources-path',
  '/Users/yujiantao/DevEcoStudioProjects/bang/entry/build/default/intermediates/res/default/resources',
  '--index-path',
  '/Users/yujiantao/DevEcoStudioProjects/bang/entry/build/default/intermediates/res/default/resources.index',
  '--pack-info-path',
  '/Users/yujiantao/DevEcoStudioProjects/bang/entry/build/default/outputs/default/pack.info',
  '--out-path',
  '/Users/yujiantao/DevEcoStudioProjects/bang/entry/build/default/outputs/default/entry-default-unsigned.hap',
  '--ets-path',
  '/Users/yujiantao/DevEcoStudioProjects/bang/entry/build/default/intermediates/loader_out/default/ets',
  '--pkg-context-path',
  '/Users/yujiantao/DevEcoStudioProjects/bang/entry/build/default/intermediates/loader/default/pkgContextInfo.json'
]
[2026-09-18T17:18:40.921] [DEBUG] debug-file - default@PackageHap work[1] is dispatched.
[2026-09-18T17:18:40.907] [DEBUG] debug-file - Error occurs while handling @Input 'shouldDeduplicateHar': The "data" argument must be of type string or an instance of Buffer, TypedArray, or DataView. Received undefined
[2026-09-18T17:18:40.923] [DEBUG] debug-file - entry : default@PackageHap cost memory 0.6776885986328125
[2026-09-18T17:18:40.907] [DEBUG] debug-file - Task 'entry:default@GeneratePkgModuleJson' cost while wrapping incremental declarations: 1 ms 
[2026-09-18T17:18:40.907] [DEBUG] debug-file - Incremental task entry:default@GeneratePkgModuleJson pre-execution cost: 1 ms .
[2026-09-18T17:18:40.907] [DEBUG] debug-file - entry : default@GeneratePkgModuleJson cost memory 0.07775115966796875
[2026-09-18T17:18:40.907] [INFO] debug-file - UP-TO-DATE :entry:default@GeneratePkgModuleJson...  
[2026-09-18T17:18:40.908] [DEBUG] debug-file - Executing task :entry:default@ProcessCompiledResources
[2026-09-18T17:18:40.908] [DEBUG] debug-file - File: '/Users/yujiantao/DevEcoStudioProjects/bang/entry/build/default/intermediates/preload/default/preload.json' from 'preloadSoJsonPath' is not exists, just ignore.
[2026-09-18T17:18:40.908] [DEBUG] debug-file - Task 'entry:default@ProcessCompiledResources' cost while wrapping incremental declarations: 1 ms 
[2026-09-18T17:18:40.908] [DEBUG] debug-file - entry : default@ProcessCompiledResources cost memory 0.155120849609375
[2026-09-18T17:18:40.908] [DEBUG] debug-file - runTaskFromQueue task cost before running: 7 s 474 ms 
[2026-09-18T17:18:40.908] [INFO] debug-file - Finished :entry:default@ProcessCompiledResources... after 1 ms 
[2026-09-18T17:18:41.310] [DEBUG] debug-file - current process  memoryUsage: {
  rss: 493436928,
  heapTotal: 78184448,
  heapUsed: 54134336,
  external: 3666901,
  arrayBuffers: 18667
} os memoryUsage :15.899200439453125
[2026-09-18T17:18:41.720] [DEBUG] debug-file - worker[6] has one work done.
[2026-09-18T17:18:41.720] [DEBUG] debug-file - default@PackageHap work[1] done.
[2026-09-18T17:18:41.721] [DEBUG] debug-file - Executing task :entry:default@PackingCheck
[2026-09-18T17:18:41.720] [DEBUG] debug-file - A work dispatched to worker[6] failed because unable to get work from ready queue.
[2026-09-18T17:18:41.726] [DEBUG] debug-file - entry : default@PackingCheck cost memory 0.6723251342773438
[2026-09-18T17:18:41.739] [DEBUG] debug-file - current process  memoryUsage: {
  rss: 409518080,
  heapTotal: 160022528,
  heapUsed: 130902648,
  external: 3851769,
  arrayBuffers: 131542
} os memoryUsage :15.854171752929688
[2026-09-18T17:18:41.728] [DEBUG] debug-file - Executing task :entry:default@SignHap
[2026-09-18T17:18:41.720] [INFO] debug-file - Finished :entry:default@PackageHap... after 423 ms 
[2026-09-18T17:18:41.726] [DEBUG] debug-file - runTaskFromQueue task cost before running: 8 s 292 ms 
[2026-09-18T17:18:41.728] [DEBUG] debug-file - entry:default@SignHap is not up-to-date, since the input file '/Users/yujiantao/DevEcoStudioProjects/bang/entry/build/default/outputs/default/entry-default-unsigned.hap' has been changed.
[2026-09-18T17:18:41.727] [INFO] debug-file - Finished :entry:default@PackingCheck... after 6 ms 
[2026-09-18T17:18:41.728] [DEBUG] debug-file - Incremental task entry:default@SignHap pre-execution cost: 1 ms .
[2026-09-18T17:18:42.119] [DEBUG] debug-file - 09-18 17:18:42.119  INFO - Start verify-profile

[2026-09-18T17:18:42.298] [DEBUG] debug-file - 09-18 17:18:42.298  INFO - verify-profile success

[2026-09-18T17:18:42.317] [DEBUG] debug-file - current process  memoryUsage: {
  rss: 351223808,
  heapTotal: 160022528,
  heapUsed: 131308240,
  external: 3851881,
  arrayBuffers: 131654
} os memoryUsage :15.83123779296875
[2026-09-18T17:18:42.697] [DEBUG] debug-file - 09-18 17:18:42.697  INFO - Start sign-app

[2026-09-18T17:18:42.815] [DEBUG] debug-file - 09-18 17:18:42.815  INFO - certificate in profile: 俞建涛(1389902721670239361)\,Development

[2026-09-18T17:18:42.848] [DEBUG] debug-file - 09-18 17:18:42.848  INFO - Start to sign code.

[2026-09-18T17:18:42.851] [DEBUG] debug-file - 09-18 17:18:42.851  INFO - profile type is: debug

[2026-09-18T17:18:42.868] [DEBUG] debug-file - 09-18 17:18:42.867  INFO - /Users/yujiantao/.ohos/config/auto_bang_7YrzqJE1rIOdvZ_BTS9A9UF3By8y4SWYB3-MGJb9VSs=.p12 is exist. Try to load it with given passwd

[2026-09-18T17:18:43.008] [DEBUG] debug-file - 09-18 17:18:43.007  INFO - Create a sign info successfully.

[2026-09-18T17:18:43.015] [DEBUG] debug-file - 09-18 17:18:43.015  INFO - Create a sign info successfully.

[2026-09-18T17:18:43.020] [DEBUG] debug-file - 09-18 17:18:43.019  INFO - No native libs.

[2026-09-18T17:18:43.022] [DEBUG] debug-file - 09-18 17:18:43.021  INFO - Sign successfully.

[2026-09-18T17:18:43.039] [DEBUG] debug-file - 09-18 17:18:43.039  INFO - Add sign data in sign info list success.

[2026-09-18T17:18:43.042] [DEBUG] debug-file - 09-18 17:18:43.042  INFO - Generate signing block success, begin write it to output file

[2026-09-18T17:18:43.043] [DEBUG] debug-file - 09-18 17:18:43.043  INFO - Sign Hap success!

[2026-09-18T17:18:43.043] [DEBUG] debug-file - 09-18 17:18:43.043  INFO - sign-app success

[2026-09-18T17:18:43.064] [DEBUG] debug-file - entry : default@SignHap cost memory 1.0549850463867188
[2026-09-18T17:18:43.064] [DEBUG] debug-file - runTaskFromQueue task cost before running: 9 s 630 ms 
[2026-09-18T17:18:43.066] [DEBUG] debug-file - Executing task :entry:default@CollectDebugSymbol
[2026-09-18T17:18:43.065] [INFO] debug-file - Finished :entry:default@SignHap... after 1 s 337 ms 
[2026-09-18T17:18:43.066] [DEBUG] debug-file - entry : default@CollectDebugSymbol cost memory 0.0896453857421875
[2026-09-18T17:18:43.066] [DEBUG] debug-file - runTaskFromQueue task cost before running: 9 s 632 ms 
[2026-09-18T17:18:43.066] [INFO] debug-file - Finished :entry:default@CollectDebugSymbol... after 1 ms 
[2026-09-18T17:18:43.066] [DEBUG] debug-file - Executing task :entry:assembleHap
[2026-09-18T17:18:43.066] [DEBUG] debug-file - entry : assembleHap cost memory 0.0158538818359375
[2026-09-18T17:18:43.066] [DEBUG] debug-file - runTaskFromQueue task cost before running: 9 s 632 ms 
[2026-09-18T17:18:43.066] [INFO] debug-file - Finished :entry:assembleHap... after 1 ms 
[2026-09-18T17:18:43.067] [INFO] debug-file - BUILD SUCCESSFUL in 9 s 633 ms 
[2026-09-18T17:18:43.068] [DEBUG] debug-file - There is no need to refresh cache, since the incremental task entry:default@PreBuild is up-to-date.
[2026-09-18T17:18:43.068] [DEBUG] debug-file - Update task entry:default@CreateModuleInfo output file:/Users/yujiantao/DevEcoStudioProjects/bang/entry/build/default/generated/profile/default/ModuleInfo.ts cache.
[2026-09-18T17:18:43.068] [DEBUG] debug-file - Incremental task entry:default@CreateModuleInfo post-execution cost:1 ms .
[2026-09-18T17:18:43.068] [DEBUG] debug-file - There is no need to refresh cache, since the incremental task entry:default@GenerateMetadata is up-to-date.
[2026-09-18T17:18:43.068] [DEBUG] debug-file - There is no need to refresh cache, since the incremental task entry:default@MergeProfile is up-to-date.
[2026-09-18T17:18:43.068] [DEBUG] debug-file - There is no need to refresh cache, since the incremental task entry:default@CreateBuildProfile is up-to-date.
[2026-09-18T17:18:43.068] [DEBUG] debug-file - There is no need to refresh cache, since the incremental task entry:default@GeneratePkgContextInfo is up-to-date.
[2026-09-18T17:18:43.068] [DEBUG] debug-file - Update task entry:default@GeneratePkgSdkInfo output file:/Users/yujiantao/DevEcoStudioProjects/bang/entry/build/default/intermediates/loader/default/pkgSdkInfo.json cache.
[2026-09-18T17:18:43.068] [DEBUG] debug-file - Incremental task entry:default@GeneratePkgSdkInfo post-execution cost:1 ms .
[2026-09-18T17:18:43.068] [DEBUG] debug-file - Update task entry:default@ProcessIntegratedHsp output file:/Users/yujiantao/DevEcoStudioProjects/bang/build/cache/default/integrated_hsp/integratedHspCache.json cache.
[2026-09-18T17:18:43.068] [DEBUG] debug-file - Incremental task entry:default@ProcessIntegratedHsp post-execution cost:1 ms .
[2026-09-18T17:18:43.068] [DEBUG] debug-file - There is no need to refresh cache, since the incremental task entry:default@MakePackInfo is up-to-date.
[2026-09-18T17:18:43.068] [DEBUG] debug-file - Update task entry:default@SyscapTransform input file:/Applications/DevEco-Studio.app/Contents/sdk/default/openharmony/toolchains/syscap_tool cache by regenerate.
[2026-09-18T17:18:43.068] [DEBUG] debug-file - Update task entry:default@SyscapTransform input file:/Applications/DevEco-Studio.app/Contents/sdk/default/openharmony/ets/api/device-define cache by regenerate.
[2026-09-18T17:18:43.069] [DEBUG] debug-file - Update task entry:default@SyscapTransform output file:/Users/yujiantao/DevEcoStudioProjects/bang/entry/build/default/intermediates/syscap/default/rpcid.sc cache.
[2026-09-18T17:18:43.069] [DEBUG] debug-file - Incremental task entry:default@SyscapTransform post-execution cost:1 ms .
[2026-09-18T17:18:43.069] [DEBUG] debug-file - There is no need to refresh cache, since the incremental task entry:default@ProcessProfile is up-to-date.
[2026-09-18T17:18:43.069] [DEBUG] debug-file - There is no need to refresh cache, since the incremental task entry:default@ProcessRouterMap is up-to-date.
[2026-09-18T17:18:43.069] [DEBUG] debug-file - There is no need to refresh cache, since the incremental task entry:default@ProcessShareConfig is up-to-date.
[2026-09-18T17:18:43.069] [DEBUG] debug-file - Update task entry:default@ProcessStartupConfig input file:/Users/yujiantao/DevEcoStudioProjects/bang/entry/build/default/intermediates/loader/default/pkgContextInfo.json cache by regenerate.
[2026-09-18T17:18:43.069] [DEBUG] debug-file - Update task entry:default@ProcessStartupConfig output file:/Users/yujiantao/DevEcoStudioProjects/bang/entry/build/default/intermediates/startup/default/startup_config.json cache.
[2026-09-18T17:18:43.069] [DEBUG] debug-file - Incremental task entry:default@ProcessStartupConfig post-execution cost:1 ms .
[2026-09-18T17:18:43.069] [DEBUG] debug-file - There is no need to refresh cache, since the incremental task entry:default@ProcessResource is up-to-date.
[2026-09-18T17:18:43.069] [DEBUG] debug-file - There is no need to refresh cache, since the incremental task entry:default@GenerateLoaderJson is up-to-date.
[2026-09-18T17:18:43.069] [DEBUG] debug-file - There is no need to refresh cache, since the incremental task entry:default@ProcessLibs is up-to-date.
[2026-09-18T17:18:43.069] [DEBUG] debug-file - There is no need to refresh cache, since the incremental task entry:default@CompileResource is up-to-date.
[2026-09-18T17:18:43.069] [DEBUG] debug-file - There is no need to refresh cache, since the incremental task entry:default@DoNativeStrip is up-to-date.
[2026-09-18T17:18:43.069] [DEBUG] debug-file - Update task entry:default@CompileArkTS input file:/Users/yujiantao/DevEcoStudioProjects/bang/entry/build/default/intermediates/loader/default cache by regenerate.
[2026-09-18T17:18:43.070] [DEBUG] debug-file - Update task entry:default@CompileArkTS input file:/Users/yujiantao/DevEcoStudioProjects/bang/entry/build/default/intermediates/res/default/resources/rawfile cache by regenerate.
[2026-09-18T17:18:43.071] [DEBUG] debug-file - Update task entry:default@CompileArkTS input file:/Users/yujiantao/DevEcoStudioProjects/bang/entry/build/default/intermediates/res/default/ResourceTable.txt cache by regenerate.
[2026-09-18T17:18:43.071] [DEBUG] debug-file - Update task entry:default@CompileArkTS input file:/Users/yujiantao/DevEcoStudioProjects/bang/entry/build/default/intermediates/res/default/ark_module.json cache by regenerate.
[2026-09-18T17:18:43.071] [DEBUG] debug-file - Update task entry:default@CompileArkTS input file:/Users/yujiantao/DevEcoStudioProjects/bang/entry/build/default/intermediates/res/default/resources/base/profile cache by regenerate.
[2026-09-18T17:18:43.072] [DEBUG] debug-file - Update task entry:default@CompileArkTS input file:/Users/yujiantao/DevEcoStudioProjects/bang/entry/src/main/ets cache from map.
[2026-09-18T17:18:43.072] [DEBUG] debug-file - Update task entry:default@CompileArkTS input file:/Users/yujiantao/DevEcoStudioProjects/bang/entry/build/default/intermediates/loader/default/pkgContextInfo.json cache by regenerate.
[2026-09-18T17:18:43.072] [DEBUG] debug-file - Update task entry:default@CompileArkTS input file:/Users/yujiantao/DevEcoStudioProjects/bang/entry/build/default/generated/profile/default/BuildProfile.ets cache by regenerate.
[2026-09-18T17:18:43.072] [DEBUG] debug-file - Update task entry:default@CompileArkTS output file:/Users/yujiantao/DevEcoStudioProjects/bang/entry/build/default/intermediates/loader_out/default/ets cache.
[2026-09-18T17:18:43.073] [DEBUG] debug-file - Incremental task entry:default@CompileArkTS post-execution cost:4 ms .
[2026-09-18T17:18:43.073] [DEBUG] debug-file - Update task entry:default@BuildJS input file:/Users/yujiantao/DevEcoStudioProjects/bang/entry/build/default/intermediates/loader/default cache by regenerate.
[2026-09-18T17:18:43.073] [DEBUG] debug-file - Update task entry:default@BuildJS input file:/Users/yujiantao/DevEcoStudioProjects/bang/entry/build/default/intermediates/res/default/resources/rawfile cache by regenerate.
[2026-09-18T17:18:43.074] [DEBUG] debug-file - Update task entry:default@BuildJS input file:/Users/yujiantao/DevEcoStudioProjects/bang/entry/build/default/intermediates/res/default/ResourceTable.txt cache by regenerate.
[2026-09-18T17:18:43.074] [DEBUG] debug-file - Update task entry:default@BuildJS input file:/Users/yujiantao/DevEcoStudioProjects/bang/entry/build/default/intermediates/res/default/ark_module.json cache by regenerate.
[2026-09-18T17:18:43.074] [DEBUG] debug-file - Update task entry:default@BuildJS input file:/Users/yujiantao/DevEcoStudioProjects/bang/entry/build/default/intermediates/res/default/resources/base/profile cache by regenerate.
[2026-09-18T17:18:43.074] [DEBUG] debug-file - Update task entry:default@BuildJS input file:/Users/yujiantao/DevEcoStudioProjects/bang/entry/build/default/intermediates/loader/default/pkgContextInfo.json cache by regenerate.
[2026-09-18T17:18:43.074] [DEBUG] debug-file - Update task entry:default@BuildJS output file:/Users/yujiantao/DevEcoStudioProjects/bang/entry/build/default/intermediates/loader_out/default/js cache.
[2026-09-18T17:18:43.074] [DEBUG] debug-file - Incremental task entry:default@BuildJS post-execution cost:2 ms .
[2026-09-18T17:18:43.074] [DEBUG] debug-file - There is no need to refresh cache, since the incremental task entry:default@CacheNativeLibs is up-to-date.
[2026-09-18T17:18:43.074] [DEBUG] debug-file - There is no need to refresh cache, since the incremental task entry:default@GeneratePkgModuleJson is up-to-date.
[2026-09-18T17:18:43.074] [DEBUG] debug-file - Incremental task entry:default@ProcessCompiledResources post-execution cost:1 ms .
[2026-09-18T17:18:43.075] [DEBUG] debug-file - Update task entry:default@PackageHap input file:/Users/yujiantao/DevEcoStudioProjects/bang/entry/build/default/intermediates/stripped_native_libs/default cache by regenerate.
[2026-09-18T17:18:43.075] [DEBUG] debug-file - Update task entry:default@PackageHap input file:/Users/yujiantao/DevEcoStudioProjects/bang/entry/build/default/intermediates/res/default/module.json cache by regenerate.
[2026-09-18T17:18:43.075] [DEBUG] debug-file - Update task entry:default@PackageHap input file:/Users/yujiantao/DevEcoStudioProjects/bang/entry/build/default/intermediates/res/default/resources cache by regenerate.
[2026-09-18T17:18:43.076] [DEBUG] debug-file - Update task entry:default@PackageHap input file:/Users/yujiantao/DevEcoStudioProjects/bang/entry/build/default/intermediates/res/default/resources.index cache by regenerate.
[2026-09-18T17:18:43.076] [DEBUG] debug-file - Update task entry:default@PackageHap input file:/Users/yujiantao/DevEcoStudioProjects/bang/entry/build/default/outputs/default/pack.info cache by regenerate.
[2026-09-18T17:18:43.076] [DEBUG] debug-file - Update task entry:default@PackageHap input file:/Users/yujiantao/DevEcoStudioProjects/bang/entry/build/default/intermediates/loader_out/default/ets cache from map.
[2026-09-18T17:18:43.076] [DEBUG] debug-file - Update task entry:default@PackageHap input file:/Users/yujiantao/DevEcoStudioProjects/bang/entry/build/default/intermediates/loader/default/pkgContextInfo.json cache by regenerate.
[2026-09-18T17:18:43.076] [DEBUG] debug-file - Update task entry:default@PackageHap input file:/Users/yujiantao/DevEcoStudioProjects/bang/entry/build/default/intermediates/loader_out/default/ets/sourceMaps.map cache by regenerate.
[2026-09-18T17:18:43.076] [DEBUG] debug-file - Update task entry:default@PackageHap input file:/Users/yujiantao/DevEcoStudioProjects/bang/entry/build/default/generated/profile/default/BuildProfile.ets cache by regenerate.
[2026-09-18T17:18:43.076] [DEBUG] debug-file - Update task entry:default@PackageHap output file:/Users/yujiantao/DevEcoStudioProjects/bang/entry/build/default/outputs/default/entry-default-unsigned.hap cache.
[2026-09-18T17:18:43.076] [DEBUG] debug-file - Update task entry:default@PackageHap output file:/Users/yujiantao/DevEcoStudioProjects/bang/entry/build/default/intermediates/source_map/default/sourceMaps.map cache.
[2026-09-18T17:18:43.076] [DEBUG] debug-file - Update task entry:default@PackageHap output file:/Users/yujiantao/DevEcoStudioProjects/bang/entry/build/default/outputs/default/mapping/sourceMaps.map cache.
[2026-09-18T17:18:43.076] [DEBUG] debug-file - Incremental task entry:default@PackageHap post-execution cost:2 ms .
[2026-09-18T17:18:43.076] [DEBUG] debug-file - Update task entry:default@SignHap input file:/Users/yujiantao/.ohos/config/auto_bang_7YrzqJE1rIOdvZ_BTS9A9UF3By8y4SWYB3-MGJb9VSs=.cer cache by regenerate.
[2026-09-18T17:18:43.076] [DEBUG] debug-file - Update task entry:default@SignHap input file:/Users/yujiantao/.ohos/config/auto_bang_7YrzqJE1rIOdvZ_BTS9A9UF3By8y4SWYB3-MGJb9VSs=.p7b cache by regenerate.
[2026-09-18T17:18:43.076] [DEBUG] debug-file - Update task entry:default@SignHap input file:/Users/yujiantao/.ohos/config/auto_bang_7YrzqJE1rIOdvZ_BTS9A9UF3By8y4SWYB3-MGJb9VSs=.p12 cache by regenerate.
[2026-09-18T17:18:43.076] [DEBUG] debug-file - Update task entry:default@SignHap input file:/Users/yujiantao/DevEcoStudioProjects/bang/entry/build/default/outputs/default/entry-default-unsigned.hap cache from map.
[2026-09-18T17:18:43.076] [DEBUG] debug-file - Update task entry:default@SignHap output file:/Users/yujiantao/DevEcoStudioProjects/bang/entry/build/default/outputs/default/entry-default-signed.hap cache.
[2026-09-18T17:18:43.076] [DEBUG] debug-file - Incremental task entry:default@SignHap post-execution cost:1 ms .
[2026-09-18T17:18:43.076] [DEBUG] debug-file - Update task entry:default@CollectDebugSymbol input file:/Users/yujiantao/DevEcoStudioProjects/bang/entry/build/default/intermediates/loader_out/default/ets/sourceMaps.map cache by regenerate.
[2026-09-18T17:18:43.076] [DEBUG] debug-file - Update task entry:default@CollectDebugSymbol input file:/Users/yujiantao/DevEcoStudioProjects/bang/entry/build/default/intermediates/libs/default cache by regenerate.
[2026-09-18T17:18:43.076] [DEBUG] debug-file - Update task entry:default@CollectDebugSymbol output file:/Users/yujiantao/DevEcoStudioProjects/bang/entry/build/default/outputs/default/symbol cache.
[2026-09-18T17:18:43.076] [DEBUG] debug-file - Incremental task entry:default@CollectDebugSymbol post-execution cost:1 ms .
[2026-09-18T17:18:43.085] [DEBUG] debug-file - Current worker pool is stopped or closed.
[2026-09-18T17:18:43.085] [DEBUG] debug-file - Clear worker 0.
[2026-09-18T17:18:43.085] [DEBUG] debug-file - Worker 0 has been cleared.
[2026-09-18T17:18:43.085] [DEBUG] debug-file - Current idle worker size: 3.
[2026-09-18T17:18:43.085] [DEBUG] debug-file - Current busy worker size: 0.
[2026-09-18T17:18:43.085] [DEBUG] debug-file - Clear worker 1.
[2026-09-18T17:18:43.085] [DEBUG] debug-file - Worker 1 has been cleared.
[2026-09-18T17:18:43.085] [DEBUG] debug-file - Current idle worker size: 2.
[2026-09-18T17:18:43.085] [DEBUG] debug-file - Current busy worker size: 0.
[2026-09-18T17:18:43.085] [DEBUG] debug-file - Clear worker 4.
[2026-09-18T17:18:43.085] [DEBUG] debug-file - Worker 4 has been cleared.
[2026-09-18T17:18:43.085] [DEBUG] debug-file - Current idle worker size: 1.
[2026-09-18T17:18:43.086] [DEBUG] debug-file - Current busy worker size: 0.
[2026-09-18T17:18:43.086] [DEBUG] debug-file - Clear worker 6.
[2026-09-18T17:18:43.086] [DEBUG] debug-file - Worker 6 has been cleared.
[2026-09-18T17:18:43.086] [DEBUG] debug-file - Current idle worker size: 0.
[2026-09-18T17:18:43.086] [DEBUG] debug-file - Current busy worker size: 0.
[2026-09-18T17:18:43.086] [DEBUG] debug-file - hvigor build process will be closed.
[2026-09-18T17:18:43.090] [DEBUG] debug-file - Current worker pool is terminated.
[2026-09-18T17:18:43.090] [DEBUG] debug-file - worker[0] exits with exit code 1.
[2026-09-18T17:18:43.090] [DEBUG] debug-file - worker[1] exits with exit code 1.
[2026-09-18T17:18:43.093] [DEBUG] debug-file - worker[6] exits with exit code 1.
[2026-09-18T17:18:43.126] [DEBUG] debug-file - worker[4] exits with exit code 1.
[2026-09-18T17:20:28.242] [DEBUG] debug-file - env: nodejsVersion=v22.21.1
[2026-09-18T17:20:28.449] [DEBUG] debug-file - Hvigor init with startParameters:{
  hvigorfileTypeCheck: false,
  parallelExecution: true,
  incrementalExecution: true,
  printStackTrace: false,
  daemon: false,
  analyze: 0,
  logLevel: Level { level: 20000, levelStr: 'INFO', colour: 'green' },
  optimizationStrategy: 'memory',
  hotCompile: undefined,
  hotReloadBuild: undefined,
  customizedParam: undefined
}
[2026-09-18T17:20:29.252] [DEBUG] debug-file - hvigorfile, require result:  { default: { system: [Function: appTasks], plugins: [] } }
[2026-09-18T17:20:29.254] [DEBUG] debug-file - Starting plugin build process
[2026-09-18T17:20:29.380] [DEBUG] debug-file - App plugin register hook start...
[2026-09-18T17:20:29.381] [DEBUG] debug-file - Start initialize project's product build option map with build mode debug.
[2026-09-18T17:20:29.382] [DEBUG] debug-file - Obtain build option for product 'default'in this build.
[2026-09-18T17:20:29.389] [DEBUG] debug-file - Start recording SDK configuration permission data.
[2026-09-18T17:20:29.414] [DEBUG] debug-file - Project task initialization takes 4 ms 
[2026-09-18T17:20:29.426] [DEBUG] debug-file - Start initialize module-target build option map, moduleName=entry, buildMode=debug
[2026-09-18T17:20:29.431] [DEBUG] debug-file - project has submodules:entry
[2026-09-18T17:20:29.432] [DEBUG] debug-file - start to load updatedOhPackageInfo to the disk
[2026-09-18T17:20:29.421] [DEBUG] debug-file - failed to load cangjie to dynamically generate schemas: Error: Cannot find module '@ohos/cangjie-build-support/index'
Require stack:
- /Applications/DevEco-Studio.app/Contents/tools/hvigor/hvigor-ohos-plugin/src/plugin/hooks/cangjie-register.js
- /Applications/DevEco-Studio.app/Contents/tools/hvigor/hvigor-ohos-plugin/src/plugin/strategy/stage-init-strategy.js
- /Applications/DevEco-Studio.app/Contents/tools/hvigor/hvigor-ohos-plugin/src/plugin/builder/abstract-plugin-builder.js
- /Applications/DevEco-Studio.app/Contents/tools/hvigor/hvigor-ohos-plugin/src/plugin/builder/app-plugin-builder.js
- /Applications/DevEco-Studio.app/Contents/tools/hvigor/hvigor-ohos-plugin/src/plugin/factory/plugin-factory.js
- /Applications/DevEco-Studio.app/Contents/tools/hvigor/hvigor-ohos-plugin/index.js
- /Users/yujiantao/DevEcoStudioProjects/bang/hvigorfile.ts
- /Applications/DevEco-Studio.app/Contents/tools/hvigor/hvigor/src/base/internal/lifecycle/configuration.js
- /Applications/DevEco-Studio.app/Contents/tools/hvigor/hvigor/src/base/boot/index.js
- /Applications/DevEco-Studio.app/Contents/tools/hvigor/hvigor/src/cli/main/cli.js
- /Applications/DevEco-Studio.app/Contents/tools/hvigor/hvigor/bin/hvigor.js
[2026-09-18T17:20:29.436] [DEBUG] debug-file - Start to initialize dependency information.
[2026-09-18T17:20:29.450] [DEBUG] debug-file - Executing task :entry:default@GenerateMetadata
[2026-09-18T17:20:29.453] [DEBUG] debug-file - Executing task :entry:default@CreateBuildProfile
[2026-09-18T17:20:29.454] [DEBUG] debug-file - Executing task :entry:default@PreCheckSyscap
[2026-09-18T17:20:29.442] [DEBUG] debug-file - Executing task :entry:default@PreBuild
[2026-09-18T17:20:29.455] [DEBUG] debug-file - Executing task :entry:default@GeneratePkgContextInfo
[2026-09-18T17:20:29.464] [DEBUG] debug-file - Executing task :entry:default@MakePackInfo
[2026-09-18T17:20:29.465] [DEBUG] debug-file - Executing task :entry:default@SyscapTransform
[2026-09-18T17:20:29.481] [DEBUG] debug-file - Executing task :entry:default@ProcessProfile
[2026-09-18T17:20:29.483] [DEBUG] debug-file - Executing task :entry:default@ProcessRouterMap
[2026-09-18T17:20:29.463] [DEBUG] debug-file - Executing task :entry:default@BuildNativeWithCmake
[2026-09-18T17:20:29.485] [DEBUG] debug-file - Executing task :entry:default@ProcessShareConfig
[2026-09-18T17:20:29.491] [DEBUG] debug-file - Executing task :entry:default@ProcessResource
[2026-09-18T17:20:29.493] [DEBUG] debug-file - Executing task :entry:default@GenerateLoaderJson
[2026-09-18T17:20:29.498] [DEBUG] debug-file - Executing task :entry:default@ProcessLibs
[2026-09-18T17:20:29.500] [DEBUG] debug-file - Executing task :entry:default@CompileResource
[2026-09-18T17:20:29.513] [DEBUG] debug-file - Executing task :entry:default@DoNativeStrip
[2026-09-18T17:20:29.518] [DEBUG] debug-file - Executing task :entry:default@CompileArkTS
[2026-09-18T17:20:29.489] [DEBUG] debug-file - Executing task :entry:default@BuildNativeWithNinja
[2026-09-18T17:20:29.539] [DEBUG] debug-file - Create  resident worker with id: 0.
[2026-09-18T17:20:29.552] [DEBUG] debug-file - Executing task :entry:default@CacheNativeLibs
[2026-09-18T17:20:29.549] [DEBUG] debug-file - Executing task :entry:default@BuildJS
[2026-09-18T17:20:29.487] [DEBUG] debug-file - Executing task :entry:default@ProcessStartupConfig
[2026-09-18T17:20:28.244] [DEBUG] debug-file - env: hvigor-config.json5 content = {
  modelVersion: '5.0.0',
  dependencies: {},
  execution: {},
  logging: {},
  debugging: {},
  nodeOptions: {}
}
[2026-09-18T17:20:29.462] [DEBUG] debug-file - Executing task :entry:default@ProcessIntegratedHsp
[2026-09-18T17:20:28.455] [DEBUG] debug-file - Cache service initialization finished in 5 ms 
[2026-09-18T17:20:29.253] [DEBUG] debug-file - hvigorfile, binding system plugins [Function: appTasks]
[2026-09-18T17:20:29.254] [DEBUG] debug-file - App plugin prepare start...
[2026-09-18T17:20:29.380] [DEBUG] debug-file - App plugin register hook end...
[2026-09-18T17:20:29.381] [DEBUG] debug-file - Picking option from product 'default' with build mode 'debug'.
[2026-09-18T17:20:29.384] [DEBUG] debug-file - /Users/yujiantao/DevEcoStudioProjects/bang/build/cache/default/remote_hsp/remoteHspCache.json not exists.
[2026-09-18T17:20:29.410] [DEBUG] debug-file - Sdk init in 26 ms 
[2026-09-18T17:20:29.414] [DEBUG] debug-file - hvigorfile, begin to bind custom plugins...
[2026-09-18T17:20:29.426] [DEBUG] debug-file - Target 'default' config initialized
[2026-09-18T17:20:29.431] [DEBUG] debug-file - module:entry no need to execute packageHap
[2026-09-18T17:20:29.434] [DEBUG] debug-file - load to the disk finished
[2026-09-18T17:20:29.437] [DEBUG] debug-file - Module entry Collected Dependency: 
[2026-09-18T17:20:29.450] [DEBUG] debug-file - Task 'entry:default@GenerateMetadata' cost while wrapping incremental declarations: 1 ms 
[2026-09-18T17:20:29.453] [DEBUG] debug-file - Task 'entry:default@CreateBuildProfile' cost while wrapping incremental declarations: 1 ms 
[2026-09-18T17:20:29.454] [DEBUG] debug-file - entry : default@PreCheckSyscap cost memory 0.028076171875
[2026-09-18T17:20:29.445] [DEBUG] debug-file - Task 'entry:default@PreBuild' cost while wrapping incremental declarations: 1 ms 
[2026-09-18T17:20:29.459] [DEBUG] debug-file - Task 'entry:default@GeneratePkgContextInfo' cost while wrapping incremental declarations: 1 ms 
[2026-09-18T17:20:29.482] [DEBUG] debug-file - Task 'entry:default@ProcessProfile' cost while wrapping incremental declarations: 1 ms 
[2026-09-18T17:20:29.484] [DEBUG] debug-file - Incremental task entry:default@ProcessRouterMap pre-execution cost: 1 ms .
[2026-09-18T17:20:29.463] [DEBUG] debug-file - entry : default@BuildNativeWithCmake cost memory 0.017364501953125
[2026-09-18T17:20:29.486] [DEBUG] debug-file - Incremental task entry:default@ProcessShareConfig pre-execution cost: 1 ms .
[2026-09-18T17:20:29.491] [DEBUG] debug-file - Task 'entry:default@ProcessResource' cost while wrapping incremental declarations: 1 ms 
[2026-09-18T17:20:29.493] [DEBUG] debug-file - Task 'entry:default@GenerateLoaderJson' cost while wrapping incremental declarations: 1 ms 
[2026-09-18T17:20:29.499] [DEBUG] debug-file - Incremental task entry:default@ProcessLibs pre-execution cost: 1 ms .
[2026-09-18T17:20:29.507] [DEBUG] debug-file - Incremental task entry:default@CompileResource pre-execution cost: 7 ms .
[2026-09-18T17:20:29.518] [DEBUG] debug-file - obfuscationOptions: undefined
[2026-09-18T17:20:29.514] [DEBUG] debug-file - File: '/Users/yujiantao/DevEcoStudioProjects/bang/entry/build/default/intermediates/binxo/default' from 'doBinxoNativeLibs' is not exists, just ignore.
[2026-09-18T17:20:29.489] [DEBUG] debug-file - entry : default@BuildNativeWithNinja cost memory 0.02307891845703125
[2026-09-18T17:20:29.540] [DEBUG] debug-file - Create  resident worker with id: 1.
[2026-09-18T17:20:29.552] [DEBUG] debug-file - File: '/Users/yujiantao/DevEcoStudioProjects/bang/entry/build/default/intermediates/binxo/default' from 'cacheBinxoNativeLibs' is not exists, just ignore.
[2026-09-18T17:20:29.549] [DEBUG] debug-file - Task 'entry:default@BuildJS' cost while wrapping incremental declarations: 1 ms 
[2026-09-18T17:20:29.487] [DEBUG] debug-file - Task 'entry:default@ProcessStartupConfig' cost while wrapping incremental declarations: 1 ms 
[2026-09-18T17:20:29.463] [DEBUG] debug-file - entry:default@ProcessIntegratedHsp is not up-to-date, since the output file '/Users/yujiantao/DevEcoStudioProjects/bang/build/cache/default/integrated_hsp/integratedHspCache.json' does not exist.
[2026-09-18T17:20:28.456] [DEBUG] debug-file - hvigorfile, resolving /Users/yujiantao/DevEcoStudioProjects/bang/hvigorfile.ts
[2026-09-18T17:20:29.465] [DEBUG] debug-file - Incremental task entry:default@MakePackInfo pre-execution cost: 1 ms .
[2026-09-18T17:20:29.465] [DEBUG] debug-file - File: '/Users/yujiantao/DevEcoStudioProjects/bang/entry/src/main/syscap.json' from 'sysCapJsonPath' is not exists, just ignore.
[2026-09-18T17:20:29.254] [DEBUG] debug-file - App plugin prepare end...
[2026-09-18T17:20:29.380] [DEBUG] debug-file - Plugin build process completed
[2026-09-18T17:20:29.381] [DEBUG] debug-file - Product 'default' build option initialized
[2026-09-18T17:20:29.385] [DEBUG] debug-file - Local scan or download HarmonyOS sdk components toolchains,ets,js,native,previewer
[2026-09-18T17:20:29.414] [DEBUG] debug-file - hvigorfile, no custom plugins were found in /Users/yujiantao/DevEcoStudioProjects/bang/hvigorfile.ts
[2026-09-18T17:20:29.427] [DEBUG] debug-file - Module 'entry' target 'default' build option initialized
[2026-09-18T17:20:29.434] [DEBUG] debug-file - Start to initialize dependency information.
[2026-09-18T17:20:29.437] [DEBUG] debug-file - Module entry's total dependency: 0
[2026-09-18T17:20:29.450] [DEBUG] debug-file - Incremental task entry:default@GenerateMetadata pre-execution cost: 1 ms .
[2026-09-18T17:20:29.454] [DEBUG] debug-file - runTaskFromQueue task cost before running: 1 s 10 ms 
[2026-09-18T17:20:29.454] [DEBUG] debug-file - Incremental task entry:default@CreateBuildProfile pre-execution cost: 1 ms .
[2026-09-18T17:20:29.460] [DEBUG] debug-file - Incremental task entry:default@GeneratePkgContextInfo pre-execution cost: 1 ms .
[2026-09-18T17:20:29.482] [DEBUG] debug-file - Incremental task entry:default@ProcessProfile pre-execution cost: 1 ms .
[2026-09-18T17:20:29.447] [DEBUG] debug-file - Incremental task entry:default@PreBuild pre-execution cost: 2 ms .
[2026-09-18T17:20:28.246] [DEBUG] debug-file - env: daemon=false
[2026-09-18T17:20:29.463] [DEBUG] debug-file - runTaskFromQueue task cost before running: 1 s 19 ms 
[2026-09-18T17:20:29.486] [DEBUG] debug-file - entry : default@ProcessShareConfig cost memory 0.1259002685546875
[2026-09-18T17:20:29.484] [DEBUG] debug-file - entry : default@ProcessRouterMap cost memory 0.1481170654296875
[2026-09-18T17:20:29.492] [DEBUG] debug-file - Incremental task entry:default@ProcessResource pre-execution cost: 1 ms .
[2026-09-18T17:20:29.496] [DEBUG] debug-file - Incremental task entry:default@GenerateLoaderJson pre-execution cost: 2 ms .
[2026-09-18T17:20:29.499] [DEBUG] debug-file - entry : default@ProcessLibs cost memory 0.0958099365234375
[2026-09-18T17:20:29.507] [DEBUG] debug-file - entry : default@CompileResource cost memory 0.7053680419921875
[2026-09-18T17:20:29.519] [DEBUG] debug-file - Task 'entry:default@CompileArkTS' cost while wrapping incremental declarations: 1 ms 
[2026-09-18T17:20:29.514] [DEBUG] debug-file - Task 'entry:default@DoNativeStrip' cost while wrapping incremental declarations: 1 ms 
[2026-09-18T17:20:29.489] [DEBUG] debug-file - runTaskFromQueue task cost before running: 1 s 44 ms 
[2026-09-18T17:20:29.540] [DEBUG] debug-file - default@CompileArkTS work[0] is submitted.
[2026-09-18T17:20:29.552] [DEBUG] debug-file - Task 'entry:default@CacheNativeLibs' cost while wrapping incremental declarations: 1 ms 
[2026-09-18T17:20:29.487] [DEBUG] debug-file - entry:default@ProcessStartupConfig is not up-to-date, since the output file '/Users/yujiantao/DevEcoStudioProjects/bang/entry/build/default/intermediates/startup/default/startup_config.json' does not exist.
[2026-09-18T17:20:29.463] [DEBUG] debug-file - Incremental task entry:default@ProcessIntegratedHsp pre-execution cost: 1 ms .
[2026-09-18T17:20:29.465] [DEBUG] debug-file - entry : default@MakePackInfo cost memory 0.12136077880859375
[2026-09-18T17:20:29.466] [DEBUG] debug-file - Task 'entry:default@SyscapTransform' cost while wrapping incremental declarations: 1 ms 
[2026-09-18T17:20:29.254] [DEBUG] debug-file - App plugin creating...
[2026-09-18T17:20:29.381] [DEBUG] debug-file - End initialize project's product build option map with build mode 'debug'.
[2026-09-18T17:20:29.387] [DEBUG] debug-file - Local scan or download hmscore sdk components toolchains,ets,native
[2026-09-18T17:20:29.414] [DEBUG] debug-file - hvigorfile, resolve finished /Users/yujiantao/DevEcoStudioProjects/bang/hvigorfile.ts
[2026-09-18T17:20:29.427] [DEBUG] debug-file - End initialize module-target build option map, moduleName=entry
[2026-09-18T17:20:29.435] [DEBUG] debug-file - Module bang Collected Dependency: 
[2026-09-18T17:20:29.438] [DEBUG] debug-file - Configuration phase cost:984 ms 
[2026-09-18T17:20:29.550] [DEBUG] debug-file - entry : default@BuildJS cost memory 0.1561279296875
[2026-09-18T17:20:29.450] [DEBUG] debug-file - entry : default@GenerateMetadata cost memory 0.13367462158203125
[2026-09-18T17:20:29.455] [INFO] debug-file - Finished :entry:default@PreCheckSyscap... after 1 ms 
[2026-09-18T17:20:29.454] [DEBUG] debug-file - entry : default@CreateBuildProfile cost memory 0.1017303466796875
[2026-09-18T17:20:29.482] [DEBUG] debug-file - entry : default@ProcessProfile cost memory 0.15009307861328125
[2026-09-18T17:20:28.246] [DEBUG] debug-file - no-daemon, use the parent process.execArgv --max-old-space-size=8192,--max-semi-space-size=16,--expose-gc
[2026-09-18T17:20:29.463] [INFO] debug-file - Finished :entry:default@BuildNativeWithCmake... after 1 ms 
[2026-09-18T17:20:29.486] [INFO] debug-file - UP-TO-DATE :entry:default@ProcessShareConfig...  
[2026-09-18T17:20:29.484] [INFO] debug-file - UP-TO-DATE :entry:default@ProcessRouterMap...  
[2026-09-18T17:20:29.492] [DEBUG] debug-file - entry : default@ProcessResource cost memory 0.130615234375
[2026-09-18T17:20:29.496] [DEBUG] debug-file - entry : default@GenerateLoaderJson cost memory 0.4602508544921875
[2026-09-18T17:20:29.499] [INFO] debug-file - UP-TO-DATE :entry:default@ProcessLibs...  
[2026-09-18T17:20:29.509] [INFO] debug-file - UP-TO-DATE :entry:default@CompileResource...  
[2026-09-18T17:20:29.524] [DEBUG] debug-file - entry:default@CompileArkTS is not up-to-date, since the input file '/Users/yujiantao/DevEcoStudioProjects/bang/entry/src/main/ets' has been changed.
[2026-09-18T17:20:29.515] [DEBUG] debug-file - Incremental task entry:default@DoNativeStrip pre-execution cost: 1 ms .
[2026-09-18T17:20:29.489] [INFO] debug-file - Finished :entry:default@BuildNativeWithNinja... after 1 ms 
[2026-09-18T17:20:29.541] [DEBUG] debug-file - default@CompileArkTS work[0] is pushed to ready queue.
[2026-09-18T17:20:29.553] [DEBUG] debug-file - Incremental task entry:default@CacheNativeLibs pre-execution cost: 1 ms .
[2026-09-18T17:20:29.487] [DEBUG] debug-file - Incremental task entry:default@ProcessStartupConfig pre-execution cost: 1 ms .
[2026-09-18T17:20:29.460] [DEBUG] debug-file - entry : default@GeneratePkgContextInfo cost memory 0.35529327392578125
[2026-09-18T17:20:29.463] [DEBUG] debug-file - entry : default@ProcessIntegratedHsp cost memory 0.05582427978515625
[2026-09-18T17:20:29.465] [INFO] debug-file - UP-TO-DATE :entry:default@MakePackInfo...  
[2026-09-18T17:20:29.447] [DEBUG] debug-file - entry : default@PreBuild cost memory 0.7308273315429688
[2026-09-18T17:20:29.478] [DEBUG] debug-file - entry:default@SyscapTransform is not up-to-date, since the output file '/Users/yujiantao/DevEcoStudioProjects/bang/entry/build/default/intermediates/syscap/default/rpcid.sc' does not exist.
[2026-09-18T17:20:29.415] [DEBUG] debug-file - hvigorfile, resolving /Users/yujiantao/DevEcoStudioProjects/bang/entry/hvigorfile.ts
[2026-09-18T17:20:29.427] [DEBUG] debug-file - Start initialize module-target build option map, moduleName=entry, buildMode=release
[2026-09-18T17:20:29.435] [DEBUG] debug-file - Module bang's total dependency: 0
[2026-09-18T17:20:29.439] [DEBUG] debug-file - Configuration task cost before running: 995 ms 
[2026-09-18T17:20:29.550] [DEBUG] debug-file - runTaskFromQueue task cost before running: 1 s 105 ms 
[2026-09-18T17:20:29.450] [INFO] debug-file - UP-TO-DATE :entry:default@GenerateMetadata...  
[2026-09-18T17:20:29.492] [INFO] debug-file - UP-TO-DATE :entry:default@ProcessResource...  
[2026-09-18T17:20:29.497] [INFO] debug-file - UP-TO-DATE :entry:default@GenerateLoaderJson...  
[2026-09-18T17:20:29.499] [DEBUG] debug-file - restool module names: entry; moduleName=entry, taskName=default@CompileResource
[2026-09-18T17:20:29.524] [DEBUG] debug-file - Incremental task entry:default@CompileArkTS pre-execution cost: 4 ms .
[2026-09-18T17:20:29.515] [DEBUG] debug-file - entry : default@DoNativeStrip cost memory 0.0742645263671875
[2026-09-18T17:20:29.490] [DEBUG] debug-file - restool module names: entry; moduleName=entry, taskName=default@ProcessResource
[2026-09-18T17:20:29.541] [DEBUG] debug-file - A work dispatched to worker[7] failed because unable to get work from ready queue.
[2026-09-18T17:20:29.553] [DEBUG] debug-file - entry : default@CacheNativeLibs cost memory 0.0872039794921875
[2026-09-18T17:20:29.488] [DEBUG] debug-file - entry : default@ProcessStartupConfig cost memory 0.1112823486328125
[2026-09-18T17:20:29.460] [INFO] debug-file - UP-TO-DATE :entry:default@GeneratePkgContextInfo...  
[2026-09-18T17:20:29.463] [DEBUG] debug-file - runTaskFromQueue task cost before running: 1 s 18 ms 
[2026-09-18T17:20:29.448] [INFO] debug-file - UP-TO-DATE :entry:default@PreBuild...  
[2026-09-18T17:20:29.478] [DEBUG] debug-file - Incremental task entry:default@SyscapTransform pre-execution cost: 13 ms .
[2026-09-18T17:20:29.420] [DEBUG] debug-file - hvigorfile, require result:  { default: { system: [Function: hapTasks], plugins: [] } }
[2026-09-18T17:20:29.427] [DEBUG] debug-file - Target 'default' config initialized
[2026-09-18T17:20:29.550] [INFO] debug-file - Finished :entry:default@BuildJS... after 2 ms 
[2026-09-18T17:20:29.451] [DEBUG] debug-file - Executing task :entry:default@ConfigureCmake
[2026-09-18T17:20:29.535] [DEBUG] debug-file - build config:
[2026-09-18T17:20:29.516] [INFO] debug-file - UP-TO-DATE :entry:default@DoNativeStrip...  
[2026-09-18T17:20:29.541] [DEBUG] debug-file - A work dispatched to worker[6] failed because unable to get work from ready queue.
[2026-09-18T17:20:29.553] [INFO] debug-file - UP-TO-DATE :entry:default@CacheNativeLibs...  
[2026-09-18T17:20:29.488] [DEBUG] debug-file - runTaskFromQueue task cost before running: 1 s 43 ms 
[2026-09-18T17:20:29.460] [DEBUG] debug-file - Executing task :entry:default@GeneratePkgSdkInfo
[2026-09-18T17:20:29.463] [INFO] debug-file - Finished :entry:default@ProcessIntegratedHsp... after 1 ms 
[2026-09-18T17:20:29.448] [DEBUG] debug-file - Executing task :entry:default@CreateModuleInfo
[2026-09-18T17:20:29.454] [INFO] debug-file - UP-TO-DATE :entry:default@CreateBuildProfile...  
[2026-09-18T17:20:29.482] [INFO] debug-file - UP-TO-DATE :entry:default@ProcessProfile...  
[2026-09-18T17:20:29.479] [DEBUG] debug-file - entry : default@SyscapTransform cost memory 0.12403106689453125
[2026-09-18T17:20:29.420] [DEBUG] debug-file - hvigorfile, binding system plugins [Function: hapTasks]
[2026-09-18T17:20:29.427] [DEBUG] debug-file - Module 'entry' target 'default' build option initialized
[2026-09-18T17:20:29.451] [DEBUG] debug-file - entry : default@ConfigureCmake cost memory 0.0163116455078125
[2026-09-18T17:20:29.535] [DEBUG] debug-file - {
  moduleType: 'entry',
  perf: 0,
  targetName: '.default',
  packageManagerType: 'ohpm',
  localPropertiesPath: '/Users/yujiantao/DevEcoStudioProjects/bang/local.properties',
  isPreview: false,
  isOhosTest: false,
  isLocalTest: false,
  buildMode: 'Debug',
  hotReloadBuild: undefined,
  watchMode: 'false',
  aceProfilePath: '/Users/yujiantao/DevEcoStudioProjects/bang/entry/build/default/intermediates/res/default/resources/base/profile',
  etsLoaderPath: '/Applications/DevEco-Studio.app/Contents/sdk/default/openharmony/ets/build-tools/ets-loader',
  modulePath: '/Users/yujiantao/DevEcoStudioProjects/bang/entry',
  testFrameworkPar: {
    testMode: undefined,
    coveragePathFilter: undefined,
    coverageMode: undefined
  },
  needCoverageInsert: false,
  debugLine: false,
  projectTopDir: '/Users/yujiantao/DevEcoStudioProjects/bang',
  compileSdkVersion: 24,
  compatibleSdkVersion: 12,
  originCompatibleSdkVersion: '5.0.0(12)',
  compatibleSdkVersionStage: 'beta1',
  bundleName: 'c***g',
  etsLoaderVersion: '6.1.1.125',
  etsLoaderReleaseType: 'Release',
  aotCompileMode: 'type',
  apPath: '/Users/yujiantao/DevEcoStudioProjects/bang/entry/modules.ap',
  entryModuleName: 'entry',
  entryModuleVersion: '1.0.0',
  entryPackageName: 'entry',
  allModuleNameHash: 'a0f1f6b39c100346c0a0d6c2c78f06287901f29efd59bf9215abebb99973443a',
  externalApiPaths: [ '/Applications/DevEco-Studio.app/Contents/sdk/default/hms/ets' ],
  compilerTypes: [],
  isCrossplatform: false,
  hvigorPluginFile: undefined,
  compilePluginPath: undefined,
  buildGeneratedProfilePath: '/Users/yujiantao/DevEcoStudioProjects/bang/entry/build/default/generated/profile/default',
  bundleType: 'app',
  arkTSVersion: undefined,
  apiVersion: 24,
  needCompleteSourcesMap: false,
  isFaMode: false,
  buildDir: '/Users/yujiantao/DevEcoStudioProjects/bang/entry/build',
  deviceTypes: [ 'phone', 'tablet', '2in1', 'wearable' ],
  pkgContextInfo: {
    entry: {
      packageName: 'entry',
      bundleName: '*****',
      moduleName: '',
      version: '',
      entryPath: 'src/main/',
      isSO: false,
      dependencyAlias: ''
    }
  },
  ohPackagePathMap: {},
  dependencyAliasMap: {},
  permission: {
    requestPermissions: [ [Object], [Object], [Object], [Object] ],
    definePermissions: undefined
  },
  useGetCurrentBundleName: false,
  projectArkOption: undefined,
  sourceMapDir: undefined,
  branchElimination: false,
  transformLib: undefined,
  tsImportSendable: false,
  resolveConflictMode: true,
  depName2RootPath: {},
  depName2DepInfo: {},
  depName2OhExports: {},
  rootPathSet: [ '/Users/yujiantao/DevEcoStudioProjects/bang' ],
  useNativeResolver: true,
  shouldEmitJs: true,
  useTscResolve: false,
  singleFileEmit: false,
  userProjectConfig: {
    autoLazyImport: false,
    allowEmptyBundleName: false,
    reExportCheckMode: 'noCheck',
    executionMode: 'memory',
    usePathPlaceholder: false,
    writeRollupCache: true,
    isExpandImportEnabled: false,
    expandImportExclude: '',
    lazyImportExclude: '',
    lazyImportInclude: '',
    ignoreCrossplatformCheck: false,
    isHarDeduplicateEnabled: false,
    skipOhModulesLint: false,
    enableStrictCheckOHModule: false,
    disableSendableCheckRules: [],
    useDeclarationFileSignature: false,
    customizedOptions: undefined,
    integratedHsp: false,
    isPreloadSoEnabled: false
  },
  executionMode: 'memory',
  arkCompileCachePath: '/Users/yujiantao/DevEcoStudioProjects/bang/entry/build/default/cache/default/default@CompileArkTS/esmodule',
  autoLazyFilter: undefined,
  isHarDeduplicateEnabled: false,
  intermediateHarDuplicateDirPath: '/Users/yujiantao/DevEcoStudioProjects/bang/entry/build/default/intermediates/har_duplicate/default',
  autoLazyImport: false,
  allowEmptyBundleName: false,
  reExportCheckMode: 'noCheck',
  usePathPlaceholder: false,
  writeRollupCache: true,
  isExpandImportEnabled: false,
  expandImportExclude: '',
  lazyImportExclude: '',
  lazyImportInclude: '',
  ignoreCrossplatformCheck: false,
  skipOhModulesLint: false,
  enableStrictCheckOHModule: false,
  disableSendableCheckRules: [],
  useDeclarationFileSignature: false,
  customizedOptions: undefined,
  integratedHsp: false,
  isPreloadSoEnabled: false,
  strictMode: {
    caseSensitiveCheck: true,
    useNormalizedOHMUrl: true,
    noExternalImportByPath: true
  },
  useNormalizedOHMUrl: true,
  caseSensitiveCheck: true,
  strictCheckerOnly: false,
  aceModuleJsonPath: '/Users/yujiantao/DevEcoStudioProjects/bang/entry/build/default/intermediates/res/default/ark_module.json',
  appResource: '/Users/yujiantao/DevEcoStudioProjects/bang/entry/build/default/intermediates/res/default/ResourceTable.txt',
  rawFileResource: '/Users/yujiantao/DevEcoStudioProjects/bang/entry/build/default/intermediates/res/default/resources/rawfile',
  resourceTableHash: 'e9a7d39e4c0834ee806c9512474476824fbde80b6bf661c30b39b52146d38e7e',
  runtimeOS: 'HarmonyOS',
  sdkInfo: 'false:24:6.1.1.125:Release',
  aceModuleRoot: '/Users/yujiantao/DevEcoStudioProjects/bang/entry/src/main/ets',
  compileMode: 'esmodule',
  aceSuperVisualPath: '/Users/yujiantao/DevEcoStudioProjects/bang/entry/src/main/supervisual',
  aceBuildJson: '/Users/yujiantao/DevEcoStudioProjects/bang/entry/build/default/intermediates/loader/default/loader.json',
  cachePath: '/Users/yujiantao/DevEcoStudioProjects/bang/entry/build/default/cache/default/default@CompileArkTS/esmodule/debug',
  aceModuleBuild: '/Users/yujiantao/DevEcoStudioProjects/bang/entry/build/default/intermediates/loader_out/default/ets',
  supportChunks: true,
  declaredFilesPath: undefined,
  shouldCollectDirectImportees: false,
  isByteCodeHarOptimize: false,
  expandImportPath: undefined,
  resourceTableTs: '/Users/yujiantao/DevEcoStudioProjects/bang/entry/build/default/generated/r/default/ResourceTable.ts',
  moduleMetaInfoFiles: [
    {
      filePath: '/Users/yujiantao/DevEcoStudioProjects/bang/entry/build/default/generated/r/default/ResourceTable.ts',
      ohmurl: '&entry/build/generated/r/ResourceTable&'
    }
  ],
  pkgNameToPkgBriefInfo: {
    entry: {
      pkgRoot: '/Users/yujiantao/DevEcoStudioProjects/bang/entry',
      originalSourceRoots: undefined,
      sourceRoots: [Array],
      pkgName: 'entry'
    }
  },
  projectModel: {
    '/Users/yujiantao/DevEcoStudioProjects/bang/entry/src/main': {
      moduleName: 'entry',
      modulePkgPath: '/Users/yujiantao/DevEcoStudioProjects/bang/entry',
      belongProjectPath: '/Users/yujiantao/DevEcoStudioProjects/bang'
    },
    '/Users/yujiantao/DevEcoStudioProjects/bang/entry': {
      moduleName: 'entry',
      modulePkgPath: '/Users/yujiantao/DevEcoStudioProjects/bang/entry',
      belongProjectPath: '/Users/yujiantao/DevEcoStudioProjects/bang'
    },
    '/Users/yujiantao/DevEcoStudioProjects/bang': {
      moduleName: 'bang',
      modulePkgPath: '/Users/yujiantao/DevEcoStudioProjects/bang',
      belongProjectPath: '/Users/yujiantao/DevEcoStudioProjects/bang'
    }
  },
  pkgJsonFileHash: '40b1841bbf357057c65feb3ac28ea243d081eae1882bb847cf02bca9ce23c51d',
  allModulePaths: [ '/Users/yujiantao/DevEcoStudioProjects/bang/entry' ],
  routerMap: {},
  obfuscationOptions: undefined,
  byteCodeHarToDependencyKeys: undefined,
  compileBlockPkg: [],
  mockParams: {
    decorator: '@MockSetup',
    packageName: '@ohos/hamock',
    etsSourceRootPath: 'src/main/ets',
    mockConfigPath: undefined,
    mockConfigKey2ModuleInfo: {},
    source2ModuleIdMap: {}
  },
  copyCodeResourceEnable: false,
  copyCodeResourceExcludes: [],
  copyCodeResourceIncludes: undefined,
  uiTransformOptimization: false,
  sdkPath: '/Applications/DevEco-Studio.app/Contents/sdk',
  needPreloadSoFileSet: {},
  preloadSoFilePath: '/Users/yujiantao/DevEcoStudioProjects/bang/entry/build/default/intermediates/preload/default/preload.json',
  useSourceHash: false,
  localModuleParamMap: {},
  otherPaths: {
    'entry/*': [ '../*', '../../../build/default/generated/profile/default/*' ]
  },
  collectImportersConfig: undefined
}
[2026-09-18T17:20:29.541] [DEBUG] debug-file - A work dispatched to worker[5] failed because unable to get work from ready queue.
[2026-09-18T17:20:29.488] [INFO] debug-file - Finished :entry:default@ProcessStartupConfig... after 2 ms 
[2026-09-18T17:20:29.461] [DEBUG] debug-file - Task 'entry:default@GeneratePkgSdkInfo' cost while wrapping incremental declarations: 1 ms 
[2026-09-18T17:20:29.448] [DEBUG] debug-file - Task 'entry:default@CreateModuleInfo' cost while wrapping incremental declarations: 1 ms 
[2026-09-18T17:20:29.479] [DEBUG] debug-file - runTaskFromQueue task cost before running: 1 s 34 ms 
[2026-09-18T17:20:29.420] [DEBUG] debug-file - Starting plugin build process
[2026-09-18T17:20:29.427] [DEBUG] debug-file - End initialize module-target build option map, moduleName=entry
[2026-09-18T17:20:29.451] [DEBUG] debug-file - runTaskFromQueue task cost before running: 1 s 6 ms 
[2026-09-18T17:20:29.537] [DEBUG] debug-file - Compile arkts with external api path: /Applications/DevEco-Studio.app/Contents/sdk/default/hms/ets
[2026-09-18T17:20:29.541] [DEBUG] debug-file - Create  resident worker with id: 4.
[2026-09-18T17:20:29.461] [DEBUG] debug-file - entry : default@GeneratePkgSdkInfo cost memory 0.13350677490234375
[2026-09-18T17:20:29.448] [DEBUG] debug-file - entry : default@CreateModuleInfo cost memory 0.064422607421875
[2026-09-18T17:20:29.479] [INFO] debug-file - Finished :entry:default@SyscapTransform... after 14 ms 
[2026-09-18T17:20:29.420] [DEBUG] debug-file - Hap plugin creating...
[2026-09-18T17:20:29.427] [DEBUG] debug-file - Start initialize module-target build option map, moduleName=entry, buildMode=debug
[2026-09-18T17:20:29.451] [INFO] debug-file - Finished :entry:default@ConfigureCmake... after 1 ms 
[2026-09-18T17:20:29.538] [DEBUG] debug-file - Since there is no instance or instance is terminated, create a new worker pool.
[2026-09-18T17:20:29.541] [DEBUG] debug-file - default@CompileArkTS work[0] has been dispatched to worker[4].
[2026-09-18T17:20:29.461] [DEBUG] debug-file - runTaskFromQueue task cost before running: 1 s 16 ms 
[2026-09-18T17:20:29.427] [DEBUG] debug-file - Target 'default' config initialized
[2026-09-18T17:20:29.452] [DEBUG] debug-file - Executing task :entry:default@MergeProfile
[2026-09-18T17:20:29.538] [DEBUG] debug-file - Worker pool is initialized with config:  {
  minPoolNum: 2,
  maxPoolNum: undefined,
  maxCoreSize: undefined,
  cacheCapacity: undefined,
  cacheTtl: undefined
}
[2026-09-18T17:20:29.541] [DEBUG] debug-file - default@CompileArkTS work[0] is dispatched.
[2026-09-18T17:20:29.461] [INFO] debug-file - Finished :entry:default@GeneratePkgSdkInfo... after 1 ms 
[2026-09-18T17:20:29.448] [DEBUG] debug-file - runTaskFromQueue task cost before running: 1 s 4 ms 
[2026-09-18T17:20:29.427] [DEBUG] debug-file - Module 'entry' target 'default' build option initialized
[2026-09-18T17:20:29.452] [DEBUG] debug-file - Task 'entry:default@MergeProfile' cost while wrapping incremental declarations: 1 ms 
[2026-09-18T17:20:29.547] [DEBUG] debug-file - entry : default@CompileArkTS cost memory 2.001953125
[2026-09-18T17:20:29.449] [INFO] debug-file - Finished :entry:default@CreateModuleInfo... after 1 ms 
[2026-09-18T17:20:29.427] [DEBUG] debug-file - End initialize module-target build option map, moduleName=entry
[2026-09-18T17:20:29.452] [DEBUG] debug-file - Incremental task entry:default@MergeProfile pre-execution cost: 1 ms .
[2026-09-18T17:20:29.427] [DEBUG] debug-file - Obtain build option for module 'entry' target 'default'in this build.
[2026-09-18T17:20:29.452] [DEBUG] debug-file - entry : default@MergeProfile cost memory 0.12314605712890625
[2026-09-18T17:20:29.430] [DEBUG] debug-file - Module entry task initialization takes 3 ms 
[2026-09-18T17:20:29.453] [INFO] debug-file - UP-TO-DATE :entry:default@MergeProfile...  
[2026-09-18T17:20:29.430] [DEBUG] debug-file - Hap plugin register hook start...
[2026-09-18T17:20:29.430] [DEBUG] debug-file - Hap plugin register hook end...
[2026-09-18T17:20:29.430] [DEBUG] debug-file - Plugin build process completed
[2026-09-18T17:20:29.430] [DEBUG] debug-file - hvigorfile, begin to bind custom plugins...
[2026-09-18T17:20:29.430] [DEBUG] debug-file - hvigorfile, no custom plugins were found in /Users/yujiantao/DevEcoStudioProjects/bang/entry/hvigorfile.ts
[2026-09-18T17:20:29.430] [DEBUG] debug-file - hvigorfile, resolve finished /Users/yujiantao/DevEcoStudioProjects/bang/entry/hvigorfile.ts
[2026-09-18T17:20:37.739] [WARN] debug-file - [33mWARN: [33m[33mArkTS:WARN File: /Users/yujiantao/DevEcoStudioProjects/bang/entry/src/main/ets/service/SystemTrainingService.ets:98:75
 The system capacity of this api 'resultCode' is not supported on all devices
[39m[39m
[33mWARN: [33m[33mArkTS:WARN File: /Users/yujiantao/DevEcoStudioProjects/bang/entry/src/main/ets/service/SystemTrainingService.ets:98:105
 The system capacity of this api 'message' is not supported on all devices
[39m[39m
[33mWARN: [33m[33mArkTS:WARN File: /Users/yujiantao/DevEcoStudioProjects/bang/entry/src/main/ets/service/SystemTrainingService.ets:156:53
 The system capacity of this api 'liveViewManager' is not supported on all devices
[39m[39m
[33mWARN: [33m[33mArkTS:WARN File: /Users/yujiantao/DevEcoStudioProjects/bang/entry/src/main/ets/service/SystemTrainingService.ets:156:69
 The system capacity of this api 'isLiveViewEnabled' is not supported on all devices
[39m[39m
[33mWARN: [33m[33mArkTS:WARN File: /Users/yujiantao/DevEcoStudioProjects/bang/entry/src/main/ets/service/SystemTrainingService.ets:271:51
 The system capacity of this api 'liveViewManager' is not supported on all devices
[39m[39m
[33mWARN: [33m[33mArkTS:WARN File: /Users/yujiantao/DevEcoStudioProjects/bang/entry/src/main/ets/service/SystemTrainingService.ets:271:67
 The system capacity of this api 'stopLiveView' is not supported on all devices
[39m[39m
[33mWARN: [33m[33mArkTS:WARN File: /Users/yujiantao/DevEcoStudioProjects/bang/entry/src/main/ets/service/SystemTrainingService.ets:304:22
 The system capacity of this api 'liveViewManager' is not supported on all devices
[39m[39m
[33mWARN: [33m[33mArkTS:WARN File: /Users/yujiantao/DevEcoStudioProjects/bang/entry/src/main/ets/service/SystemTrainingService.ets:304:38
 The system capacity of this api 'getActiveLiveView' is not supported on all devices
[39m[39m
[33mWARN: [33m[33mArkTS:WARN File: /Users/yujiantao/DevEcoStudioProjects/bang/entry/src/main/ets/service/SystemTrainingService.ets:311:43
 The system capacity of this api 'sequence' is not supported on all devices
[39m[39m
[33mWARN: [33m[33mArkTS:WARN File: /Users/yujiantao/DevEcoStudioProjects/bang/entry/src/main/ets/service/SystemTrainingService.ets:311:79
 The system capacity of this api 'sequence' is not supported on all devices
[39m[39m
[33mWARN: [33m[33mArkTS:WARN File: /Users/yujiantao/DevEcoStudioProjects/bang/entry/src/main/ets/service/SystemTrainingService.ets:315:51
 The system capacity of this api 'liveViewManager' is not supported on all devices
[39m[39m
[33mWARN: [33m[33mArkTS:WARN File: /Users/yujiantao/DevEcoStudioProjects/bang/entry/src/main/ets/service/SystemTrainingService.ets:315:67
 The system capacity of this api 'stopLiveView' is not supported on all devices
[39m[39m
[33mWARN: [33m[33mArkTS:WARN File: /Users/yujiantao/DevEcoStudioProjects/bang/entry/src/main/ets/service/SystemTrainingService.ets:335:107
 The system capacity of this api 'liveViewManager' is not supported on all devices
[39m[39m
[33mWARN: [33m[33mArkTS:WARN File: /Users/yujiantao/DevEcoStudioProjects/bang/entry/src/main/ets/service/SystemTrainingService.ets:335:123
 The system capacity of this api 'startLiveView' is not supported on all devices
[39m[39m
[33mWARN: [33m[33mArkTS:WARN File: /Users/yujiantao/DevEcoStudioProjects/bang/entry/src/main/ets/service/SystemTrainingService.ets:336:27
 The system capacity of this api 'resultCode' is not supported on all devices
[39m[39m
[33mWARN: [33m[33mArkTS:WARN File: /Users/yujiantao/DevEcoStudioProjects/bang/entry/src/main/ets/service/SystemTrainingService.ets:337:69
 The system capacity of this api 'resultCode' is not supported on all devices
[39m[39m
[33mWARN: [33m[33mArkTS:WARN File: /Users/yujiantao/DevEcoStudioProjects/bang/entry/src/main/ets/service/SystemTrainingService.ets:337:104
 The system capacity of this api 'message' is not supported on all devices
[39m[39m
[33mWARN: [33m[33mArkTS:WARN File: /Users/yujiantao/DevEcoStudioProjects/bang/entry/src/main/ets/service/SystemTrainingService.ets:340:88
 The system capacity of this api 'resultCode' is not supported on all devices
[39m[39m
[33mWARN: [33m[33mArkTS:WARN File: /Users/yujiantao/DevEcoStudioProjects/bang/entry/src/main/ets/service/SystemTrainingService.ets:348:109
 The system capacity of this api 'liveViewManager' is not supported on all devices
[39m[39m
[33mWARN: [33m[33mArkTS:WARN File: /Users/yujiantao/DevEcoStudioProjects/bang/entry/src/main/ets/service/SystemTrainingService.ets:348:125
 The system capacity of this api 'startLiveView' is not supported on all devices
[39m[39m
[33mWARN: [33m[33mArkTS:WARN File: /Users/yujiantao/DevEcoStudioProjects/bang/entry/src/main/ets/service/SystemTrainingService.ets:349:29
 The system capacity of this api 'resultCode' is not supported on all devices
[39m[39m
[33mWARN: [33m[33mArkTS:WARN File: /Users/yujiantao/DevEcoStudioProjects/bang/entry/src/main/ets/service/SystemTrainingService.ets:350:77
 The system capacity of this api 'resultCode' is not supported on all devices
[39m[39m
[33mWARN: [33m[33mArkTS:WARN File: /Users/yujiantao/DevEcoStudioProjects/bang/entry/src/main/ets/service/SystemTrainingService.ets:350:112
 The system capacity of this api 'message' is not supported on all devices
[39m[39m
[33mWARN: [33m[33mArkTS:WARN File: /Users/yujiantao/DevEcoStudioProjects/bang/entry/src/main/ets/service/SystemTrainingService.ets:353:96
 The system capacity of this api 'resultCode' is not supported on all devices
[39m[39m
[33mWARN: [33m[33mArkTS:WARN File: /Users/yujiantao/DevEcoStudioProjects/bang/entry/src/main/ets/service/SystemTrainingService.ets:362:98
 The system capacity of this api 'liveViewManager' is not supported on all devices
[39m[39m
[33mWARN: [33m[33mArkTS:WARN File: /Users/yujiantao/DevEcoStudioProjects/bang/entry/src/main/ets/service/SystemTrainingService.ets:362:114
 The system capacity of this api 'updateLiveView' is not supported on all devices
[39m[39m
[33mWARN: [33m[33mArkTS:WARN File: /Users/yujiantao/DevEcoStudioProjects/bang/entry/src/main/ets/service/SystemTrainingService.ets:363:18
 The system capacity of this api 'resultCode' is not supported on all devices
[39m[39m
[33mWARN: [33m[33mArkTS:WARN File: /Users/yujiantao/DevEcoStudioProjects/bang/entry/src/main/ets/service/SystemTrainingService.ets:364:61
 The system capacity of this api 'resultCode' is not supported on all devices
[39m[39m
[33mWARN: [33m[33mArkTS:WARN File: /Users/yujiantao/DevEcoStudioProjects/bang/entry/src/main/ets/service/SystemTrainingService.ets:364:91
 The system capacity of this api 'message' is not supported on all devices
[39m[39m
[33mWARN: [33m[33mArkTS:WARN File: /Users/yujiantao/DevEcoStudioProjects/bang/entry/src/main/ets/service/SystemTrainingService.ets:366:80
 The system capacity of this api 'resultCode' is not supported on all devices
[39m[39m
[33mWARN: [33m[33mArkTS:WARN File: /Users/yujiantao/DevEcoStudioProjects/bang/entry/src/main/ets/service/SystemTrainingService.ets:375:58
 The system capacity of this api 'liveViewManager' is not supported on all devices
[39m[39m
[33mWARN: [33m[33mArkTS:WARN File: /Users/yujiantao/DevEcoStudioProjects/bang/entry/src/main/ets/service/SystemTrainingService.ets:375:74
 The system capacity of this api 'getActiveLiveView' is not supported on all devices
[39m[39m
[33mWARN: [33m[33mArkTS:WARN File: /Users/yujiantao/DevEcoStudioProjects/bang/entry/src/main/ets/service/SystemTrainingService.ets:376:49
 The system capacity of this api 'sequence' is not supported on all devices
[39m[39m
[33mWARN: [33m[33mArkTS:WARN File: /Users/yujiantao/DevEcoStudioProjects/bang/entry/src/main/ets/service/SystemTrainingService.ets:376:85
 The system capacity of this api 'sequence' is not supported on all devices
[39m[39m
[33mWARN: [33m[33mArkTS:WARN File: /Users/yujiantao/DevEcoStudioProjects/bang/entry/src/main/ets/service/SystemTrainingService.ets:381:110
 The system capacity of this api 'liveViewManager' is not supported on all devices
[39m[39m
[33mWARN: [33m[33mArkTS:WARN File: /Users/yujiantao/DevEcoStudioProjects/bang/entry/src/main/ets/service/SystemTrainingService.ets:381:126
 The system capacity of this api 'updateLiveView' is not supported on all devices
[39m[39m
[33mWARN: [33m[33mArkTS:WARN File: /Users/yujiantao/DevEcoStudioProjects/bang/entry/src/main/ets/service/SystemTrainingService.ets:382:30
 The system capacity of this api 'resultCode' is not supported on all devices
[39m[39m
[33mWARN: [33m[33mArkTS:WARN File: /Users/yujiantao/DevEcoStudioProjects/bang/entry/src/main/ets/service/SystemTrainingService.ets:384:101
 The system capacity of this api 'resultCode' is not supported on all devices
[39m[39m
[33mWARN: [33m[33mArkTS:WARN File: /Users/yujiantao/DevEcoStudioProjects/bang/entry/src/main/ets/service/SystemTrainingService.ets:387:71
 The system capacity of this api 'resultCode' is not supported on all devices
[39m[39m
[33mWARN: [33m[33mArkTS:WARN File: /Users/yujiantao/DevEcoStudioProjects/bang/entry/src/main/ets/service/SystemTrainingService.ets:387:109
 The system capacity of this api 'message' is not supported on all devices
[39m[39m
[33mWARN: [33m[33mArkTS:WARN File: /Users/yujiantao/DevEcoStudioProjects/bang/entry/src/main/ets/service/SystemTrainingService.ets:602:19
 The system capacity of this api 'liveViewManager' is not supported on all devices
[39m[39m
[33mWARN: [33m[33mArkTS:WARN File: /Users/yujiantao/DevEcoStudioProjects/bang/entry/src/main/ets/service/SystemTrainingService.ets:602:35
 The system capacity of this api 'ExtensionType' is not supported on all devices
[39m[39m
[33mWARN: [33m[33mArkTS:WARN File: /Users/yujiantao/DevEcoStudioProjects/bang/entry/src/main/ets/service/SystemTrainingService.ets:602:49
 The system capacity of this api 'EXTENSION_TYPE_CAPSULE_TEXT' is not supported on all devices
[39m[39m
[33mWARN: [33m[33mArkTS:WARN File: /Users/yujiantao/DevEcoStudioProjects/bang/entry/src/main/ets/service/SystemTrainingService.ets:606:25
 The system capacity of this api 'liveViewManager' is not supported on all devices
[39m[39m
[33mWARN: [33m[33mArkTS:WARN File: /Users/yujiantao/DevEcoStudioProjects/bang/entry/src/main/ets/service/SystemTrainingService.ets:606:41
 The system capacity of this api 'LayoutType' is not supported on all devices
[39m[39m
[33mWARN: [33m[33mArkTS:WARN File: /Users/yujiantao/DevEcoStudioProjects/bang/entry/src/main/ets/service/SystemTrainingService.ets:606:52
 The system capacity of this api 'LAYOUT_TYPE_PROGRESS' is not supported on all devices
[39m[39m
[33mWARN: [33m[33mArkTS:WARN File: /Users/yujiantao/DevEcoStudioProjects/bang/entry/src/main/ets/service/SystemTrainingService.ets:610:28
 The system capacity of this api 'liveViewManager' is not supported on all devices
[39m[39m
[33mWARN: [33m[33mArkTS:WARN File: /Users/yujiantao/DevEcoStudioProjects/bang/entry/src/main/ets/service/SystemTrainingService.ets:610:44
 The system capacity of this api 'IndicatorType' is not supported on all devices
[39m[39m
[33mWARN: [33m[33mArkTS:WARN File: /Users/yujiantao/DevEcoStudioProjects/bang/entry/src/main/ets/service/SystemTrainingService.ets:610:58
 The system capacity of this api 'INDICATOR_TYPE_UNDISPLAYED' is not supported on all devices
[39m[39m
[33mWARN: [33m[33mArkTS:WARN File: /Users/yujiantao/DevEcoStudioProjects/bang/entry/src/main/ets/service/SystemTrainingService.ets:611:23
 The system capacity of this api 'liveViewManager' is not supported on all devices
[39m[39m
[33mWARN: [33m[33mArkTS:WARN File: /Users/yujiantao/DevEcoStudioProjects/bang/entry/src/main/ets/service/SystemTrainingService.ets:611:39
 The system capacity of this api 'LineType' is not supported on all devices
[39m[39m
[33mWARN: [33m[33mArkTS:WARN File: /Users/yujiantao/DevEcoStudioProjects/bang/entry/src/main/ets/service/SystemTrainingService.ets:611:48
 The system capacity of this api 'LINE_TYPE_THICK_SOLID_LINE' is not supported on all devices
[39m[39m
[33mWARN: [33m[33mArkTS:WARN File: /Users/yujiantao/DevEcoStudioProjects/bang/entry/src/main/ets/service/SystemTrainingService.ets:623:17
 The system capacity of this api 'liveViewManager' is not supported on all devices
[39m[39m
[33mWARN: [33m[33mArkTS:WARN File: /Users/yujiantao/DevEcoStudioProjects/bang/entry/src/main/ets/service/SystemTrainingService.ets:623:33
 The system capacity of this api 'CapsuleType' is not supported on all devices
[39m[39m
[33mWARN: [33m[33mArkTS:WARN File: /Users/yujiantao/DevEcoStudioProjects/bang/entry/src/main/ets/service/SystemTrainingService.ets:623:45
 The system capacity of this api 'CAPSULE_TYPE_TIMER' is not supported on all devices
[39m[39m
[33mWARN: [33m[33mArkTS:WARN File: /Users/yujiantao/DevEcoStudioProjects/bang/entry/src/main/ets/service/VoiceService.ets:118:27
 The system capacity of this api 'stop' is not supported on all devices
[39m[39m
[33mWARN: [33m[33mArkTS:WARN File: /Users/yujiantao/DevEcoStudioProjects/bang/entry/src/main/ets/service/VoiceService.ets:189:31
 The system capacity of this api 'shutdown' is not supported on all devices
[39m[39m
[33mWARN: [33m[33mArkTS:WARN File: /Users/yujiantao/DevEcoStudioProjects/bang/entry/src/main/ets/service/VoiceService.ets:191:37
 The system capacity of this api 'textToSpeech' is not supported on all devices
[39m[39m
[33mWARN: [33m[33mArkTS:WARN File: /Users/yujiantao/DevEcoStudioProjects/bang/entry/src/main/ets/service/VoiceService.ets:191:50
 The system capacity of this api 'createEngine' is not supported on all devices
[39m[39m
[33mWARN: [33m[33mArkTS:WARN File: /Users/yujiantao/DevEcoStudioProjects/bang/entry/src/main/ets/service/VoiceService.ets:203:29
 The system capacity of this api 'setListener' is not supported on all devices
[39m[39m
[33mWARN: [33m[33mArkTS:WARN File: /Users/yujiantao/DevEcoStudioProjects/bang/entry/src/main/ets/service/VoiceService.ets:213:27
 The system capacity of this api 'speak' is not supported on all devices
[39m[39m

[2026-09-18T17:20:37.739] [DEBUG] debug-file - Ark compile task finished.finished time is 1498599633302291
[2026-09-18T17:20:37.742] [DEBUG] debug-file - worker[4] has one work done.
[2026-09-18T17:20:37.748] [DEBUG] debug-file - default@CompileArkTS work[0] done.
[2026-09-18T17:20:37.757] [DEBUG] debug-file - Executing task :entry:default@PackageHap
[2026-09-18T17:20:37.748] [DEBUG] debug-file - A work dispatched to worker[4] failed because unable to get work from ready queue.
[2026-09-18T17:20:37.762] [DEBUG] debug-file - default@PackageHap work[1] is submitted.
[2026-09-18T17:20:37.750] [INFO] debug-file - Finished :entry:default@CompileArkTS... after 7 s 294 ms 
[2026-09-18T17:20:37.761] [DEBUG] debug-file - entry:default@PackageHap is not up-to-date, since the input file '/Users/yujiantao/DevEcoStudioProjects/bang/entry/build/default/intermediates/loader_out/default/ets' has been changed.
[2026-09-18T17:20:37.752] [DEBUG] debug-file - Executing task :entry:default@GeneratePkgModuleJson
[2026-09-18T17:20:37.762] [DEBUG] debug-file - default@PackageHap work[1] is pushed to ready queue.
[2026-09-18T17:20:37.761] [DEBUG] debug-file - Incremental task entry:default@PackageHap pre-execution cost: 3 ms .
[2026-09-18T17:20:37.752] [DEBUG] debug-file - File: '/Users/yujiantao/DevEcoStudioProjects/bang/entry/build/default/intermediates/preload/default/preload.json' from 'preloadSoJsonPath' is not exists, just ignore.
[2026-09-18T17:20:37.762] [DEBUG] debug-file - A work dispatched to worker[7] failed because unable to get work from ready queue.
[2026-09-18T17:20:37.761] [DEBUG] debug-file - Use tool [/Applications/DevEco-Studio.app/Contents/sdk/default/openharmony/toolchains/lib/app_packing_tool.jar]
 [
  'java',
  '-Dfile.encoding=utf-8',
  '-jar',
  '/Applications/DevEco-Studio.app/Contents/sdk/default/openharmony/toolchains/lib/app_packing_tool.jar',
  '--mode',
  'hap',
  '--force',
  'true',
  '--lib-path',
  '/Users/yujiantao/DevEcoStudioProjects/bang/entry/build/default/intermediates/stripped_native_libs/default',
  '--json-path',
  '/Users/yujiantao/DevEcoStudioProjects/bang/entry/build/default/intermediates/package/default/module.json',
  '--resources-path',
  '/Users/yujiantao/DevEcoStudioProjects/bang/entry/build/default/intermediates/res/default/resources',
  '--index-path',
  '/Users/yujiantao/DevEcoStudioProjects/bang/entry/build/default/intermediates/res/default/resources.index',
  '--pack-info-path',
  '/Users/yujiantao/DevEcoStudioProjects/bang/entry/build/default/outputs/default/pack.info',
  '--out-path',
  '/Users/yujiantao/DevEcoStudioProjects/bang/entry/build/default/outputs/default/entry-default-unsigned.hap',
  '--ets-path',
  '/Users/yujiantao/DevEcoStudioProjects/bang/entry/build/default/intermediates/loader_out/default/ets',
  '--pkg-context-path',
  '/Users/yujiantao/DevEcoStudioProjects/bang/entry/build/default/intermediates/loader/default/pkgContextInfo.json'
]
[2026-09-18T17:20:37.752] [DEBUG] debug-file - Error occurs while handling @Input 'shouldDeduplicateHar': The "data" argument must be of type string or an instance of Buffer, TypedArray, or DataView. Received undefined
[2026-09-18T17:20:37.762] [DEBUG] debug-file - Create  resident worker with id: 6.
[2026-09-18T17:20:37.752] [DEBUG] debug-file - Task 'entry:default@GeneratePkgModuleJson' cost while wrapping incremental declarations: 1 ms 
[2026-09-18T17:20:37.763] [DEBUG] debug-file - default@PackageHap work[1] has been dispatched to worker[6].
[2026-09-18T17:20:37.752] [DEBUG] debug-file - Incremental task entry:default@GeneratePkgModuleJson pre-execution cost: 1 ms .
[2026-09-18T17:20:37.763] [DEBUG] debug-file - default@PackageHap work[1] is dispatched.
[2026-09-18T17:20:37.752] [DEBUG] debug-file - entry : default@GeneratePkgModuleJson cost memory 0.077728271484375
[2026-09-18T17:20:37.764] [DEBUG] debug-file - entry : default@PackageHap cost memory 0.6802597045898438
[2026-09-18T17:20:37.753] [INFO] debug-file - UP-TO-DATE :entry:default@GeneratePkgModuleJson...  
[2026-09-18T17:20:37.753] [DEBUG] debug-file - Executing task :entry:default@ProcessCompiledResources
[2026-09-18T17:20:37.753] [DEBUG] debug-file - File: '/Users/yujiantao/DevEcoStudioProjects/bang/entry/build/default/intermediates/preload/default/preload.json' from 'preloadSoJsonPath' is not exists, just ignore.
[2026-09-18T17:20:37.753] [DEBUG] debug-file - Task 'entry:default@ProcessCompiledResources' cost while wrapping incremental declarations: 1 ms 
[2026-09-18T17:20:37.753] [DEBUG] debug-file - entry : default@ProcessCompiledResources cost memory 0.052032470703125
[2026-09-18T17:20:37.753] [DEBUG] debug-file - runTaskFromQueue task cost before running: 9 s 308 ms 
[2026-09-18T17:20:37.753] [INFO] debug-file - Finished :entry:default@ProcessCompiledResources... after 1 ms 
[2026-09-18T17:20:38.148] [DEBUG] debug-file - current process  memoryUsage: {
  rss: 529973248,
  heapTotal: 78184448,
  heapUsed: 54057488,
  external: 3666901,
  arrayBuffers: 18667
} os memoryUsage :15.857757568359375
[2026-09-18T17:20:38.620] [DEBUG] debug-file - worker[6] has one work done.
[2026-09-18T17:20:38.620] [DEBUG] debug-file - default@PackageHap work[1] done.
[2026-09-18T17:20:38.622] [DEBUG] debug-file - Executing task :entry:default@PackingCheck
[2026-09-18T17:20:38.628] [DEBUG] debug-file - Executing task :entry:default@SignHap
[2026-09-18T17:20:38.639] [DEBUG] debug-file - current process  memoryUsage: {
  rss: 484966400,
  heapTotal: 160546816,
  heapUsed: 130980264,
  external: 3851769,
  arrayBuffers: 131542
} os memoryUsage :15.81781005859375
[2026-09-18T17:20:38.620] [DEBUG] debug-file - A work dispatched to worker[6] failed because unable to get work from ready queue.
[2026-09-18T17:20:38.626] [DEBUG] debug-file - entry : default@PackingCheck cost memory 0.6724395751953125
[2026-09-18T17:20:38.629] [DEBUG] debug-file - entry:default@SignHap is not up-to-date, since the input file '/Users/yujiantao/DevEcoStudioProjects/bang/entry/build/default/outputs/default/entry-default-unsigned.hap' has been changed.
[2026-09-18T17:20:38.620] [INFO] debug-file - Finished :entry:default@PackageHap... after 481 ms 
[2026-09-18T17:20:38.626] [DEBUG] debug-file - runTaskFromQueue task cost before running: 10 s 182 ms 
[2026-09-18T17:20:38.629] [DEBUG] debug-file - Incremental task entry:default@SignHap pre-execution cost: 1 ms .
[2026-09-18T17:20:38.627] [INFO] debug-file - Finished :entry:default@PackingCheck... after 5 ms 
[2026-09-18T17:20:39.005] [DEBUG] debug-file - 09-18 17:20:39.004  INFO - Start verify-profile

[2026-09-18T17:20:39.169] [DEBUG] debug-file - 09-18 17:20:39.169  INFO - verify-profile success

[2026-09-18T17:20:39.189] [DEBUG] debug-file - current process  memoryUsage: {
  rss: 462012416,
  heapTotal: 160546816,
  heapUsed: 131385776,
  external: 3851881,
  arrayBuffers: 131654
} os memoryUsage :15.785675048828125
[2026-09-18T17:20:39.515] [DEBUG] debug-file - 09-18 17:20:39.515  INFO - Start sign-app

[2026-09-18T17:20:39.631] [DEBUG] debug-file - 09-18 17:20:39.631  INFO - certificate in profile: 俞建涛(1389902721670239361)\,Development

[2026-09-18T17:20:39.669] [DEBUG] debug-file - 09-18 17:20:39.669  INFO - Start to sign code.

[2026-09-18T17:20:39.672] [DEBUG] debug-file - 09-18 17:20:39.672  INFO - profile type is: debug

[2026-09-18T17:20:39.690] [DEBUG] debug-file - 09-18 17:20:39.690  INFO - /Users/yujiantao/.ohos/config/auto_bang_7YrzqJE1rIOdvZ_BTS9A9UF3By8y4SWYB3-MGJb9VSs=.p12 is exist. Try to load it with given passwd

[2026-09-18T17:20:39.785] [DEBUG] debug-file - 09-18 17:20:39.784  INFO - Create a sign info successfully.

[2026-09-18T17:20:39.793] [DEBUG] debug-file - 09-18 17:20:39.792  INFO - Create a sign info successfully.

[2026-09-18T17:20:39.796] [DEBUG] debug-file - 09-18 17:20:39.796  INFO - No native libs.

[2026-09-18T17:20:39.797] [DEBUG] debug-file - 09-18 17:20:39.797  INFO - Sign successfully.

[2026-09-18T17:20:39.808] [DEBUG] debug-file - 09-18 17:20:39.808  INFO - Add sign data in sign info list success.

[2026-09-18T17:20:39.811] [DEBUG] debug-file - 09-18 17:20:39.811  INFO - Generate signing block success, begin write it to output file

[2026-09-18T17:20:39.812] [DEBUG] debug-file - 09-18 17:20:39.812  INFO - Sign Hap success!

[2026-09-18T17:20:39.812] [DEBUG] debug-file - 09-18 17:20:39.812  INFO - sign-app success

[2026-09-18T17:20:39.820] [DEBUG] debug-file - entry : default@SignHap cost memory 1.05438232421875
[2026-09-18T17:20:39.820] [DEBUG] debug-file - runTaskFromQueue task cost before running: 11 s 375 ms 
[2026-09-18T17:20:39.821] [DEBUG] debug-file - Executing task :entry:default@CollectDebugSymbol
[2026-09-18T17:20:39.821] [DEBUG] debug-file - entry : default@CollectDebugSymbol cost memory 0.08962249755859375
[2026-09-18T17:20:39.820] [INFO] debug-file - Finished :entry:default@SignHap... after 1 s 192 ms 
[2026-09-18T17:20:39.821] [DEBUG] debug-file - runTaskFromQueue task cost before running: 11 s 377 ms 
[2026-09-18T17:20:39.821] [INFO] debug-file - Finished :entry:default@CollectDebugSymbol... after 1 ms 
[2026-09-18T17:20:39.822] [DEBUG] debug-file - Executing task :entry:assembleHap
[2026-09-18T17:20:39.822] [DEBUG] debug-file - entry : assembleHap cost memory 0.0158538818359375
[2026-09-18T17:20:39.822] [DEBUG] debug-file - runTaskFromQueue task cost before running: 11 s 377 ms 
[2026-09-18T17:20:39.822] [INFO] debug-file - Finished :entry:assembleHap... after 1 ms 
[2026-09-18T17:20:39.823] [INFO] debug-file - BUILD SUCCESSFUL in 11 s 378 ms 
[2026-09-18T17:20:39.823] [DEBUG] debug-file - There is no need to refresh cache, since the incremental task entry:default@PreBuild is up-to-date.
[2026-09-18T17:20:39.823] [DEBUG] debug-file - Update task entry:default@CreateModuleInfo output file:/Users/yujiantao/DevEcoStudioProjects/bang/entry/build/default/generated/profile/default/ModuleInfo.ts cache.
[2026-09-18T17:20:39.823] [DEBUG] debug-file - Incremental task entry:default@CreateModuleInfo post-execution cost:1 ms .
[2026-09-18T17:20:39.823] [DEBUG] debug-file - There is no need to refresh cache, since the incremental task entry:default@GenerateMetadata is up-to-date.
[2026-09-18T17:20:39.824] [DEBUG] debug-file - There is no need to refresh cache, since the incremental task entry:default@MergeProfile is up-to-date.
[2026-09-18T17:20:39.824] [DEBUG] debug-file - There is no need to refresh cache, since the incremental task entry:default@CreateBuildProfile is up-to-date.
[2026-09-18T17:20:39.824] [DEBUG] debug-file - There is no need to refresh cache, since the incremental task entry:default@GeneratePkgContextInfo is up-to-date.
[2026-09-18T17:20:39.824] [DEBUG] debug-file - Update task entry:default@GeneratePkgSdkInfo output file:/Users/yujiantao/DevEcoStudioProjects/bang/entry/build/default/intermediates/loader/default/pkgSdkInfo.json cache.
[2026-09-18T17:20:39.824] [DEBUG] debug-file - Incremental task entry:default@GeneratePkgSdkInfo post-execution cost:1 ms .
[2026-09-18T17:20:39.824] [DEBUG] debug-file - Update task entry:default@ProcessIntegratedHsp output file:/Users/yujiantao/DevEcoStudioProjects/bang/build/cache/default/integrated_hsp/integratedHspCache.json cache.
[2026-09-18T17:20:39.824] [DEBUG] debug-file - Incremental task entry:default@ProcessIntegratedHsp post-execution cost:1 ms .
[2026-09-18T17:20:39.824] [DEBUG] debug-file - There is no need to refresh cache, since the incremental task entry:default@MakePackInfo is up-to-date.
[2026-09-18T17:20:39.824] [DEBUG] debug-file - Update task entry:default@SyscapTransform input file:/Applications/DevEco-Studio.app/Contents/sdk/default/openharmony/toolchains/syscap_tool cache by regenerate.
[2026-09-18T17:20:39.824] [DEBUG] debug-file - Update task entry:default@SyscapTransform input file:/Applications/DevEco-Studio.app/Contents/sdk/default/openharmony/ets/api/device-define cache by regenerate.
[2026-09-18T17:20:39.824] [DEBUG] debug-file - Update task entry:default@SyscapTransform output file:/Users/yujiantao/DevEcoStudioProjects/bang/entry/build/default/intermediates/syscap/default/rpcid.sc cache.
[2026-09-18T17:20:39.824] [DEBUG] debug-file - Incremental task entry:default@SyscapTransform post-execution cost:1 ms .
[2026-09-18T17:20:39.824] [DEBUG] debug-file - There is no need to refresh cache, since the incremental task entry:default@ProcessProfile is up-to-date.
[2026-09-18T17:20:39.824] [DEBUG] debug-file - There is no need to refresh cache, since the incremental task entry:default@ProcessRouterMap is up-to-date.
[2026-09-18T17:20:39.824] [DEBUG] debug-file - There is no need to refresh cache, since the incremental task entry:default@ProcessShareConfig is up-to-date.
[2026-09-18T17:20:39.824] [DEBUG] debug-file - Update task entry:default@ProcessStartupConfig input file:/Users/yujiantao/DevEcoStudioProjects/bang/entry/build/default/intermediates/loader/default/pkgContextInfo.json cache by regenerate.
[2026-09-18T17:20:39.824] [DEBUG] debug-file - Update task entry:default@ProcessStartupConfig output file:/Users/yujiantao/DevEcoStudioProjects/bang/entry/build/default/intermediates/startup/default/startup_config.json cache.
[2026-09-18T17:20:39.824] [DEBUG] debug-file - Incremental task entry:default@ProcessStartupConfig post-execution cost:1 ms .
[2026-09-18T17:20:39.824] [DEBUG] debug-file - There is no need to refresh cache, since the incremental task entry:default@ProcessResource is up-to-date.
[2026-09-18T17:20:39.824] [DEBUG] debug-file - There is no need to refresh cache, since the incremental task entry:default@GenerateLoaderJson is up-to-date.
[2026-09-18T17:20:39.824] [DEBUG] debug-file - There is no need to refresh cache, since the incremental task entry:default@ProcessLibs is up-to-date.
[2026-09-18T17:20:39.824] [DEBUG] debug-file - There is no need to refresh cache, since the incremental task entry:default@CompileResource is up-to-date.
[2026-09-18T17:20:39.824] [DEBUG] debug-file - There is no need to refresh cache, since the incremental task entry:default@DoNativeStrip is up-to-date.
[2026-09-18T17:20:39.825] [DEBUG] debug-file - Update task entry:default@CompileArkTS input file:/Users/yujiantao/DevEcoStudioProjects/bang/entry/build/default/intermediates/loader/default cache by regenerate.
[2026-09-18T17:20:39.825] [DEBUG] debug-file - Update task entry:default@CompileArkTS input file:/Users/yujiantao/DevEcoStudioProjects/bang/entry/build/default/intermediates/res/default/resources/rawfile cache by regenerate.
[2026-09-18T17:20:39.826] [DEBUG] debug-file - Update task entry:default@CompileArkTS input file:/Users/yujiantao/DevEcoStudioProjects/bang/entry/build/default/intermediates/res/default/ResourceTable.txt cache by regenerate.
[2026-09-18T17:20:39.826] [DEBUG] debug-file - Update task entry:default@CompileArkTS input file:/Users/yujiantao/DevEcoStudioProjects/bang/entry/build/default/intermediates/res/default/ark_module.json cache by regenerate.
[2026-09-18T17:20:39.826] [DEBUG] debug-file - Update task entry:default@CompileArkTS input file:/Users/yujiantao/DevEcoStudioProjects/bang/entry/build/default/intermediates/res/default/resources/base/profile cache by regenerate.
[2026-09-18T17:20:39.826] [DEBUG] debug-file - Update task entry:default@CompileArkTS input file:/Users/yujiantao/DevEcoStudioProjects/bang/entry/src/main/ets cache from map.
[2026-09-18T17:20:39.826] [DEBUG] debug-file - Update task entry:default@CompileArkTS input file:/Users/yujiantao/DevEcoStudioProjects/bang/entry/build/default/intermediates/loader/default/pkgContextInfo.json cache by regenerate.
[2026-09-18T17:20:39.826] [DEBUG] debug-file - Update task entry:default@CompileArkTS input file:/Users/yujiantao/DevEcoStudioProjects/bang/entry/build/default/generated/profile/default/BuildProfile.ets cache by regenerate.
[2026-09-18T17:20:39.826] [DEBUG] debug-file - Update task entry:default@CompileArkTS output file:/Users/yujiantao/DevEcoStudioProjects/bang/entry/build/default/intermediates/loader_out/default/ets cache.
[2026-09-18T17:20:39.826] [DEBUG] debug-file - Incremental task entry:default@CompileArkTS post-execution cost:2 ms .
[2026-09-18T17:20:39.827] [DEBUG] debug-file - Update task entry:default@BuildJS input file:/Users/yujiantao/DevEcoStudioProjects/bang/entry/build/default/intermediates/loader/default cache by regenerate.
[2026-09-18T17:20:39.827] [DEBUG] debug-file - Update task entry:default@BuildJS input file:/Users/yujiantao/DevEcoStudioProjects/bang/entry/build/default/intermediates/res/default/resources/rawfile cache by regenerate.
[2026-09-18T17:20:39.828] [DEBUG] debug-file - Update task entry:default@BuildJS input file:/Users/yujiantao/DevEcoStudioProjects/bang/entry/build/default/intermediates/res/default/ResourceTable.txt cache by regenerate.
[2026-09-18T17:20:39.828] [DEBUG] debug-file - Update task entry:default@BuildJS input file:/Users/yujiantao/DevEcoStudioProjects/bang/entry/build/default/intermediates/res/default/ark_module.json cache by regenerate.
[2026-09-18T17:20:39.828] [DEBUG] debug-file - Update task entry:default@BuildJS input file:/Users/yujiantao/DevEcoStudioProjects/bang/entry/build/default/intermediates/res/default/resources/base/profile cache by regenerate.
[2026-09-18T17:20:39.828] [DEBUG] debug-file - Update task entry:default@BuildJS input file:/Users/yujiantao/DevEcoStudioProjects/bang/entry/build/default/intermediates/loader/default/pkgContextInfo.json cache by regenerate.
[2026-09-18T17:20:39.828] [DEBUG] debug-file - Update task entry:default@BuildJS output file:/Users/yujiantao/DevEcoStudioProjects/bang/entry/build/default/intermediates/loader_out/default/js cache.
[2026-09-18T17:20:39.828] [DEBUG] debug-file - Incremental task entry:default@BuildJS post-execution cost:2 ms .
[2026-09-18T17:20:39.828] [DEBUG] debug-file - There is no need to refresh cache, since the incremental task entry:default@CacheNativeLibs is up-to-date.
[2026-09-18T17:20:39.828] [DEBUG] debug-file - There is no need to refresh cache, since the incremental task entry:default@GeneratePkgModuleJson is up-to-date.
[2026-09-18T17:20:39.828] [DEBUG] debug-file - Incremental task entry:default@ProcessCompiledResources post-execution cost:1 ms .
[2026-09-18T17:20:39.828] [DEBUG] debug-file - Update task entry:default@PackageHap input file:/Users/yujiantao/DevEcoStudioProjects/bang/entry/build/default/intermediates/stripped_native_libs/default cache by regenerate.
[2026-09-18T17:20:39.828] [DEBUG] debug-file - Update task entry:default@PackageHap input file:/Users/yujiantao/DevEcoStudioProjects/bang/entry/build/default/intermediates/res/default/module.json cache by regenerate.
[2026-09-18T17:20:39.828] [DEBUG] debug-file - Update task entry:default@PackageHap input file:/Users/yujiantao/DevEcoStudioProjects/bang/entry/build/default/intermediates/res/default/resources cache by regenerate.
[2026-09-18T17:20:39.829] [DEBUG] debug-file - Update task entry:default@PackageHap input file:/Users/yujiantao/DevEcoStudioProjects/bang/entry/build/default/intermediates/res/default/resources.index cache by regenerate.
[2026-09-18T17:20:39.829] [DEBUG] debug-file - Update task entry:default@PackageHap input file:/Users/yujiantao/DevEcoStudioProjects/bang/entry/build/default/outputs/default/pack.info cache by regenerate.
[2026-09-18T17:20:39.829] [DEBUG] debug-file - Update task entry:default@PackageHap input file:/Users/yujiantao/DevEcoStudioProjects/bang/entry/build/default/intermediates/loader_out/default/ets cache from map.
[2026-09-18T17:20:39.829] [DEBUG] debug-file - Update task entry:default@PackageHap input file:/Users/yujiantao/DevEcoStudioProjects/bang/entry/build/default/intermediates/loader/default/pkgContextInfo.json cache by regenerate.
[2026-09-18T17:20:39.829] [DEBUG] debug-file - Update task entry:default@PackageHap input file:/Users/yujiantao/DevEcoStudioProjects/bang/entry/build/default/intermediates/loader_out/default/ets/sourceMaps.map cache by regenerate.
[2026-09-18T17:20:39.830] [DEBUG] debug-file - Update task entry:default@PackageHap input file:/Users/yujiantao/DevEcoStudioProjects/bang/entry/build/default/generated/profile/default/BuildProfile.ets cache by regenerate.
[2026-09-18T17:20:39.830] [DEBUG] debug-file - Update task entry:default@PackageHap output file:/Users/yujiantao/DevEcoStudioProjects/bang/entry/build/default/outputs/default/entry-default-unsigned.hap cache.
[2026-09-18T17:20:39.830] [DEBUG] debug-file - Update task entry:default@PackageHap output file:/Users/yujiantao/DevEcoStudioProjects/bang/entry/build/default/intermediates/source_map/default/sourceMaps.map cache.
[2026-09-18T17:20:39.830] [DEBUG] debug-file - Update task entry:default@PackageHap output file:/Users/yujiantao/DevEcoStudioProjects/bang/entry/build/default/outputs/default/mapping/sourceMaps.map cache.
[2026-09-18T17:20:39.830] [DEBUG] debug-file - Incremental task entry:default@PackageHap post-execution cost:2 ms .
[2026-09-18T17:20:39.830] [DEBUG] debug-file - Update task entry:default@SignHap input file:/Users/yujiantao/.ohos/config/auto_bang_7YrzqJE1rIOdvZ_BTS9A9UF3By8y4SWYB3-MGJb9VSs=.cer cache by regenerate.
[2026-09-18T17:20:39.830] [DEBUG] debug-file - Update task entry:default@SignHap input file:/Users/yujiantao/.ohos/config/auto_bang_7YrzqJE1rIOdvZ_BTS9A9UF3By8y4SWYB3-MGJb9VSs=.p7b cache by regenerate.
[2026-09-18T17:20:39.830] [DEBUG] debug-file - Update task entry:default@SignHap input file:/Users/yujiantao/.ohos/config/auto_bang_7YrzqJE1rIOdvZ_BTS9A9UF3By8y4SWYB3-MGJb9VSs=.p12 cache by regenerate.
[2026-09-18T17:20:39.830] [DEBUG] debug-file - Update task entry:default@SignHap input file:/Users/yujiantao/DevEcoStudioProjects/bang/entry/build/default/outputs/default/entry-default-unsigned.hap cache from map.
[2026-09-18T17:20:39.830] [DEBUG] debug-file - Update task entry:default@SignHap output file:/Users/yujiantao/DevEcoStudioProjects/bang/entry/build/default/outputs/default/entry-default-signed.hap cache.
[2026-09-18T17:20:39.830] [DEBUG] debug-file - Incremental task entry:default@SignHap post-execution cost:1 ms .
[2026-09-18T17:20:39.830] [DEBUG] debug-file - Update task entry:default@CollectDebugSymbol input file:/Users/yujiantao/DevEcoStudioProjects/bang/entry/build/default/intermediates/loader_out/default/ets/sourceMaps.map cache by regenerate.
[2026-09-18T17:20:39.830] [DEBUG] debug-file - Update task entry:default@CollectDebugSymbol input file:/Users/yujiantao/DevEcoStudioProjects/bang/entry/build/default/intermediates/libs/default cache by regenerate.
[2026-09-18T17:20:39.830] [DEBUG] debug-file - Update task entry:default@CollectDebugSymbol output file:/Users/yujiantao/DevEcoStudioProjects/bang/entry/build/default/outputs/default/symbol cache.
[2026-09-18T17:20:39.830] [DEBUG] debug-file - Incremental task entry:default@CollectDebugSymbol post-execution cost:1 ms .
[2026-09-18T17:20:39.838] [DEBUG] debug-file - Current worker pool is stopped or closed.
[2026-09-18T17:20:39.838] [DEBUG] debug-file - Clear worker 0.
[2026-09-18T17:20:39.838] [DEBUG] debug-file - Worker 0 has been cleared.
[2026-09-18T17:20:39.838] [DEBUG] debug-file - Current idle worker size: 3.
[2026-09-18T17:20:39.838] [DEBUG] debug-file - Current busy worker size: 0.
[2026-09-18T17:20:39.838] [DEBUG] debug-file - Clear worker 1.
[2026-09-18T17:20:39.838] [DEBUG] debug-file - Worker 1 has been cleared.
[2026-09-18T17:20:39.838] [DEBUG] debug-file - Current idle worker size: 2.
[2026-09-18T17:20:39.838] [DEBUG] debug-file - Current busy worker size: 0.
[2026-09-18T17:20:39.838] [DEBUG] debug-file - Clear worker 4.
[2026-09-18T17:20:39.838] [DEBUG] debug-file - Worker 4 has been cleared.
[2026-09-18T17:20:39.838] [DEBUG] debug-file - Current idle worker size: 1.
[2026-09-18T17:20:39.838] [DEBUG] debug-file - Current busy worker size: 0.
[2026-09-18T17:20:39.838] [DEBUG] debug-file - Clear worker 6.
[2026-09-18T17:20:39.838] [DEBUG] debug-file - Worker 6 has been cleared.
[2026-09-18T17:20:39.838] [DEBUG] debug-file - Current idle worker size: 0.
[2026-09-18T17:20:39.838] [DEBUG] debug-file - Current busy worker size: 0.
[2026-09-18T17:20:39.840] [DEBUG] debug-file - hvigor build process will be closed.
[2026-09-18T17:20:39.842] [DEBUG] debug-file - Current worker pool is terminated.
[2026-09-18T17:20:39.842] [DEBUG] debug-file - worker[1] exits with exit code 1.
[2026-09-18T17:20:39.842] [DEBUG] debug-file - worker[0] exits with exit code 1.
[2026-09-18T17:20:39.845] [DEBUG] debug-file - worker[6] exits with exit code 1.
[2026-09-18T17:20:39.878] [DEBUG] debug-file - worker[4] exits with exit code 1.
[2026-09-18T17:29:04.752] [DEBUG] debug-file - session manager: set active socket. socketId=niuPOHvLIhu4hWIiAABR
[2026-09-18T17:29:04.787] [DEBUG] debug-file - watch worker: worker id should be larger than 0. Nothing will be sent to any worker thread.
[2026-09-18T17:29:04.851] [DEBUG] debug-file - Workers' log level updated to INFO
[2026-09-18T17:29:04.890] [DEBUG] debug-file - Hvigor init with startParameters:{
  hvigorfileTypeCheck: false,
  parallelExecution: true,
  incrementalExecution: true,
  printStackTrace: false,
  daemon: true,
  analyze: 0,
  logLevel: Level { level: 20000, levelStr: 'INFO', colour: 'green' },
  optimizationStrategy: 'memory',
  hotCompile: undefined,
  hotReloadBuild: undefined,
  customizedParam: undefined
}
[2026-09-18T17:29:04.943] [DEBUG] debug-file - Cache service initialization finished in 52 ms 
[2026-09-18T17:29:04.947] [DEBUG] debug-file - hvigorfile, resolving /Users/yujiantao/DevEcoStudioProjects/bang/hvigorfile.ts
[2026-09-18T17:29:04.978] [DEBUG] debug-file - hvigorfile, require result:  { default: { plugins: [] } }
[2026-09-18T17:29:04.978] [DEBUG] debug-file - hvigorfile, binding system plugins null
[2026-09-18T17:29:04.979] [DEBUG] debug-file - Starting plugin build process
[2026-09-18T17:29:04.979] [DEBUG] debug-file - App plugin prepare start...
[2026-09-18T17:29:04.982] [DEBUG] debug-file - App plugin prepare end...
[2026-09-18T17:29:04.982] [DEBUG] debug-file - App plugin creating...
[2026-09-18T17:29:04.996] [DEBUG] debug-file - App plugin register hook start...
[2026-09-18T17:29:04.996] [DEBUG] debug-file - App plugin register hook end...
[2026-09-18T17:29:04.996] [DEBUG] debug-file - Plugin build process completed
[2026-09-18T17:29:04.997] [DEBUG] debug-file - Start initialize project's product build option map with build mode debug.
[2026-09-18T17:29:04.997] [DEBUG] debug-file - Picking option from product 'default' with build mode 'debug'.
[2026-09-18T17:29:04.998] [DEBUG] debug-file - Product 'default' build option initialized
[2026-09-18T17:29:04.998] [DEBUG] debug-file - End initialize project's product build option map with build mode 'debug'.
[2026-09-18T17:29:05.000] [DEBUG] debug-file - Obtain build option for product 'default'in this build.
[2026-09-18T17:29:05.003] [DEBUG] debug-file - /Users/yujiantao/DevEcoStudioProjects/bang/build/cache/default/remote_hsp/remoteHspCache.json not exists.
[2026-09-18T17:29:05.010] [DEBUG] debug-file - Start recording SDK configuration permission data.
[2026-09-18T17:29:05.078] [DEBUG] debug-file - Sdk init in 75 ms 
[2026-09-18T17:29:05.084] [DEBUG] debug-file - Project task initialization takes 4 ms 
[2026-09-18T17:29:05.084] [DEBUG] debug-file - hvigorfile, begin to bind custom plugins...
[2026-09-18T17:29:05.084] [DEBUG] debug-file - hvigorfile, no custom plugins were found in /Users/yujiantao/DevEcoStudioProjects/bang/hvigorfile.ts
[2026-09-18T17:29:05.084] [DEBUG] debug-file - hvigorfile, resolve finished /Users/yujiantao/DevEcoStudioProjects/bang/hvigorfile.ts
[2026-09-18T17:29:05.085] [DEBUG] debug-file - hvigorfile, resolving /Users/yujiantao/DevEcoStudioProjects/bang/entry/hvigorfile.ts
[2026-09-18T17:29:05.148] [DEBUG] debug-file - hvigorfile, require result:  { default: { plugins: [] } }
[2026-09-18T17:29:05.148] [DEBUG] debug-file - hvigorfile, binding system plugins null
[2026-09-18T17:29:05.148] [DEBUG] debug-file - Starting plugin build process
[2026-09-18T17:29:05.148] [DEBUG] debug-file - Hap plugin creating...
[2026-09-18T17:29:05.149] [DEBUG] debug-file - failed to load cangjie to dynamically generate schemas: Error: Cannot find module '@ohos/cangjie-build-support/index'
Require stack:
- /Applications/DevEco-Studio.app/Contents/tools/hvigor/hvigor-ohos-plugin/src/plugin/hooks/cangjie-register.js
- /Applications/DevEco-Studio.app/Contents/tools/hvigor/hvigor-ohos-plugin/src/plugin/strategy/stage-init-strategy.js
- /Applications/DevEco-Studio.app/Contents/tools/hvigor/hvigor-ohos-plugin/src/plugin/builder/abstract-plugin-builder.js
- /Applications/DevEco-Studio.app/Contents/tools/hvigor/hvigor-ohos-plugin/src/plugin/builder/app-plugin-builder.js
- /Applications/DevEco-Studio.app/Contents/tools/hvigor/hvigor-ohos-plugin/src/plugin/factory/plugin-factory.js
- /Applications/DevEco-Studio.app/Contents/tools/hvigor/hvigor-ohos-plugin/index.js
- /Users/yujiantao/DevEcoStudioProjects/bang/hvigorfile.ts
- /Applications/DevEco-Studio.app/Contents/tools/hvigor/hvigor/src/base/internal/lifecycle/configuration.js
- /Applications/DevEco-Studio.app/Contents/tools/hvigor/hvigor/src/base/boot/index.js
- /Applications/DevEco-Studio.app/Contents/tools/hvigor/hvigor/src/base/daemon/cluster/worker-process-lifecycle.js
- /Applications/DevEco-Studio.app/Contents/tools/hvigor/hvigor/src/base/daemon/process/daemon-process-boot-script.js
[2026-09-18T17:29:05.153] [DEBUG] debug-file - Start initialize module-target build option map, moduleName=entry, buildMode=debug
[2026-09-18T17:29:05.153] [DEBUG] debug-file - Target 'default' config initialized
[2026-09-18T17:29:05.153] [DEBUG] debug-file - Module 'entry' target 'default' build option initialized
[2026-09-18T17:29:05.153] [DEBUG] debug-file - End initialize module-target build option map, moduleName=entry
[2026-09-18T17:29:05.153] [DEBUG] debug-file - Start initialize module-target build option map, moduleName=entry, buildMode=release
[2026-09-18T17:29:05.153] [DEBUG] debug-file - Target 'default' config initialized
[2026-09-18T17:29:05.153] [DEBUG] debug-file - Module 'entry' target 'default' build option initialized
[2026-09-18T17:29:05.153] [DEBUG] debug-file - End initialize module-target build option map, moduleName=entry
[2026-09-18T17:29:05.154] [DEBUG] debug-file - Start initialize module-target build option map, moduleName=entry, buildMode=debug
[2026-09-18T17:29:05.154] [DEBUG] debug-file - Target 'default' config initialized
[2026-09-18T17:29:05.154] [DEBUG] debug-file - Module 'entry' target 'default' build option initialized
[2026-09-18T17:29:05.154] [DEBUG] debug-file - End initialize module-target build option map, moduleName=entry
[2026-09-18T17:29:05.154] [DEBUG] debug-file - Obtain build option for module 'entry' target 'default'in this build.
[2026-09-18T17:29:05.160] [DEBUG] debug-file - Module entry task initialization takes 6 ms 
[2026-09-18T17:29:05.161] [DEBUG] debug-file - Hap plugin register hook start...
[2026-09-18T17:29:05.161] [DEBUG] debug-file - Hap plugin register hook end...
[2026-09-18T17:29:05.161] [DEBUG] debug-file - Plugin build process completed
[2026-09-18T17:29:05.161] [DEBUG] debug-file - hvigorfile, begin to bind custom plugins...
[2026-09-18T17:29:05.161] [DEBUG] debug-file - hvigorfile, no custom plugins were found in /Users/yujiantao/DevEcoStudioProjects/bang/entry/hvigorfile.ts
[2026-09-18T17:29:05.161] [DEBUG] debug-file - hvigorfile, resolve finished /Users/yujiantao/DevEcoStudioProjects/bang/entry/hvigorfile.ts
[2026-09-18T17:29:05.295] [DEBUG] debug-file - hvigorfile, resolve hvigorfile dependencies in 133 ms 
[2026-09-18T17:29:05.295] [DEBUG] debug-file - project has submodules:entry
[2026-09-18T17:29:05.295] [DEBUG] debug-file - module:entry no need to execute packageHap
[2026-09-18T17:29:05.296] [DEBUG] debug-file - start to load updatedOhPackageInfo to the disk
[2026-09-18T17:29:05.297] [DEBUG] debug-file - load to the disk finished
[2026-09-18T17:29:05.298] [DEBUG] debug-file - Start to initialize dependency information.
[2026-09-18T17:29:05.298] [DEBUG] debug-file - Module bang Collected Dependency: 
[2026-09-18T17:29:05.298] [DEBUG] debug-file - Module bang's total dependency: 0
[2026-09-18T17:29:05.299] [DEBUG] debug-file - Start to initialize dependency information.
[2026-09-18T17:29:05.299] [DEBUG] debug-file - Module entry Collected Dependency: 
[2026-09-18T17:29:05.299] [DEBUG] debug-file - Module entry's total dependency: 0
[2026-09-18T17:29:05.299] [DEBUG] debug-file - Configuration phase cost:356 ms 
[2026-09-18T17:29:05.301] [DEBUG] debug-file - Configuration task cost before running: 445 ms 
[2026-09-18T17:29:05.303] [DEBUG] debug-file - Executing task :entry:default@PreBuild
[2026-09-18T17:29:05.305] [DEBUG] debug-file - Task 'entry:default@PreBuild' cost while wrapping incremental declarations: 1 ms 
[2026-09-18T17:29:05.308] [DEBUG] debug-file - entry:default@PreBuild is not up-to-date, since the task snapshots are different.
[2026-09-18T17:29:05.308] [DEBUG] debug-file - Incremental task entry:default@PreBuild pre-execution cost: 2 ms .
[2026-09-18T17:29:05.316] [DEBUG] debug-file - current product is not Atomic service.
[2026-09-18T17:29:05.316] [DEBUG] debug-file - Use tool [darwin: JAVA_HOME, CLASSPATH]
 [
  {
    JAVA_HOME: '/Applications/DevEco-Studio.app/Contents/jbr/Contents/Home'
  },
  { CLASSPATH: undefined }
]
[2026-09-18T17:29:05.316] [DEBUG] debug-file - Use tool [darwin: NODE_HOME]
 [
  {
    NODE_HOME: '/Applications/DevEco-Studio.app/Contents/tools/node/bin'
  }
]
[2026-09-18T17:29:05.317] [DEBUG] debug-file - entry : default@PreBuild cost memory 1.024200439453125
[2026-09-18T17:29:05.317] [DEBUG] debug-file - runTaskFromQueue task cost before running: 462 ms 
[2026-09-18T17:29:05.318] [INFO] debug-file - Finished :entry:default@PreBuild... after 14 ms 
[2026-09-18T17:29:05.319] [DEBUG] debug-file - Executing task :entry:default@CreateModuleInfo
[2026-09-18T17:29:05.319] [DEBUG] debug-file - Task 'entry:default@CreateModuleInfo' cost while wrapping incremental declarations: 1 ms 
[2026-09-18T17:29:05.319] [DEBUG] debug-file - entry : default@CreateModuleInfo cost memory 0.03609466552734375
[2026-09-18T17:29:05.319] [DEBUG] debug-file - runTaskFromQueue task cost before running: 464 ms 
[2026-09-18T17:29:05.319] [INFO] debug-file - Finished :entry:default@CreateModuleInfo... after 1 ms 
[2026-09-18T17:29:05.320] [DEBUG] debug-file - Executing task :entry:default@GenerateMetadata
[2026-09-18T17:29:05.320] [DEBUG] debug-file - Task 'entry:default@GenerateMetadata' cost while wrapping incremental declarations: 1 ms 
[2026-09-18T17:29:05.321] [DEBUG] debug-file - Incremental task entry:default@GenerateMetadata pre-execution cost: 1 ms .
[2026-09-18T17:29:05.321] [DEBUG] debug-file - entry : default@GenerateMetadata cost memory 0.0683135986328125
[2026-09-18T17:29:05.321] [INFO] debug-file - UP-TO-DATE :entry:default@GenerateMetadata...  
[2026-09-18T17:29:05.321] [DEBUG] debug-file - Executing task :entry:default@ConfigureCmake
[2026-09-18T17:29:05.321] [DEBUG] debug-file - entry : default@ConfigureCmake cost memory 0.0135040283203125
[2026-09-18T17:29:05.321] [DEBUG] debug-file - runTaskFromQueue task cost before running: 466 ms 
[2026-09-18T17:29:05.321] [INFO] debug-file - Finished :entry:default@ConfigureCmake... after 1 ms 
[2026-09-18T17:29:05.322] [DEBUG] debug-file - Executing task :entry:default@MergeProfile
[2026-09-18T17:29:05.322] [DEBUG] debug-file - Task 'entry:default@MergeProfile' cost while wrapping incremental declarations: 1 ms 
[2026-09-18T17:29:05.323] [DEBUG] debug-file - Incremental task entry:default@MergeProfile pre-execution cost: 1 ms .
[2026-09-18T17:29:05.323] [DEBUG] debug-file - entry : default@MergeProfile cost memory 0.11962127685546875
[2026-09-18T17:29:05.323] [INFO] debug-file - UP-TO-DATE :entry:default@MergeProfile...  
[2026-09-18T17:29:05.323] [DEBUG] debug-file - Executing task :entry:default@CreateBuildProfile
[2026-09-18T17:29:05.324] [DEBUG] debug-file - Task 'entry:default@CreateBuildProfile' cost while wrapping incremental declarations: 1 ms 
[2026-09-18T17:29:05.324] [DEBUG] debug-file - Incremental task entry:default@CreateBuildProfile pre-execution cost: 1 ms .
[2026-09-18T17:29:05.324] [DEBUG] debug-file - entry : default@CreateBuildProfile cost memory 0.08000946044921875
[2026-09-18T17:29:05.324] [INFO] debug-file - UP-TO-DATE :entry:default@CreateBuildProfile...  
[2026-09-18T17:29:05.325] [DEBUG] debug-file - Executing task :entry:default@PreCheckSyscap
[2026-09-18T17:29:05.325] [DEBUG] debug-file - entry : default@PreCheckSyscap cost memory 0.01372528076171875
[2026-09-18T17:29:05.325] [DEBUG] debug-file - runTaskFromQueue task cost before running: 469 ms 
[2026-09-18T17:29:05.325] [INFO] debug-file - Finished :entry:default@PreCheckSyscap... after 1 ms 
[2026-09-18T17:29:05.325] [DEBUG] debug-file - Executing task :entry:default@GeneratePkgContextInfo
[2026-09-18T17:29:05.328] [DEBUG] debug-file - Task 'entry:default@GeneratePkgContextInfo' cost while wrapping incremental declarations: 1 ms 
[2026-09-18T17:29:05.328] [DEBUG] debug-file - Incremental task entry:default@GeneratePkgContextInfo pre-execution cost: 1 ms .
[2026-09-18T17:29:05.328] [DEBUG] debug-file - entry : default@GeneratePkgContextInfo cost memory 0.21135711669921875
[2026-09-18T17:29:05.329] [INFO] debug-file - UP-TO-DATE :entry:default@GeneratePkgContextInfo...  
[2026-09-18T17:29:05.329] [DEBUG] debug-file - Executing task :entry:default@GeneratePkgSdkInfo
[2026-09-18T17:29:05.329] [DEBUG] debug-file - Task 'entry:default@GeneratePkgSdkInfo' cost while wrapping incremental declarations: 1 ms 
[2026-09-18T17:29:05.329] [DEBUG] debug-file - entry : default@GeneratePkgSdkInfo cost memory 0.0703277587890625
[2026-09-18T17:29:05.329] [DEBUG] debug-file - runTaskFromQueue task cost before running: 474 ms 
[2026-09-18T17:29:05.329] [INFO] debug-file - Finished :entry:default@GeneratePkgSdkInfo... after 1 ms 
[2026-09-18T17:29:05.331] [DEBUG] debug-file - Executing task :entry:default@ProcessIntegratedHsp
[2026-09-18T17:29:05.331] [DEBUG] debug-file - entry:default@ProcessIntegratedHsp is not up-to-date, since the output file '/Users/yujiantao/DevEcoStudioProjects/bang/build/cache/default/integrated_hsp/integratedHspCache.json' does not exist.
[2026-09-18T17:29:05.331] [DEBUG] debug-file - Incremental task entry:default@ProcessIntegratedHsp pre-execution cost: 1 ms .
[2026-09-18T17:29:05.332] [DEBUG] debug-file - entry : default@ProcessIntegratedHsp cost memory 0.053375244140625
[2026-09-18T17:29:05.332] [DEBUG] debug-file - runTaskFromQueue task cost before running: 476 ms 
[2026-09-18T17:29:05.332] [INFO] debug-file - Finished :entry:default@ProcessIntegratedHsp... after 1 ms 
[2026-09-18T17:29:05.332] [DEBUG] debug-file - Executing task :entry:default@BuildNativeWithCmake
[2026-09-18T17:29:05.332] [DEBUG] debug-file - entry : default@BuildNativeWithCmake cost memory 0.0135040283203125
[2026-09-18T17:29:05.332] [DEBUG] debug-file - runTaskFromQueue task cost before running: 477 ms 
[2026-09-18T17:29:05.333] [INFO] debug-file - Finished :entry:default@BuildNativeWithCmake... after 1 ms 
[2026-09-18T17:29:05.334] [DEBUG] debug-file - Executing task :entry:default@MakePackInfo
[2026-09-18T17:29:05.335] [DEBUG] debug-file - Incremental task entry:default@MakePackInfo pre-execution cost: 1 ms .
[2026-09-18T17:29:05.335] [DEBUG] debug-file - entry : default@MakePackInfo cost memory 0.09050750732421875
[2026-09-18T17:29:05.335] [INFO] debug-file - UP-TO-DATE :entry:default@MakePackInfo...  
[2026-09-18T17:29:05.335] [DEBUG] debug-file - Executing task :entry:default@SyscapTransform
[2026-09-18T17:29:05.335] [DEBUG] debug-file - File: '/Users/yujiantao/DevEcoStudioProjects/bang/entry/src/main/syscap.json' from 'sysCapJsonPath' is not exists, just ignore.
[2026-09-18T17:29:05.335] [DEBUG] debug-file - Task 'entry:default@SyscapTransform' cost while wrapping incremental declarations: 1 ms 
[2026-09-18T17:29:05.335] [DEBUG] debug-file - entry:default@SyscapTransform is not up-to-date, since the output file '/Users/yujiantao/DevEcoStudioProjects/bang/entry/build/default/intermediates/syscap/default/rpcid.sc' does not exist.
[2026-09-18T17:29:05.335] [DEBUG] debug-file - Incremental task entry:default@SyscapTransform pre-execution cost: 1 ms .
[2026-09-18T17:29:05.335] [DEBUG] debug-file - entry : default@SyscapTransform cost memory 0.11579132080078125
[2026-09-18T17:29:05.335] [DEBUG] debug-file - runTaskFromQueue task cost before running: 480 ms 
[2026-09-18T17:29:05.336] [INFO] debug-file - Finished :entry:default@SyscapTransform... after 1 ms 
[2026-09-18T17:29:05.337] [DEBUG] debug-file - Executing task :entry:default@ProcessProfile
[2026-09-18T17:29:05.338] [DEBUG] debug-file - Task 'entry:default@ProcessProfile' cost while wrapping incremental declarations: 1 ms 
[2026-09-18T17:29:05.339] [DEBUG] debug-file - Incremental task entry:default@ProcessProfile pre-execution cost: 1 ms .
[2026-09-18T17:29:05.340] [DEBUG] debug-file - entry : default@ProcessProfile cost memory 0.12017822265625
[2026-09-18T17:29:05.340] [INFO] debug-file - UP-TO-DATE :entry:default@ProcessProfile...  
[2026-09-18T17:29:05.343] [DEBUG] debug-file - Executing task :entry:default@ProcessRouterMap
[2026-09-18T17:29:05.344] [DEBUG] debug-file - Incremental task entry:default@ProcessRouterMap pre-execution cost: 1 ms .
[2026-09-18T17:29:05.344] [DEBUG] debug-file - entry : default@ProcessRouterMap cost memory 0.1182403564453125
[2026-09-18T17:29:05.344] [INFO] debug-file - UP-TO-DATE :entry:default@ProcessRouterMap...  
[2026-09-18T17:29:05.346] [DEBUG] debug-file - Executing task :entry:default@ProcessShareConfig
[2026-09-18T17:29:05.347] [DEBUG] debug-file - Incremental task entry:default@ProcessShareConfig pre-execution cost: 2 ms .
[2026-09-18T17:29:05.347] [DEBUG] debug-file - entry : default@ProcessShareConfig cost memory 0.10565185546875
[2026-09-18T17:29:05.347] [INFO] debug-file - UP-TO-DATE :entry:default@ProcessShareConfig...  
[2026-09-18T17:29:05.348] [DEBUG] debug-file - Executing task :entry:default@ProcessStartupConfig
[2026-09-18T17:29:05.348] [DEBUG] debug-file - Task 'entry:default@ProcessStartupConfig' cost while wrapping incremental declarations: 1 ms 
[2026-09-18T17:29:05.349] [DEBUG] debug-file - entry:default@ProcessStartupConfig is not up-to-date, since the output file '/Users/yujiantao/DevEcoStudioProjects/bang/entry/build/default/intermediates/startup/default/startup_config.json' does not exist.
[2026-09-18T17:29:05.349] [DEBUG] debug-file - Incremental task entry:default@ProcessStartupConfig pre-execution cost: 1 ms .
[2026-09-18T17:29:05.350] [DEBUG] debug-file - entry : default@ProcessStartupConfig cost memory 0.11511993408203125
[2026-09-18T17:29:05.350] [DEBUG] debug-file - runTaskFromQueue task cost before running: 495 ms 
[2026-09-18T17:29:05.351] [INFO] debug-file - Finished :entry:default@ProcessStartupConfig... after 3 ms 
[2026-09-18T17:29:05.351] [DEBUG] debug-file - Executing task :entry:default@BuildNativeWithNinja
[2026-09-18T17:29:05.351] [DEBUG] debug-file - entry : default@BuildNativeWithNinja cost memory 0.01837158203125
[2026-09-18T17:29:05.352] [DEBUG] debug-file - runTaskFromQueue task cost before running: 496 ms 
[2026-09-18T17:29:05.354] [INFO] debug-file - Finished :entry:default@BuildNativeWithNinja... after 1 ms 
[2026-09-18T17:29:05.355] [DEBUG] debug-file - restool module names: entry; moduleName=entry, taskName=default@ProcessResource
[2026-09-18T17:29:05.356] [DEBUG] debug-file - Executing task :entry:default@ProcessResource
[2026-09-18T17:29:05.356] [DEBUG] debug-file - Task 'entry:default@ProcessResource' cost while wrapping incremental declarations: 1 ms 
[2026-09-18T17:29:05.356] [DEBUG] debug-file - Incremental task entry:default@ProcessResource pre-execution cost: 1 ms .
[2026-09-18T17:29:05.356] [DEBUG] debug-file - entry : default@ProcessResource cost memory 0.11285400390625
[2026-09-18T17:29:05.357] [INFO] debug-file - UP-TO-DATE :entry:default@ProcessResource...  
[2026-09-18T17:29:05.357] [DEBUG] debug-file - Executing task :entry:default@GenerateLoaderJson
[2026-09-18T17:29:05.357] [DEBUG] debug-file - Task 'entry:default@GenerateLoaderJson' cost while wrapping incremental declarations: 1 ms 
[2026-09-18T17:29:05.359] [DEBUG] debug-file - Incremental task entry:default@GenerateLoaderJson pre-execution cost: 1 ms .
[2026-09-18T17:29:05.359] [DEBUG] debug-file - entry : default@GenerateLoaderJson cost memory 0.3917236328125
[2026-09-18T17:29:05.360] [INFO] debug-file - UP-TO-DATE :entry:default@GenerateLoaderJson...  
[2026-09-18T17:29:05.360] [DEBUG] debug-file - Executing task :entry:default@ProcessLibs
[2026-09-18T17:29:05.360] [DEBUG] debug-file - Incremental task entry:default@ProcessLibs pre-execution cost: 1 ms .
[2026-09-18T17:29:05.360] [DEBUG] debug-file - entry : default@ProcessLibs cost memory 0.0719146728515625
[2026-09-18T17:29:05.362] [INFO] debug-file - UP-TO-DATE :entry:default@ProcessLibs...  
[2026-09-18T17:29:05.362] [DEBUG] debug-file - restool module names: entry; moduleName=entry, taskName=default@CompileResource
[2026-09-18T17:29:05.362] [DEBUG] debug-file - Executing task :entry:default@CompileResource
[2026-09-18T17:29:05.366] [DEBUG] debug-file - Incremental task entry:default@CompileResource pre-execution cost: 4 ms .
[2026-09-18T17:29:05.366] [DEBUG] debug-file - entry : default@CompileResource cost memory 0.6337890625
[2026-09-18T17:29:05.366] [INFO] debug-file - UP-TO-DATE :entry:default@CompileResource...  
[2026-09-18T17:29:05.367] [DEBUG] debug-file - Executing task :entry:default@DoNativeStrip
[2026-09-18T17:29:05.367] [DEBUG] debug-file - File: '/Users/yujiantao/DevEcoStudioProjects/bang/entry/build/default/intermediates/binxo/default' from 'doBinxoNativeLibs' is not exists, just ignore.
[2026-09-18T17:29:05.367] [DEBUG] debug-file - Task 'entry:default@DoNativeStrip' cost while wrapping incremental declarations: 1 ms 
[2026-09-18T17:29:05.367] [DEBUG] debug-file - Incremental task entry:default@DoNativeStrip pre-execution cost: 1 ms .
[2026-09-18T17:29:05.367] [DEBUG] debug-file - entry : default@DoNativeStrip cost memory 0.0711822509765625
[2026-09-18T17:29:05.367] [INFO] debug-file - UP-TO-DATE :entry:default@DoNativeStrip...  
[2026-09-18T17:29:05.368] [DEBUG] debug-file - Executing task :entry:default@CompileArkTS
[2026-09-18T17:29:05.368] [DEBUG] debug-file - obfuscationOptions: undefined
[2026-09-18T17:29:05.368] [DEBUG] debug-file - Task 'entry:default@CompileArkTS' cost while wrapping incremental declarations: 1 ms 
[2026-09-18T17:29:05.378] [DEBUG] debug-file - Incremental task entry:default@CompileArkTS pre-execution cost: 11 ms .
[2026-09-18T17:29:05.378] [DEBUG] debug-file - entry : default@CompileArkTS cost memory 0.5941848754882812
[2026-09-18T17:29:05.379] [INFO] debug-file - UP-TO-DATE :entry:default@CompileArkTS...  
[2026-09-18T17:29:05.381] [DEBUG] debug-file - Executing task :entry:default@BuildJS
[2026-09-18T17:29:05.381] [DEBUG] debug-file - Task 'entry:default@BuildJS' cost while wrapping incremental declarations: 1 ms 
[2026-09-18T17:29:05.382] [DEBUG] debug-file - entry : default@BuildJS cost memory 0.119293212890625
[2026-09-18T17:29:05.382] [DEBUG] debug-file - runTaskFromQueue task cost before running: 526 ms 
[2026-09-18T17:29:05.382] [INFO] debug-file - Finished :entry:default@BuildJS... after 1 ms 
[2026-09-18T17:29:05.382] [DEBUG] debug-file - Executing task :entry:default@CacheNativeLibs
[2026-09-18T17:29:05.382] [DEBUG] debug-file - File: '/Users/yujiantao/DevEcoStudioProjects/bang/entry/build/default/intermediates/binxo/default' from 'cacheBinxoNativeLibs' is not exists, just ignore.
[2026-09-18T17:29:05.382] [DEBUG] debug-file - Task 'entry:default@CacheNativeLibs' cost while wrapping incremental declarations: 1 ms 
[2026-09-18T17:29:05.383] [DEBUG] debug-file - Incremental task entry:default@CacheNativeLibs pre-execution cost: 1 ms .
[2026-09-18T17:29:05.383] [DEBUG] debug-file - entry : default@CacheNativeLibs cost memory 0.0830078125
[2026-09-18T17:29:05.383] [INFO] debug-file - UP-TO-DATE :entry:default@CacheNativeLibs...  
[2026-09-18T17:29:05.384] [DEBUG] debug-file - Executing task :entry:default@GeneratePkgModuleJson
[2026-09-18T17:29:05.384] [DEBUG] debug-file - File: '/Users/yujiantao/DevEcoStudioProjects/bang/entry/build/default/intermediates/preload/default/preload.json' from 'preloadSoJsonPath' is not exists, just ignore.
[2026-09-18T17:29:05.384] [DEBUG] debug-file - Error occurs while handling @Input 'shouldDeduplicateHar': The "data" argument must be of type string or an instance of Buffer, TypedArray, or DataView. Received undefined
[2026-09-18T17:29:05.384] [DEBUG] debug-file - Task 'entry:default@GeneratePkgModuleJson' cost while wrapping incremental declarations: 1 ms 
[2026-09-18T17:29:05.384] [DEBUG] debug-file - Incremental task entry:default@GeneratePkgModuleJson pre-execution cost: 1 ms .
[2026-09-18T17:29:05.384] [DEBUG] debug-file - entry : default@GeneratePkgModuleJson cost memory 0.084442138671875
[2026-09-18T17:29:05.384] [INFO] debug-file - UP-TO-DATE :entry:default@GeneratePkgModuleJson...  
[2026-09-18T17:29:05.385] [DEBUG] debug-file - Executing task :entry:default@ProcessCompiledResources
[2026-09-18T17:29:05.385] [DEBUG] debug-file - File: '/Users/yujiantao/DevEcoStudioProjects/bang/entry/build/default/intermediates/preload/default/preload.json' from 'preloadSoJsonPath' is not exists, just ignore.
[2026-09-18T17:29:05.385] [DEBUG] debug-file - Task 'entry:default@ProcessCompiledResources' cost while wrapping incremental declarations: 1 ms 
[2026-09-18T17:29:05.385] [DEBUG] debug-file - entry : default@ProcessCompiledResources cost memory 0.0523681640625
[2026-09-18T17:29:05.386] [DEBUG] debug-file - runTaskFromQueue task cost before running: 530 ms 
[2026-09-18T17:29:05.386] [INFO] debug-file - Finished :entry:default@ProcessCompiledResources... after 1 ms 
[2026-09-18T17:29:05.387] [DEBUG] debug-file - Executing task :entry:default@PackageHap
[2026-09-18T17:29:05.390] [DEBUG] debug-file - Incremental task entry:default@PackageHap pre-execution cost: 3 ms .
[2026-09-18T17:29:05.390] [DEBUG] debug-file - entry : default@PackageHap cost memory 0.39608001708984375
[2026-09-18T17:29:05.390] [INFO] debug-file - UP-TO-DATE :entry:default@PackageHap...  
[2026-09-18T17:29:05.391] [DEBUG] debug-file - Executing task :entry:default@PackingCheck
[2026-09-18T17:29:05.397] [DEBUG] debug-file - entry : default@PackingCheck cost memory 0.4622039794921875
[2026-09-18T17:29:05.397] [DEBUG] debug-file - runTaskFromQueue task cost before running: 542 ms 
[2026-09-18T17:29:05.397] [INFO] debug-file - Finished :entry:default@PackingCheck... after 6 ms 
[2026-09-18T17:29:05.398] [DEBUG] debug-file - Executing task :entry:default@SignHap
[2026-09-18T17:29:05.398] [DEBUG] debug-file - Incremental task entry:default@SignHap pre-execution cost: 1 ms .
[2026-09-18T17:29:05.399] [DEBUG] debug-file - entry : default@SignHap cost memory 0.07260894775390625
[2026-09-18T17:29:05.399] [INFO] debug-file - UP-TO-DATE :entry:default@SignHap...  
[2026-09-18T17:29:05.400] [DEBUG] debug-file - Executing task :entry:default@CollectDebugSymbol
[2026-09-18T17:29:05.400] [DEBUG] debug-file - entry : default@CollectDebugSymbol cost memory 0.078460693359375
[2026-09-18T17:29:05.400] [DEBUG] debug-file - runTaskFromQueue task cost before running: 545 ms 
[2026-09-18T17:29:05.400] [INFO] debug-file - Finished :entry:default@CollectDebugSymbol... after 1 ms 
[2026-09-18T17:29:05.400] [DEBUG] debug-file - Executing task :entry:assembleHap
[2026-09-18T17:29:05.401] [DEBUG] debug-file - entry : assembleHap cost memory 0.0315399169921875
[2026-09-18T17:29:05.401] [DEBUG] debug-file - runTaskFromQueue task cost before running: 545 ms 
[2026-09-18T17:29:05.401] [INFO] debug-file - Finished :entry:assembleHap... after 1 ms 
[2026-09-18T17:29:05.401] [INFO] debug-file - BUILD SUCCESSFUL in 546 ms 
[2026-09-18T17:29:05.402] [DEBUG] debug-file - Update task entry:default@PreBuild input file:/Users/yujiantao/DevEcoStudioProjects/bang/AppScope/app.json5 cache by regenerate.
[2026-09-18T17:29:05.402] [DEBUG] debug-file - Update task entry:default@PreBuild input file:/Users/yujiantao/DevEcoStudioProjects/bang/entry/src/main/module.json5 cache by regenerate.
[2026-09-18T17:29:05.402] [DEBUG] debug-file - Update task entry:default@PreBuild input file:/Users/yujiantao/DevEcoStudioProjects/bang/build-profile.json5 cache by regenerate.
[2026-09-18T17:29:05.402] [DEBUG] debug-file - Update task entry:default@PreBuild input file:/Users/yujiantao/DevEcoStudioProjects/bang/entry/build-profile.json5 cache by regenerate.
[2026-09-18T17:29:05.402] [DEBUG] debug-file - Update task entry:default@PreBuild input file:/Users/yujiantao/DevEcoStudioProjects/bang/entry/src/main/resources/base/profile/main_pages.json cache by regenerate.
[2026-09-18T17:29:05.402] [DEBUG] debug-file - Update task entry:default@PreBuild input file:/Users/yujiantao/DevEcoStudioProjects/bang/hvigor/hvigor-config.json5 cache by regenerate.
[2026-09-18T17:29:05.402] [DEBUG] debug-file - Update task entry:default@PreBuild input file:/Users/yujiantao/DevEcoStudioProjects/bang/entry/oh-package.json5 cache by regenerate.
[2026-09-18T17:29:05.402] [DEBUG] debug-file - Update task entry:default@PreBuild input file:/Users/yujiantao/DevEcoStudioProjects/bang/oh-package.json5 cache by regenerate.
[2026-09-18T17:29:05.402] [DEBUG] debug-file - Incremental task entry:default@PreBuild post-execution cost:1 ms .
[2026-09-18T17:29:05.402] [DEBUG] debug-file - Update task entry:default@CreateModuleInfo output file:/Users/yujiantao/DevEcoStudioProjects/bang/entry/build/default/generated/profile/default/ModuleInfo.ts cache.
[2026-09-18T17:29:05.402] [DEBUG] debug-file - Incremental task entry:default@CreateModuleInfo post-execution cost:1 ms .
[2026-09-18T17:29:05.402] [DEBUG] debug-file - There is no need to refresh cache, since the incremental task entry:default@GenerateMetadata is up-to-date.
[2026-09-18T17:29:05.402] [DEBUG] debug-file - There is no need to refresh cache, since the incremental task entry:default@MergeProfile is up-to-date.
[2026-09-18T17:29:05.402] [DEBUG] debug-file - There is no need to refresh cache, since the incremental task entry:default@CreateBuildProfile is up-to-date.
[2026-09-18T17:29:05.402] [DEBUG] debug-file - There is no need to refresh cache, since the incremental task entry:default@GeneratePkgContextInfo is up-to-date.
[2026-09-18T17:29:05.402] [DEBUG] debug-file - Update task entry:default@GeneratePkgSdkInfo output file:/Users/yujiantao/DevEcoStudioProjects/bang/entry/build/default/intermediates/loader/default/pkgSdkInfo.json cache.
[2026-09-18T17:29:05.402] [DEBUG] debug-file - Incremental task entry:default@GeneratePkgSdkInfo post-execution cost:1 ms .
[2026-09-18T17:29:05.402] [DEBUG] debug-file - Update task entry:default@ProcessIntegratedHsp output file:/Users/yujiantao/DevEcoStudioProjects/bang/build/cache/default/integrated_hsp/integratedHspCache.json cache.
[2026-09-18T17:29:05.403] [DEBUG] debug-file - Incremental task entry:default@ProcessIntegratedHsp post-execution cost:1 ms .
[2026-09-18T17:29:05.403] [DEBUG] debug-file - There is no need to refresh cache, since the incremental task entry:default@MakePackInfo is up-to-date.
[2026-09-18T17:29:05.403] [DEBUG] debug-file - Update task entry:default@SyscapTransform input file:/Applications/DevEco-Studio.app/Contents/sdk/default/openharmony/toolchains/syscap_tool cache by regenerate.
[2026-09-18T17:29:05.403] [DEBUG] debug-file - Update task entry:default@SyscapTransform input file:/Applications/DevEco-Studio.app/Contents/sdk/default/openharmony/ets/api/device-define cache by regenerate.
[2026-09-18T17:29:05.403] [DEBUG] debug-file - Update task entry:default@SyscapTransform output file:/Users/yujiantao/DevEcoStudioProjects/bang/entry/build/default/intermediates/syscap/default/rpcid.sc cache.
[2026-09-18T17:29:05.403] [DEBUG] debug-file - Incremental task entry:default@SyscapTransform post-execution cost:1 ms .
[2026-09-18T17:29:05.403] [DEBUG] debug-file - There is no need to refresh cache, since the incremental task entry:default@ProcessProfile is up-to-date.
[2026-09-18T17:29:05.403] [DEBUG] debug-file - There is no need to refresh cache, since the incremental task entry:default@ProcessRouterMap is up-to-date.
[2026-09-18T17:29:05.403] [DEBUG] debug-file - There is no need to refresh cache, since the incremental task entry:default@ProcessShareConfig is up-to-date.
[2026-09-18T17:29:05.403] [DEBUG] debug-file - Update task entry:default@ProcessStartupConfig input file:/Users/yujiantao/DevEcoStudioProjects/bang/entry/build/default/intermediates/loader/default/pkgContextInfo.json cache by regenerate.
[2026-09-18T17:29:05.403] [DEBUG] debug-file - Update task entry:default@ProcessStartupConfig output file:/Users/yujiantao/DevEcoStudioProjects/bang/entry/build/default/intermediates/startup/default/startup_config.json cache.
[2026-09-18T17:29:05.403] [DEBUG] debug-file - Incremental task entry:default@ProcessStartupConfig post-execution cost:1 ms .
[2026-09-18T17:29:05.403] [DEBUG] debug-file - There is no need to refresh cache, since the incremental task entry:default@ProcessResource is up-to-date.
[2026-09-18T17:29:05.403] [DEBUG] debug-file - There is no need to refresh cache, since the incremental task entry:default@GenerateLoaderJson is up-to-date.
[2026-09-18T17:29:05.403] [DEBUG] debug-file - There is no need to refresh cache, since the incremental task entry:default@ProcessLibs is up-to-date.
[2026-09-18T17:29:05.403] [DEBUG] debug-file - There is no need to refresh cache, since the incremental task entry:default@CompileResource is up-to-date.
[2026-09-18T17:29:05.403] [DEBUG] debug-file - There is no need to refresh cache, since the incremental task entry:default@DoNativeStrip is up-to-date.
[2026-09-18T17:29:05.403] [DEBUG] debug-file - There is no need to refresh cache, since the incremental task entry:default@CompileArkTS is up-to-date.
[2026-09-18T17:29:05.403] [DEBUG] debug-file - Update task entry:default@BuildJS input file:/Users/yujiantao/DevEcoStudioProjects/bang/entry/build/default/intermediates/loader/default cache by regenerate.
[2026-09-18T17:29:05.403] [DEBUG] debug-file - Update task entry:default@BuildJS input file:/Users/yujiantao/DevEcoStudioProjects/bang/entry/build/default/intermediates/res/default/resources/rawfile cache by regenerate.
[2026-09-18T17:29:05.407] [DEBUG] debug-file - Update task entry:default@BuildJS input file:/Users/yujiantao/DevEcoStudioProjects/bang/entry/build/default/intermediates/res/default/ResourceTable.txt cache by regenerate.
[2026-09-18T17:29:05.407] [DEBUG] debug-file - Update task entry:default@BuildJS input file:/Users/yujiantao/DevEcoStudioProjects/bang/entry/build/default/intermediates/res/default/ark_module.json cache by regenerate.
[2026-09-18T17:29:05.407] [DEBUG] debug-file - Update task entry:default@BuildJS input file:/Users/yujiantao/DevEcoStudioProjects/bang/entry/build/default/intermediates/res/default/resources/base/profile cache by regenerate.
[2026-09-18T17:29:05.407] [DEBUG] debug-file - Update task entry:default@BuildJS input file:/Users/yujiantao/DevEcoStudioProjects/bang/entry/build/default/intermediates/loader/default/pkgContextInfo.json cache by regenerate.
[2026-09-18T17:29:05.407] [DEBUG] debug-file - Update task entry:default@BuildJS output file:/Users/yujiantao/DevEcoStudioProjects/bang/entry/build/default/intermediates/loader_out/default/js cache.
[2026-09-18T17:29:05.407] [DEBUG] debug-file - Incremental task entry:default@BuildJS post-execution cost:4 ms .
[2026-09-18T17:29:05.407] [DEBUG] debug-file - There is no need to refresh cache, since the incremental task entry:default@CacheNativeLibs is up-to-date.
[2026-09-18T17:29:05.407] [DEBUG] debug-file - There is no need to refresh cache, since the incremental task entry:default@GeneratePkgModuleJson is up-to-date.
[2026-09-18T17:29:05.407] [DEBUG] debug-file - Incremental task entry:default@ProcessCompiledResources post-execution cost:1 ms .
[2026-09-18T17:29:05.407] [DEBUG] debug-file - There is no need to refresh cache, since the incremental task entry:default@PackageHap is up-to-date.
[2026-09-18T17:29:05.407] [DEBUG] debug-file - There is no need to refresh cache, since the incremental task entry:default@SignHap is up-to-date.
[2026-09-18T17:29:05.407] [DEBUG] debug-file - Update task entry:default@CollectDebugSymbol input file:/Users/yujiantao/DevEcoStudioProjects/bang/entry/build/default/intermediates/loader_out/default/ets/sourceMaps.map cache by regenerate.
[2026-09-18T17:29:05.407] [DEBUG] debug-file - Update task entry:default@CollectDebugSymbol input file:/Users/yujiantao/DevEcoStudioProjects/bang/entry/build/default/intermediates/libs/default cache by regenerate.
[2026-09-18T17:29:05.407] [DEBUG] debug-file - Update task entry:default@CollectDebugSymbol output file:/Users/yujiantao/DevEcoStudioProjects/bang/entry/build/default/outputs/default/symbol cache.
[2026-09-18T17:29:05.407] [DEBUG] debug-file - Incremental task entry:default@CollectDebugSymbol post-execution cost:1 ms .
[2026-09-18T17:29:05.418] [DEBUG] debug-file - hvigor build process will be closed.
[2026-09-18T17:29:05.505] [DEBUG] debug-file - session manager: send message to worker process.
[2026-09-18T17:29:05.505] [DEBUG] debug-file - session manager: send message to worker process.
[2026-09-18T17:29:05.506] [DEBUG] debug-file - watch worker: worker id should be larger than 0. Nothing will be sent to any worker thread.
[2026-09-18T17:29:05.506] [DEBUG] debug-file - watch worker: worker id should be larger than 0. Nothing will be sent to any worker thread.
[2026-09-18T17:34:45.770] [DEBUG] debug-file - env: nodejsVersion=v22.21.1
[2026-09-18T17:34:45.992] [DEBUG] debug-file - Hvigor init with startParameters:{
  hvigorfileTypeCheck: false,
  parallelExecution: true,
  incrementalExecution: true,
  printStackTrace: false,
  daemon: false,
  analyze: 0,
  logLevel: Level { level: 20000, levelStr: 'INFO', colour: 'green' },
  optimizationStrategy: 'memory',
  hotCompile: undefined,
  hotReloadBuild: undefined,
  customizedParam: undefined
}
[2026-09-18T17:34:47.185] [DEBUG] debug-file - hvigorfile, require result:  { default: { system: [Function: appTasks], plugins: [] } }
[2026-09-18T17:34:47.186] [DEBUG] debug-file - Starting plugin build process
[2026-09-18T17:34:47.296] [DEBUG] debug-file - App plugin register hook start...
[2026-09-18T17:34:47.297] [DEBUG] debug-file - Start initialize project's product build option map with build mode debug.
[2026-09-18T17:34:47.299] [DEBUG] debug-file - Obtain build option for product 'default'in this build.
[2026-09-18T17:34:47.303] [DEBUG] debug-file - Start recording SDK configuration permission data.
[2026-09-18T17:34:47.328] [DEBUG] debug-file - Project task initialization takes 4 ms 
[2026-09-18T17:34:47.333] [DEBUG] debug-file - failed to load cangjie to dynamically generate schemas: Error: Cannot find module '@ohos/cangjie-build-support/index'
Require stack:
- /Applications/DevEco-Studio.app/Contents/tools/hvigor/hvigor-ohos-plugin/src/plugin/hooks/cangjie-register.js
- /Applications/DevEco-Studio.app/Contents/tools/hvigor/hvigor-ohos-plugin/src/plugin/strategy/stage-init-strategy.js
- /Applications/DevEco-Studio.app/Contents/tools/hvigor/hvigor-ohos-plugin/src/plugin/builder/abstract-plugin-builder.js
- /Applications/DevEco-Studio.app/Contents/tools/hvigor/hvigor-ohos-plugin/src/plugin/builder/app-plugin-builder.js
- /Applications/DevEco-Studio.app/Contents/tools/hvigor/hvigor-ohos-plugin/src/plugin/factory/plugin-factory.js
- /Applications/DevEco-Studio.app/Contents/tools/hvigor/hvigor-ohos-plugin/index.js
- /Users/yujiantao/DevEcoStudioProjects/bang/hvigorfile.ts
- /Applications/DevEco-Studio.app/Contents/tools/hvigor/hvigor/src/base/internal/lifecycle/configuration.js
- /Applications/DevEco-Studio.app/Contents/tools/hvigor/hvigor/src/base/boot/index.js
- /Applications/DevEco-Studio.app/Contents/tools/hvigor/hvigor/src/cli/main/cli.js
- /Applications/DevEco-Studio.app/Contents/tools/hvigor/hvigor/bin/hvigor.js
[2026-09-18T17:34:47.339] [DEBUG] debug-file - Start initialize module-target build option map, moduleName=entry, buildMode=debug
[2026-09-18T17:34:47.345] [DEBUG] debug-file - project has submodules:entry
[2026-09-18T17:34:47.349] [DEBUG] debug-file - Start to initialize dependency information.
[2026-09-18T17:34:47.346] [DEBUG] debug-file - start to load updatedOhPackageInfo to the disk
[2026-09-18T17:34:47.356] [DEBUG] debug-file - Executing task :entry:default@PreBuild
[2026-09-18T17:34:47.450] [DEBUG] debug-file - Executing task :entry:default@CreateBuildProfile
[2026-09-18T17:34:47.446] [DEBUG] debug-file - Executing task :entry:default@GenerateMetadata
[2026-09-18T17:34:47.452] [DEBUG] debug-file - Executing task :entry:default@PreCheckSyscap
[2026-09-18T17:34:47.453] [DEBUG] debug-file - Executing task :entry:default@GeneratePkgContextInfo
[2026-09-18T17:34:47.461] [DEBUG] debug-file - Executing task :entry:default@ProcessIntegratedHsp
[2026-09-18T17:34:47.463] [DEBUG] debug-file - Executing task :entry:default@BuildNativeWithCmake
[2026-09-18T17:34:47.463] [DEBUG] debug-file - Executing task :entry:default@MakePackInfo
[2026-09-18T17:34:47.465] [DEBUG] debug-file - Executing task :entry:default@SyscapTransform
[2026-09-18T17:34:47.492] [DEBUG] debug-file - Executing task :entry:default@ProcessProfile
[2026-09-18T17:34:47.496] [DEBUG] debug-file - Executing task :entry:default@ProcessRouterMap
[2026-09-18T17:34:47.498] [DEBUG] debug-file - Executing task :entry:default@ProcessShareConfig
[2026-09-18T17:34:47.503] [DEBUG] debug-file - Executing task :entry:default@ProcessStartupConfig
[2026-09-18T17:34:47.512] [DEBUG] debug-file - Executing task :entry:default@BuildNativeWithNinja
[2026-09-18T17:34:47.517] [DEBUG] debug-file - Executing task :entry:default@GenerateLoaderJson
[2026-09-18T17:34:47.524] [DEBUG] debug-file - Executing task :entry:default@CompileResource
[2026-09-18T17:34:47.536] [DEBUG] debug-file - Executing task :entry:default@DoNativeStrip
[2026-09-18T17:34:47.537] [DEBUG] debug-file - Executing task :entry:default@CompileArkTS
[2026-09-18T17:34:47.550] [DEBUG] debug-file - Create  resident worker with id: 0.
[2026-09-18T17:34:47.515] [DEBUG] debug-file - Executing task :entry:default@ProcessResource
[2026-09-18T17:34:47.555] [DEBUG] debug-file - Executing task :entry:default@BuildJS
[2026-09-18T17:34:47.560] [DEBUG] debug-file - Executing task :entry:default@CacheNativeLibs
[2026-09-18T17:34:45.771] [DEBUG] debug-file - env: hvigor-config.json5 content = {
  modelVersion: '5.0.0',
  dependencies: {},
  execution: {},
  logging: {},
  debugging: {},
  nodeOptions: {}
}
[2026-09-18T17:34:47.522] [DEBUG] debug-file - Executing task :entry:default@ProcessLibs
[2026-09-18T17:34:45.997] [DEBUG] debug-file - Cache service initialization finished in 6 ms 
[2026-09-18T17:34:47.186] [DEBUG] debug-file - hvigorfile, binding system plugins [Function: appTasks]
[2026-09-18T17:34:47.186] [DEBUG] debug-file - App plugin prepare start...
[2026-09-18T17:34:47.297] [DEBUG] debug-file - App plugin register hook end...
[2026-09-18T17:34:47.297] [DEBUG] debug-file - Picking option from product 'default' with build mode 'debug'.
[2026-09-18T17:34:47.300] [DEBUG] debug-file - /Users/yujiantao/DevEcoStudioProjects/bang/build/cache/default/remote_hsp/remoteHspCache.json not exists.
[2026-09-18T17:34:47.324] [DEBUG] debug-file - Sdk init in 24 ms 
[2026-09-18T17:34:47.328] [DEBUG] debug-file - hvigorfile, begin to bind custom plugins...
[2026-09-18T17:34:47.339] [DEBUG] debug-file - Target 'default' config initialized
[2026-09-18T17:34:47.350] [DEBUG] debug-file - Module entry Collected Dependency: 
[2026-09-18T17:34:47.348] [DEBUG] debug-file - load to the disk finished
[2026-09-18T17:34:47.358] [DEBUG] debug-file - Task 'entry:default@PreBuild' cost while wrapping incremental declarations: 1 ms 
[2026-09-18T17:34:47.446] [DEBUG] debug-file - Task 'entry:default@GenerateMetadata' cost while wrapping incremental declarations: 1 ms 
[2026-09-18T17:34:47.450] [DEBUG] debug-file - Task 'entry:default@CreateBuildProfile' cost while wrapping incremental declarations: 1 ms 
[2026-09-18T17:34:47.452] [DEBUG] debug-file - entry : default@PreCheckSyscap cost memory 0.01953887939453125
[2026-09-18T17:34:47.457] [DEBUG] debug-file - Task 'entry:default@GeneratePkgContextInfo' cost while wrapping incremental declarations: 1 ms 
[2026-09-18T17:34:47.462] [DEBUG] debug-file - entry:default@ProcessIntegratedHsp is not up-to-date, since the output file '/Users/yujiantao/DevEcoStudioProjects/bang/build/cache/default/integrated_hsp/integratedHspCache.json' does not exist.
[2026-09-18T17:34:47.463] [DEBUG] debug-file - entry : default@BuildNativeWithCmake cost memory 0.017364501953125
[2026-09-18T17:34:47.464] [DEBUG] debug-file - Incremental task entry:default@MakePackInfo pre-execution cost: 1 ms .
[2026-09-18T17:34:47.493] [DEBUG] debug-file - Task 'entry:default@ProcessProfile' cost while wrapping incremental declarations: 1 ms 
[2026-09-18T17:34:47.497] [DEBUG] debug-file - Incremental task entry:default@ProcessRouterMap pre-execution cost: 1 ms .
[2026-09-18T17:34:47.500] [DEBUG] debug-file - Incremental task entry:default@ProcessShareConfig pre-execution cost: 1 ms .
[2026-09-18T17:34:47.503] [DEBUG] debug-file - Task 'entry:default@ProcessStartupConfig' cost while wrapping incremental declarations: 1 ms 
[2026-09-18T17:34:47.345] [DEBUG] debug-file - module:entry no need to execute packageHap
[2026-09-18T17:34:47.517] [DEBUG] debug-file - Task 'entry:default@GenerateLoaderJson' cost while wrapping incremental declarations: 1 ms 
[2026-09-18T17:34:47.533] [DEBUG] debug-file - Incremental task entry:default@CompileResource pre-execution cost: 9 ms .
[2026-09-18T17:34:47.536] [DEBUG] debug-file - File: '/Users/yujiantao/DevEcoStudioProjects/bang/entry/build/default/intermediates/binxo/default' from 'doBinxoNativeLibs' is not exists, just ignore.
[2026-09-18T17:34:47.538] [DEBUG] debug-file - obfuscationOptions: undefined
[2026-09-18T17:34:47.552] [DEBUG] debug-file - Create  resident worker with id: 1.
[2026-09-18T17:34:47.465] [DEBUG] debug-file - File: '/Users/yujiantao/DevEcoStudioProjects/bang/entry/src/main/syscap.json' from 'sysCapJsonPath' is not exists, just ignore.
[2026-09-18T17:34:47.513] [DEBUG] debug-file - entry : default@BuildNativeWithNinja cost memory 0.02371978759765625
[2026-09-18T17:34:47.515] [DEBUG] debug-file - Task 'entry:default@ProcessResource' cost while wrapping incremental declarations: 1 ms 
[2026-09-18T17:34:47.555] [DEBUG] debug-file - Task 'entry:default@BuildJS' cost while wrapping incremental declarations: 1 ms 
[2026-09-18T17:34:47.560] [DEBUG] debug-file - File: '/Users/yujiantao/DevEcoStudioProjects/bang/entry/build/default/intermediates/binxo/default' from 'cacheBinxoNativeLibs' is not exists, just ignore.
[2026-09-18T17:34:45.772] [DEBUG] debug-file - env: daemon=false
[2026-09-18T17:34:47.523] [DEBUG] debug-file - Incremental task entry:default@ProcessLibs pre-execution cost: 1 ms .
[2026-09-18T17:34:45.998] [DEBUG] debug-file - hvigorfile, resolving /Users/yujiantao/DevEcoStudioProjects/bang/hvigorfile.ts
[2026-09-18T17:34:47.186] [DEBUG] debug-file - App plugin prepare end...
[2026-09-18T17:34:47.298] [DEBUG] debug-file - Product 'default' build option initialized
[2026-09-18T17:34:47.297] [DEBUG] debug-file - Plugin build process completed
[2026-09-18T17:34:47.301] [DEBUG] debug-file - Local scan or download HarmonyOS sdk components toolchains,ets,js,native,previewer
[2026-09-18T17:34:47.328] [DEBUG] debug-file - hvigorfile, no custom plugins were found in /Users/yujiantao/DevEcoStudioProjects/bang/hvigorfile.ts
[2026-09-18T17:34:47.339] [DEBUG] debug-file - Module 'entry' target 'default' build option initialized
[2026-09-18T17:34:47.350] [DEBUG] debug-file - Module entry's total dependency: 0
[2026-09-18T17:34:47.348] [DEBUG] debug-file - Start to initialize dependency information.
[2026-09-18T17:34:47.360] [DEBUG] debug-file - entry:default@PreBuild is not up-to-date, since the task snapshots are different.
[2026-09-18T17:34:47.447] [DEBUG] debug-file - Incremental task entry:default@GenerateMetadata pre-execution cost: 1 ms .
[2026-09-18T17:34:47.451] [DEBUG] debug-file - Incremental task entry:default@CreateBuildProfile pre-execution cost: 1 ms .
[2026-09-18T17:34:47.452] [DEBUG] debug-file - runTaskFromQueue task cost before running: 1 s 466 ms 
[2026-09-18T17:34:47.457] [DEBUG] debug-file - Incremental task entry:default@GeneratePkgContextInfo pre-execution cost: 1 ms .
[2026-09-18T17:34:47.462] [DEBUG] debug-file - Incremental task entry:default@ProcessIntegratedHsp pre-execution cost: 1 ms .
[2026-09-18T17:34:47.463] [DEBUG] debug-file - runTaskFromQueue task cost before running: 1 s 477 ms 
[2026-09-18T17:34:47.464] [DEBUG] debug-file - entry : default@MakePackInfo cost memory 0.1184844970703125
[2026-09-18T17:34:47.494] [DEBUG] debug-file - Incremental task entry:default@ProcessProfile pre-execution cost: 2 ms .
[2026-09-18T17:34:47.497] [DEBUG] debug-file - entry : default@ProcessRouterMap cost memory 0.1478118896484375
[2026-09-18T17:34:47.500] [DEBUG] debug-file - entry : default@ProcessShareConfig cost memory 0.12529754638671875
[2026-09-18T17:34:47.503] [DEBUG] debug-file - entry:default@ProcessStartupConfig is not up-to-date, since the output file '/Users/yujiantao/DevEcoStudioProjects/bang/entry/build/default/intermediates/startup/default/startup_config.json' does not exist.
[2026-09-18T17:34:47.520] [DEBUG] debug-file - Incremental task entry:default@GenerateLoaderJson pre-execution cost: 2 ms .
[2026-09-18T17:34:47.533] [DEBUG] debug-file - entry : default@CompileResource cost memory 0.7042236328125
[2026-09-18T17:34:47.536] [DEBUG] debug-file - Task 'entry:default@DoNativeStrip' cost while wrapping incremental declarations: 1 ms 
[2026-09-18T17:34:47.538] [DEBUG] debug-file - Task 'entry:default@CompileArkTS' cost while wrapping incremental declarations: 1 ms 
[2026-09-18T17:34:47.553] [DEBUG] debug-file - default@CompileArkTS work[0] is submitted.
[2026-09-18T17:34:47.465] [DEBUG] debug-file - Task 'entry:default@SyscapTransform' cost while wrapping incremental declarations: 1 ms 
[2026-09-18T17:34:47.513] [DEBUG] debug-file - runTaskFromQueue task cost before running: 1 s 527 ms 
[2026-09-18T17:34:47.515] [DEBUG] debug-file - Incremental task entry:default@ProcessResource pre-execution cost: 1 ms .
[2026-09-18T17:34:47.557] [DEBUG] debug-file - entry : default@BuildJS cost memory 0.149200439453125
[2026-09-18T17:34:47.560] [DEBUG] debug-file - Task 'entry:default@CacheNativeLibs' cost while wrapping incremental declarations: 1 ms 
[2026-09-18T17:34:45.772] [DEBUG] debug-file - no-daemon, use the parent process.execArgv --max-old-space-size=8192,--max-semi-space-size=16,--expose-gc
[2026-09-18T17:34:47.523] [DEBUG] debug-file - entry : default@ProcessLibs cost memory 0.09587860107421875
[2026-09-18T17:34:47.187] [DEBUG] debug-file - App plugin creating...
[2026-09-18T17:34:47.298] [DEBUG] debug-file - End initialize project's product build option map with build mode 'debug'.
[2026-09-18T17:34:47.302] [DEBUG] debug-file - Local scan or download hmscore sdk components toolchains,ets,native
[2026-09-18T17:34:47.328] [DEBUG] debug-file - hvigorfile, resolve finished /Users/yujiantao/DevEcoStudioProjects/bang/hvigorfile.ts
[2026-09-18T17:34:47.339] [DEBUG] debug-file - End initialize module-target build option map, moduleName=entry
[2026-09-18T17:34:47.351] [DEBUG] debug-file - Configuration phase cost:1 s 354 ms 
[2026-09-18T17:34:47.349] [DEBUG] debug-file - Module bang Collected Dependency: 
[2026-09-18T17:34:47.360] [DEBUG] debug-file - Incremental task entry:default@PreBuild pre-execution cost: 2 ms .
[2026-09-18T17:34:47.447] [DEBUG] debug-file - entry : default@GenerateMetadata cost memory 0.13378143310546875
[2026-09-18T17:34:47.451] [DEBUG] debug-file - entry : default@CreateBuildProfile cost memory 0.1131439208984375
[2026-09-18T17:34:47.452] [INFO] debug-file - Finished :entry:default@PreCheckSyscap... after 1 ms 
[2026-09-18T17:34:47.457] [DEBUG] debug-file - entry : default@GeneratePkgContextInfo cost memory 0.35784912109375
[2026-09-18T17:34:47.462] [DEBUG] debug-file - entry : default@ProcessIntegratedHsp cost memory 0.0554656982421875
[2026-09-18T17:34:47.463] [INFO] debug-file - Finished :entry:default@BuildNativeWithCmake... after 1 ms 
[2026-09-18T17:34:47.464] [INFO] debug-file - UP-TO-DATE :entry:default@MakePackInfo...  
[2026-09-18T17:34:47.495] [DEBUG] debug-file - entry : default@ProcessProfile cost memory 0.15048980712890625
[2026-09-18T17:34:47.497] [INFO] debug-file - UP-TO-DATE :entry:default@ProcessRouterMap...  
[2026-09-18T17:34:47.500] [INFO] debug-file - UP-TO-DATE :entry:default@ProcessShareConfig...  
[2026-09-18T17:34:47.504] [DEBUG] debug-file - Incremental task entry:default@ProcessStartupConfig pre-execution cost: 1 ms .
[2026-09-18T17:34:47.521] [DEBUG] debug-file - entry : default@GenerateLoaderJson cost memory 0.4564666748046875
[2026-09-18T17:34:47.534] [INFO] debug-file - UP-TO-DATE :entry:default@CompileResource...  
[2026-09-18T17:34:47.536] [DEBUG] debug-file - Incremental task entry:default@DoNativeStrip pre-execution cost: 1 ms .
[2026-09-18T17:34:47.542] [DEBUG] debug-file - entry:default@CompileArkTS is not up-to-date, since the input file '/Users/yujiantao/DevEcoStudioProjects/bang/entry/src/main/ets' has been changed.
[2026-09-18T17:34:47.490] [DEBUG] debug-file - entry:default@SyscapTransform is not up-to-date, since the output file '/Users/yujiantao/DevEcoStudioProjects/bang/entry/build/default/intermediates/syscap/default/rpcid.sc' does not exist.
[2026-09-18T17:34:47.553] [DEBUG] debug-file - default@CompileArkTS work[0] is pushed to ready queue.
[2026-09-18T17:34:47.513] [INFO] debug-file - Finished :entry:default@BuildNativeWithNinja... after 1 ms 
[2026-09-18T17:34:47.515] [DEBUG] debug-file - entry : default@ProcessResource cost memory 0.12543487548828125
[2026-09-18T17:34:47.557] [DEBUG] debug-file - runTaskFromQueue task cost before running: 1 s 571 ms 
[2026-09-18T17:34:47.562] [DEBUG] debug-file - Incremental task entry:default@CacheNativeLibs pre-execution cost: 2 ms .
[2026-09-18T17:34:47.523] [INFO] debug-file - UP-TO-DATE :entry:default@ProcessLibs...  
[2026-09-18T17:34:47.329] [DEBUG] debug-file - hvigorfile, resolving /Users/yujiantao/DevEcoStudioProjects/bang/entry/hvigorfile.ts
[2026-09-18T17:34:47.339] [DEBUG] debug-file - Start initialize module-target build option map, moduleName=entry, buildMode=release
[2026-09-18T17:34:47.353] [DEBUG] debug-file - Configuration task cost before running: 1 s 367 ms 
[2026-09-18T17:34:47.349] [DEBUG] debug-file - Module bang's total dependency: 0
[2026-09-18T17:34:47.439] [DEBUG] debug-file - current product is not Atomic service.
[2026-09-18T17:34:47.447] [INFO] debug-file - UP-TO-DATE :entry:default@GenerateMetadata...  
[2026-09-18T17:34:47.451] [INFO] debug-file - UP-TO-DATE :entry:default@CreateBuildProfile...  
[2026-09-18T17:34:47.458] [INFO] debug-file - UP-TO-DATE :entry:default@GeneratePkgContextInfo...  
[2026-09-18T17:34:47.462] [DEBUG] debug-file - runTaskFromQueue task cost before running: 1 s 476 ms 
[2026-09-18T17:34:47.495] [INFO] debug-file - UP-TO-DATE :entry:default@ProcessProfile...  
[2026-09-18T17:34:47.504] [DEBUG] debug-file - entry : default@ProcessStartupConfig cost memory 0.11136627197265625
[2026-09-18T17:34:47.521] [INFO] debug-file - UP-TO-DATE :entry:default@GenerateLoaderJson...  
[2026-09-18T17:34:47.537] [DEBUG] debug-file - entry : default@DoNativeStrip cost memory 0.07416534423828125
[2026-09-18T17:34:47.542] [DEBUG] debug-file - Incremental task entry:default@CompileArkTS pre-execution cost: 3 ms .
[2026-09-18T17:34:47.490] [DEBUG] debug-file - Incremental task entry:default@SyscapTransform pre-execution cost: 26 ms .
[2026-09-18T17:34:47.553] [DEBUG] debug-file - A work dispatched to worker[7] failed because unable to get work from ready queue.
[2026-09-18T17:34:47.514] [DEBUG] debug-file - restool module names: entry; moduleName=entry, taskName=default@ProcessResource
[2026-09-18T17:34:47.516] [INFO] debug-file - UP-TO-DATE :entry:default@ProcessResource...  
[2026-09-18T17:34:47.557] [INFO] debug-file - Finished :entry:default@BuildJS... after 3 ms 
[2026-09-18T17:34:47.562] [DEBUG] debug-file - entry : default@CacheNativeLibs cost memory 0.088714599609375
[2026-09-18T17:34:47.524] [DEBUG] debug-file - restool module names: entry; moduleName=entry, taskName=default@CompileResource
[2026-09-18T17:34:47.333] [DEBUG] debug-file - hvigorfile, require result:  { default: { system: [Function: hapTasks], plugins: [] } }
[2026-09-18T17:34:47.340] [DEBUG] debug-file - Target 'default' config initialized
[2026-09-18T17:34:47.447] [DEBUG] debug-file - Executing task :entry:default@ConfigureCmake
[2026-09-18T17:34:47.458] [DEBUG] debug-file - Executing task :entry:default@GeneratePkgSdkInfo
[2026-09-18T17:34:47.462] [INFO] debug-file - Finished :entry:default@ProcessIntegratedHsp... after 1 ms 
[2026-09-18T17:34:47.504] [DEBUG] debug-file - runTaskFromQueue task cost before running: 1 s 519 ms 
[2026-09-18T17:34:47.537] [INFO] debug-file - UP-TO-DATE :entry:default@DoNativeStrip...  
[2026-09-18T17:34:47.548] [DEBUG] debug-file - build config:
[2026-09-18T17:34:47.553] [DEBUG] debug-file - A work dispatched to worker[6] failed because unable to get work from ready queue.
[2026-09-18T17:34:47.491] [DEBUG] debug-file - entry : default@SyscapTransform cost memory 0.13764190673828125
[2026-09-18T17:34:47.563] [INFO] debug-file - UP-TO-DATE :entry:default@CacheNativeLibs...  
[2026-09-18T17:34:47.333] [DEBUG] debug-file - hvigorfile, binding system plugins [Function: hapTasks]
[2026-09-18T17:34:47.340] [DEBUG] debug-file - Module 'entry' target 'default' build option initialized
[2026-09-18T17:34:47.447] [DEBUG] debug-file - entry : default@ConfigureCmake cost memory 0.0155792236328125
[2026-09-18T17:34:47.459] [DEBUG] debug-file - Task 'entry:default@GeneratePkgSdkInfo' cost while wrapping incremental declarations: 1 ms 
[2026-09-18T17:34:47.439] [DEBUG] debug-file - Use tool [darwin: JAVA_HOME, CLASSPATH]
 [
  { JAVA_HOME: '/opt/homebrew/opt/openjdk@17' },
  { CLASSPATH: undefined }
]
[2026-09-18T17:34:47.505] [INFO] debug-file - Finished :entry:default@ProcessStartupConfig... after 2 ms 
[2026-09-18T17:34:47.549] [DEBUG] debug-file - {
  moduleType: 'entry',
  perf: 0,
  targetName: '.default',
  packageManagerType: 'ohpm',
  localPropertiesPath: '/Users/yujiantao/DevEcoStudioProjects/bang/local.properties',
  isPreview: false,
  isOhosTest: false,
  isLocalTest: false,
  buildMode: 'Debug',
  hotReloadBuild: undefined,
  watchMode: 'false',
  aceProfilePath: '/Users/yujiantao/DevEcoStudioProjects/bang/entry/build/default/intermediates/res/default/resources/base/profile',
  etsLoaderPath: '/Applications/DevEco-Studio.app/Contents/sdk/default/openharmony/ets/build-tools/ets-loader',
  modulePath: '/Users/yujiantao/DevEcoStudioProjects/bang/entry',
  testFrameworkPar: {
    testMode: undefined,
    coveragePathFilter: undefined,
    coverageMode: undefined
  },
  needCoverageInsert: false,
  debugLine: false,
  projectTopDir: '/Users/yujiantao/DevEcoStudioProjects/bang',
  compileSdkVersion: 24,
  compatibleSdkVersion: 12,
  originCompatibleSdkVersion: '5.0.0(12)',
  compatibleSdkVersionStage: 'beta1',
  bundleName: 'c***g',
  etsLoaderVersion: '6.1.1.125',
  etsLoaderReleaseType: 'Release',
  aotCompileMode: 'type',
  apPath: '/Users/yujiantao/DevEcoStudioProjects/bang/entry/modules.ap',
  entryModuleName: 'entry',
  entryModuleVersion: '1.0.0',
  entryPackageName: 'entry',
  allModuleNameHash: 'a0f1f6b39c100346c0a0d6c2c78f06287901f29efd59bf9215abebb99973443a',
  externalApiPaths: [ '/Applications/DevEco-Studio.app/Contents/sdk/default/hms/ets' ],
  compilerTypes: [],
  isCrossplatform: false,
  hvigorPluginFile: undefined,
  compilePluginPath: undefined,
  buildGeneratedProfilePath: '/Users/yujiantao/DevEcoStudioProjects/bang/entry/build/default/generated/profile/default',
  bundleType: 'app',
  arkTSVersion: undefined,
  apiVersion: 24,
  needCompleteSourcesMap: false,
  isFaMode: false,
  buildDir: '/Users/yujiantao/DevEcoStudioProjects/bang/entry/build',
  deviceTypes: [ 'phone', 'tablet', '2in1', 'wearable' ],
  pkgContextInfo: {
    entry: {
      packageName: 'entry',
      bundleName: '*****',
      moduleName: '',
      version: '',
      entryPath: 'src/main/',
      isSO: false,
      dependencyAlias: ''
    }
  },
  ohPackagePathMap: {},
  dependencyAliasMap: {},
  permission: {
    requestPermissions: [ [Object], [Object], [Object], [Object] ],
    definePermissions: undefined
  },
  useGetCurrentBundleName: false,
  projectArkOption: undefined,
  sourceMapDir: undefined,
  branchElimination: false,
  transformLib: undefined,
  tsImportSendable: false,
  resolveConflictMode: true,
  depName2RootPath: {},
  depName2DepInfo: {},
  depName2OhExports: {},
  rootPathSet: [ '/Users/yujiantao/DevEcoStudioProjects/bang' ],
  useNativeResolver: true,
  shouldEmitJs: true,
  useTscResolve: false,
  singleFileEmit: false,
  userProjectConfig: {
    autoLazyImport: false,
    allowEmptyBundleName: false,
    reExportCheckMode: 'noCheck',
    executionMode: 'memory',
    usePathPlaceholder: false,
    writeRollupCache: true,
    isExpandImportEnabled: false,
    expandImportExclude: '',
    lazyImportExclude: '',
    lazyImportInclude: '',
    ignoreCrossplatformCheck: false,
    isHarDeduplicateEnabled: false,
    skipOhModulesLint: false,
    enableStrictCheckOHModule: false,
    disableSendableCheckRules: [],
    useDeclarationFileSignature: false,
    customizedOptions: undefined,
    integratedHsp: false,
    isPreloadSoEnabled: false
  },
  executionMode: 'memory',
  arkCompileCachePath: '/Users/yujiantao/DevEcoStudioProjects/bang/entry/build/default/cache/default/default@CompileArkTS/esmodule',
  autoLazyFilter: undefined,
  isHarDeduplicateEnabled: false,
  intermediateHarDuplicateDirPath: '/Users/yujiantao/DevEcoStudioProjects/bang/entry/build/default/intermediates/har_duplicate/default',
  autoLazyImport: false,
  allowEmptyBundleName: false,
  reExportCheckMode: 'noCheck',
  usePathPlaceholder: false,
  writeRollupCache: true,
  isExpandImportEnabled: false,
  expandImportExclude: '',
  lazyImportExclude: '',
  lazyImportInclude: '',
  ignoreCrossplatformCheck: false,
  skipOhModulesLint: false,
  enableStrictCheckOHModule: false,
  disableSendableCheckRules: [],
  useDeclarationFileSignature: false,
  customizedOptions: undefined,
  integratedHsp: false,
  isPreloadSoEnabled: false,
  strictMode: {
    caseSensitiveCheck: true,
    useNormalizedOHMUrl: true,
    noExternalImportByPath: true
  },
  useNormalizedOHMUrl: true,
  caseSensitiveCheck: true,
  strictCheckerOnly: false,
  aceModuleJsonPath: '/Users/yujiantao/DevEcoStudioProjects/bang/entry/build/default/intermediates/res/default/ark_module.json',
  appResource: '/Users/yujiantao/DevEcoStudioProjects/bang/entry/build/default/intermediates/res/default/ResourceTable.txt',
  rawFileResource: '/Users/yujiantao/DevEcoStudioProjects/bang/entry/build/default/intermediates/res/default/resources/rawfile',
  resourceTableHash: 'e9a7d39e4c0834ee806c9512474476824fbde80b6bf661c30b39b52146d38e7e',
  runtimeOS: 'HarmonyOS',
  sdkInfo: 'false:24:6.1.1.125:Release',
  aceModuleRoot: '/Users/yujiantao/DevEcoStudioProjects/bang/entry/src/main/ets',
  compileMode: 'esmodule',
  aceSuperVisualPath: '/Users/yujiantao/DevEcoStudioProjects/bang/entry/src/main/supervisual',
  aceBuildJson: '/Users/yujiantao/DevEcoStudioProjects/bang/entry/build/default/intermediates/loader/default/loader.json',
  cachePath: '/Users/yujiantao/DevEcoStudioProjects/bang/entry/build/default/cache/default/default@CompileArkTS/esmodule/debug',
  aceModuleBuild: '/Users/yujiantao/DevEcoStudioProjects/bang/entry/build/default/intermediates/loader_out/default/ets',
  supportChunks: true,
  declaredFilesPath: undefined,
  shouldCollectDirectImportees: false,
  isByteCodeHarOptimize: false,
  expandImportPath: undefined,
  resourceTableTs: '/Users/yujiantao/DevEcoStudioProjects/bang/entry/build/default/generated/r/default/ResourceTable.ts',
  moduleMetaInfoFiles: [
    {
      filePath: '/Users/yujiantao/DevEcoStudioProjects/bang/entry/build/default/generated/r/default/ResourceTable.ts',
      ohmurl: '&entry/build/generated/r/ResourceTable&'
    }
  ],
  pkgNameToPkgBriefInfo: {
    entry: {
      pkgRoot: '/Users/yujiantao/DevEcoStudioProjects/bang/entry',
      originalSourceRoots: undefined,
      sourceRoots: [Array],
      pkgName: 'entry'
    }
  },
  projectModel: {
    '/Users/yujiantao/DevEcoStudioProjects/bang/entry/src/main': {
      moduleName: 'entry',
      modulePkgPath: '/Users/yujiantao/DevEcoStudioProjects/bang/entry',
      belongProjectPath: '/Users/yujiantao/DevEcoStudioProjects/bang'
    },
    '/Users/yujiantao/DevEcoStudioProjects/bang/entry': {
      moduleName: 'entry',
      modulePkgPath: '/Users/yujiantao/DevEcoStudioProjects/bang/entry',
      belongProjectPath: '/Users/yujiantao/DevEcoStudioProjects/bang'
    },
    '/Users/yujiantao/DevEcoStudioProjects/bang': {
      moduleName: 'bang',
      modulePkgPath: '/Users/yujiantao/DevEcoStudioProjects/bang',
      belongProjectPath: '/Users/yujiantao/DevEcoStudioProjects/bang'
    }
  },
  pkgJsonFileHash: '40b1841bbf357057c65feb3ac28ea243d081eae1882bb847cf02bca9ce23c51d',
  allModulePaths: [ '/Users/yujiantao/DevEcoStudioProjects/bang/entry' ],
  routerMap: {},
  obfuscationOptions: undefined,
  byteCodeHarToDependencyKeys: undefined,
  compileBlockPkg: [],
  mockParams: {
    decorator: '@MockSetup',
    packageName: '@ohos/hamock',
    etsSourceRootPath: 'src/main/ets',
    mockConfigPath: undefined,
    mockConfigKey2ModuleInfo: {},
    source2ModuleIdMap: {}
  },
  copyCodeResourceEnable: false,
  copyCodeResourceExcludes: [],
  copyCodeResourceIncludes: undefined,
  uiTransformOptimization: false,
  sdkPath: '/Applications/DevEco-Studio.app/Contents/sdk',
  needPreloadSoFileSet: {},
  preloadSoFilePath: '/Users/yujiantao/DevEcoStudioProjects/bang/entry/build/default/intermediates/preload/default/preload.json',
  useSourceHash: false,
  localModuleParamMap: {},
  otherPaths: {
    'entry/*': [ '../*', '../../../build/default/generated/profile/default/*' ]
  },
  collectImportersConfig: undefined
}
[2026-09-18T17:34:47.553] [DEBUG] debug-file - A work dispatched to worker[5] failed because unable to get work from ready queue.
[2026-09-18T17:34:47.491] [DEBUG] debug-file - runTaskFromQueue task cost before running: 1 s 505 ms 
[2026-09-18T17:34:47.333] [DEBUG] debug-file - Starting plugin build process
[2026-09-18T17:34:47.340] [DEBUG] debug-file - End initialize module-target build option map, moduleName=entry
[2026-09-18T17:34:47.447] [DEBUG] debug-file - runTaskFromQueue task cost before running: 1 s 461 ms 
[2026-09-18T17:34:47.459] [DEBUG] debug-file - entry : default@GeneratePkgSdkInfo cost memory 0.13347625732421875
[2026-09-18T17:34:47.439] [DEBUG] debug-file - Use tool [darwin: NODE_HOME]
 [ { NODE_HOME: undefined } ]
[2026-09-18T17:34:47.549] [DEBUG] debug-file - Compile arkts with external api path: /Applications/DevEco-Studio.app/Contents/sdk/default/hms/ets
[2026-09-18T17:34:47.553] [DEBUG] debug-file - Create  resident worker with id: 4.
[2026-09-18T17:34:47.491] [INFO] debug-file - Finished :entry:default@SyscapTransform... after 27 ms 
[2026-09-18T17:34:47.333] [DEBUG] debug-file - Hap plugin creating...
[2026-09-18T17:34:47.340] [DEBUG] debug-file - Start initialize module-target build option map, moduleName=entry, buildMode=debug
[2026-09-18T17:34:47.447] [INFO] debug-file - Finished :entry:default@ConfigureCmake... after 1 ms 
[2026-09-18T17:34:47.459] [DEBUG] debug-file - runTaskFromQueue task cost before running: 1 s 473 ms 
[2026-09-18T17:34:47.440] [DEBUG] debug-file - entry : default@PreBuild cost memory 6.074958801269531
[2026-09-18T17:34:47.549] [DEBUG] debug-file - Since there is no instance or instance is terminated, create a new worker pool.
[2026-09-18T17:34:47.554] [DEBUG] debug-file - default@CompileArkTS work[0] has been dispatched to worker[4].
[2026-09-18T17:34:47.340] [DEBUG] debug-file - Target 'default' config initialized
[2026-09-18T17:34:47.448] [DEBUG] debug-file - Executing task :entry:default@MergeProfile
[2026-09-18T17:34:47.459] [INFO] debug-file - Finished :entry:default@GeneratePkgSdkInfo... after 2 ms 
[2026-09-18T17:34:47.440] [DEBUG] debug-file - runTaskFromQueue task cost before running: 1 s 454 ms 
[2026-09-18T17:34:47.549] [DEBUG] debug-file - Worker pool is initialized with config:  {
  minPoolNum: 2,
  maxPoolNum: undefined,
  maxCoreSize: undefined,
  cacheCapacity: undefined,
  cacheTtl: undefined
}
[2026-09-18T17:34:47.554] [DEBUG] debug-file - default@CompileArkTS work[0] is dispatched.
[2026-09-18T17:34:47.340] [DEBUG] debug-file - Module 'entry' target 'default' build option initialized
[2026-09-18T17:34:47.448] [DEBUG] debug-file - Task 'entry:default@MergeProfile' cost while wrapping incremental declarations: 1 ms 
[2026-09-18T17:34:47.441] [INFO] debug-file - Finished :entry:default@PreBuild... after 85 ms 
[2026-09-18T17:34:47.554] [DEBUG] debug-file - entry : default@CompileArkTS cost memory 2.0125656127929688
[2026-09-18T17:34:47.340] [DEBUG] debug-file - End initialize module-target build option map, moduleName=entry
[2026-09-18T17:34:47.449] [DEBUG] debug-file - Incremental task entry:default@MergeProfile pre-execution cost: 1 ms .
[2026-09-18T17:34:47.442] [DEBUG] debug-file - Executing task :entry:default@CreateModuleInfo
[2026-09-18T17:34:47.340] [DEBUG] debug-file - Obtain build option for module 'entry' target 'default'in this build.
[2026-09-18T17:34:47.449] [DEBUG] debug-file - entry : default@MergeProfile cost memory 0.14022064208984375
[2026-09-18T17:34:47.442] [DEBUG] debug-file - Task 'entry:default@CreateModuleInfo' cost while wrapping incremental declarations: 1 ms 
[2026-09-18T17:34:47.343] [DEBUG] debug-file - Module entry task initialization takes 3 ms 
[2026-09-18T17:34:47.449] [INFO] debug-file - UP-TO-DATE :entry:default@MergeProfile...  
[2026-09-18T17:34:47.443] [DEBUG] debug-file - entry : default@CreateModuleInfo cost memory 0.05451202392578125
[2026-09-18T17:34:47.343] [DEBUG] debug-file - Hap plugin register hook start...
[2026-09-18T17:34:47.443] [DEBUG] debug-file - runTaskFromQueue task cost before running: 1 s 457 ms 
[2026-09-18T17:34:47.343] [DEBUG] debug-file - Hap plugin register hook end...
[2026-09-18T17:34:47.444] [INFO] debug-file - Finished :entry:default@CreateModuleInfo... after 2 ms 
[2026-09-18T17:34:47.343] [DEBUG] debug-file - Plugin build process completed
[2026-09-18T17:34:47.343] [DEBUG] debug-file - hvigorfile, begin to bind custom plugins...
[2026-09-18T17:34:47.343] [DEBUG] debug-file - hvigorfile, no custom plugins were found in /Users/yujiantao/DevEcoStudioProjects/bang/entry/hvigorfile.ts
[2026-09-18T17:34:47.343] [DEBUG] debug-file - hvigorfile, resolve finished /Users/yujiantao/DevEcoStudioProjects/bang/entry/hvigorfile.ts
[2026-09-18T17:34:53.930] [WARN] debug-file - [33mWARN: [33m[33mArkTS:WARN File: /Users/yujiantao/DevEcoStudioProjects/bang/entry/src/main/ets/service/SystemTrainingService.ets:98:75
 The system capacity of this api 'resultCode' is not supported on all devices
[39m[39m
[33mWARN: [33m[33mArkTS:WARN File: /Users/yujiantao/DevEcoStudioProjects/bang/entry/src/main/ets/service/SystemTrainingService.ets:98:105
 The system capacity of this api 'message' is not supported on all devices
[39m[39m
[33mWARN: [33m[33mArkTS:WARN File: /Users/yujiantao/DevEcoStudioProjects/bang/entry/src/main/ets/service/SystemTrainingService.ets:156:53
 The system capacity of this api 'liveViewManager' is not supported on all devices
[39m[39m
[33mWARN: [33m[33mArkTS:WARN File: /Users/yujiantao/DevEcoStudioProjects/bang/entry/src/main/ets/service/SystemTrainingService.ets:156:69
 The system capacity of this api 'isLiveViewEnabled' is not supported on all devices
[39m[39m
[33mWARN: [33m[33mArkTS:WARN File: /Users/yujiantao/DevEcoStudioProjects/bang/entry/src/main/ets/service/SystemTrainingService.ets:271:51
 The system capacity of this api 'liveViewManager' is not supported on all devices
[39m[39m
[33mWARN: [33m[33mArkTS:WARN File: /Users/yujiantao/DevEcoStudioProjects/bang/entry/src/main/ets/service/SystemTrainingService.ets:271:67
 The system capacity of this api 'stopLiveView' is not supported on all devices
[39m[39m
[33mWARN: [33m[33mArkTS:WARN File: /Users/yujiantao/DevEcoStudioProjects/bang/entry/src/main/ets/service/SystemTrainingService.ets:304:22
 The system capacity of this api 'liveViewManager' is not supported on all devices
[39m[39m
[33mWARN: [33m[33mArkTS:WARN File: /Users/yujiantao/DevEcoStudioProjects/bang/entry/src/main/ets/service/SystemTrainingService.ets:304:38
 The system capacity of this api 'getActiveLiveView' is not supported on all devices
[39m[39m
[33mWARN: [33m[33mArkTS:WARN File: /Users/yujiantao/DevEcoStudioProjects/bang/entry/src/main/ets/service/SystemTrainingService.ets:311:43
 The system capacity of this api 'sequence' is not supported on all devices
[39m[39m
[33mWARN: [33m[33mArkTS:WARN File: /Users/yujiantao/DevEcoStudioProjects/bang/entry/src/main/ets/service/SystemTrainingService.ets:311:79
 The system capacity of this api 'sequence' is not supported on all devices
[39m[39m
[33mWARN: [33m[33mArkTS:WARN File: /Users/yujiantao/DevEcoStudioProjects/bang/entry/src/main/ets/service/SystemTrainingService.ets:315:51
 The system capacity of this api 'liveViewManager' is not supported on all devices
[39m[39m
[33mWARN: [33m[33mArkTS:WARN File: /Users/yujiantao/DevEcoStudioProjects/bang/entry/src/main/ets/service/SystemTrainingService.ets:315:67
 The system capacity of this api 'stopLiveView' is not supported on all devices
[39m[39m
[33mWARN: [33m[33mArkTS:WARN File: /Users/yujiantao/DevEcoStudioProjects/bang/entry/src/main/ets/service/SystemTrainingService.ets:335:107
 The system capacity of this api 'liveViewManager' is not supported on all devices
[39m[39m
[33mWARN: [33m[33mArkTS:WARN File: /Users/yujiantao/DevEcoStudioProjects/bang/entry/src/main/ets/service/SystemTrainingService.ets:335:123
 The system capacity of this api 'startLiveView' is not supported on all devices
[39m[39m
[33mWARN: [33m[33mArkTS:WARN File: /Users/yujiantao/DevEcoStudioProjects/bang/entry/src/main/ets/service/SystemTrainingService.ets:336:27
 The system capacity of this api 'resultCode' is not supported on all devices
[39m[39m
[33mWARN: [33m[33mArkTS:WARN File: /Users/yujiantao/DevEcoStudioProjects/bang/entry/src/main/ets/service/SystemTrainingService.ets:337:69
 The system capacity of this api 'resultCode' is not supported on all devices
[39m[39m
[33mWARN: [33m[33mArkTS:WARN File: /Users/yujiantao/DevEcoStudioProjects/bang/entry/src/main/ets/service/SystemTrainingService.ets:337:104
 The system capacity of this api 'message' is not supported on all devices
[39m[39m
[33mWARN: [33m[33mArkTS:WARN File: /Users/yujiantao/DevEcoStudioProjects/bang/entry/src/main/ets/service/SystemTrainingService.ets:340:88
 The system capacity of this api 'resultCode' is not supported on all devices
[39m[39m
[33mWARN: [33m[33mArkTS:WARN File: /Users/yujiantao/DevEcoStudioProjects/bang/entry/src/main/ets/service/SystemTrainingService.ets:348:109
 The system capacity of this api 'liveViewManager' is not supported on all devices
[39m[39m
[33mWARN: [33m[33mArkTS:WARN File: /Users/yujiantao/DevEcoStudioProjects/bang/entry/src/main/ets/service/SystemTrainingService.ets:348:125
 The system capacity of this api 'startLiveView' is not supported on all devices
[39m[39m
[33mWARN: [33m[33mArkTS:WARN File: /Users/yujiantao/DevEcoStudioProjects/bang/entry/src/main/ets/service/SystemTrainingService.ets:349:29
 The system capacity of this api 'resultCode' is not supported on all devices
[39m[39m
[33mWARN: [33m[33mArkTS:WARN File: /Users/yujiantao/DevEcoStudioProjects/bang/entry/src/main/ets/service/SystemTrainingService.ets:350:77
 The system capacity of this api 'resultCode' is not supported on all devices
[39m[39m
[33mWARN: [33m[33mArkTS:WARN File: /Users/yujiantao/DevEcoStudioProjects/bang/entry/src/main/ets/service/SystemTrainingService.ets:350:112
 The system capacity of this api 'message' is not supported on all devices
[39m[39m
[33mWARN: [33m[33mArkTS:WARN File: /Users/yujiantao/DevEcoStudioProjects/bang/entry/src/main/ets/service/SystemTrainingService.ets:353:96
 The system capacity of this api 'resultCode' is not supported on all devices
[39m[39m
[33mWARN: [33m[33mArkTS:WARN File: /Users/yujiantao/DevEcoStudioProjects/bang/entry/src/main/ets/service/SystemTrainingService.ets:362:98
 The system capacity of this api 'liveViewManager' is not supported on all devices
[39m[39m
[33mWARN: [33m[33mArkTS:WARN File: /Users/yujiantao/DevEcoStudioProjects/bang/entry/src/main/ets/service/SystemTrainingService.ets:362:114
 The system capacity of this api 'updateLiveView' is not supported on all devices
[39m[39m
[33mWARN: [33m[33mArkTS:WARN File: /Users/yujiantao/DevEcoStudioProjects/bang/entry/src/main/ets/service/SystemTrainingService.ets:363:18
 The system capacity of this api 'resultCode' is not supported on all devices
[39m[39m
[33mWARN: [33m[33mArkTS:WARN File: /Users/yujiantao/DevEcoStudioProjects/bang/entry/src/main/ets/service/SystemTrainingService.ets:364:61
 The system capacity of this api 'resultCode' is not supported on all devices
[39m[39m
[33mWARN: [33m[33mArkTS:WARN File: /Users/yujiantao/DevEcoStudioProjects/bang/entry/src/main/ets/service/SystemTrainingService.ets:364:91
 The system capacity of this api 'message' is not supported on all devices
[39m[39m
[33mWARN: [33m[33mArkTS:WARN File: /Users/yujiantao/DevEcoStudioProjects/bang/entry/src/main/ets/service/SystemTrainingService.ets:366:80
 The system capacity of this api 'resultCode' is not supported on all devices
[39m[39m
[33mWARN: [33m[33mArkTS:WARN File: /Users/yujiantao/DevEcoStudioProjects/bang/entry/src/main/ets/service/SystemTrainingService.ets:375:58
 The system capacity of this api 'liveViewManager' is not supported on all devices
[39m[39m
[33mWARN: [33m[33mArkTS:WARN File: /Users/yujiantao/DevEcoStudioProjects/bang/entry/src/main/ets/service/SystemTrainingService.ets:375:74
 The system capacity of this api 'getActiveLiveView' is not supported on all devices
[39m[39m
[33mWARN: [33m[33mArkTS:WARN File: /Users/yujiantao/DevEcoStudioProjects/bang/entry/src/main/ets/service/SystemTrainingService.ets:376:49
 The system capacity of this api 'sequence' is not supported on all devices
[39m[39m
[33mWARN: [33m[33mArkTS:WARN File: /Users/yujiantao/DevEcoStudioProjects/bang/entry/src/main/ets/service/SystemTrainingService.ets:376:85
 The system capacity of this api 'sequence' is not supported on all devices
[39m[39m
[33mWARN: [33m[33mArkTS:WARN File: /Users/yujiantao/DevEcoStudioProjects/bang/entry/src/main/ets/service/SystemTrainingService.ets:381:110
 The system capacity of this api 'liveViewManager' is not supported on all devices
[39m[39m
[33mWARN: [33m[33mArkTS:WARN File: /Users/yujiantao/DevEcoStudioProjects/bang/entry/src/main/ets/service/SystemTrainingService.ets:381:126
 The system capacity of this api 'updateLiveView' is not supported on all devices
[39m[39m
[33mWARN: [33m[33mArkTS:WARN File: /Users/yujiantao/DevEcoStudioProjects/bang/entry/src/main/ets/service/SystemTrainingService.ets:382:30
 The system capacity of this api 'resultCode' is not supported on all devices
[39m[39m
[33mWARN: [33m[33mArkTS:WARN File: /Users/yujiantao/DevEcoStudioProjects/bang/entry/src/main/ets/service/SystemTrainingService.ets:384:101
 The system capacity of this api 'resultCode' is not supported on all devices
[39m[39m
[33mWARN: [33m[33mArkTS:WARN File: /Users/yujiantao/DevEcoStudioProjects/bang/entry/src/main/ets/service/SystemTrainingService.ets:387:71
 The system capacity of this api 'resultCode' is not supported on all devices
[39m[39m
[33mWARN: [33m[33mArkTS:WARN File: /Users/yujiantao/DevEcoStudioProjects/bang/entry/src/main/ets/service/SystemTrainingService.ets:387:109
 The system capacity of this api 'message' is not supported on all devices
[39m[39m
[33mWARN: [33m[33mArkTS:WARN File: /Users/yujiantao/DevEcoStudioProjects/bang/entry/src/main/ets/service/SystemTrainingService.ets:602:19
 The system capacity of this api 'liveViewManager' is not supported on all devices
[39m[39m
[33mWARN: [33m[33mArkTS:WARN File: /Users/yujiantao/DevEcoStudioProjects/bang/entry/src/main/ets/service/SystemTrainingService.ets:602:35
 The system capacity of this api 'ExtensionType' is not supported on all devices
[39m[39m
[33mWARN: [33m[33mArkTS:WARN File: /Users/yujiantao/DevEcoStudioProjects/bang/entry/src/main/ets/service/SystemTrainingService.ets:602:49
 The system capacity of this api 'EXTENSION_TYPE_CAPSULE_TEXT' is not supported on all devices
[39m[39m
[33mWARN: [33m[33mArkTS:WARN File: /Users/yujiantao/DevEcoStudioProjects/bang/entry/src/main/ets/service/SystemTrainingService.ets:606:25
 The system capacity of this api 'liveViewManager' is not supported on all devices
[39m[39m
[33mWARN: [33m[33mArkTS:WARN File: /Users/yujiantao/DevEcoStudioProjects/bang/entry/src/main/ets/service/SystemTrainingService.ets:606:41
 The system capacity of this api 'LayoutType' is not supported on all devices
[39m[39m
[33mWARN: [33m[33mArkTS:WARN File: /Users/yujiantao/DevEcoStudioProjects/bang/entry/src/main/ets/service/SystemTrainingService.ets:606:52
 The system capacity of this api 'LAYOUT_TYPE_PROGRESS' is not supported on all devices
[39m[39m
[33mWARN: [33m[33mArkTS:WARN File: /Users/yujiantao/DevEcoStudioProjects/bang/entry/src/main/ets/service/SystemTrainingService.ets:610:28
 The system capacity of this api 'liveViewManager' is not supported on all devices
[39m[39m
[33mWARN: [33m[33mArkTS:WARN File: /Users/yujiantao/DevEcoStudioProjects/bang/entry/src/main/ets/service/SystemTrainingService.ets:610:44
 The system capacity of this api 'IndicatorType' is not supported on all devices
[39m[39m
[33mWARN: [33m[33mArkTS:WARN File: /Users/yujiantao/DevEcoStudioProjects/bang/entry/src/main/ets/service/SystemTrainingService.ets:610:58
 The system capacity of this api 'INDICATOR_TYPE_UNDISPLAYED' is not supported on all devices
[39m[39m
[33mWARN: [33m[33mArkTS:WARN File: /Users/yujiantao/DevEcoStudioProjects/bang/entry/src/main/ets/service/SystemTrainingService.ets:611:23
 The system capacity of this api 'liveViewManager' is not supported on all devices
[39m[39m
[33mWARN: [33m[33mArkTS:WARN File: /Users/yujiantao/DevEcoStudioProjects/bang/entry/src/main/ets/service/SystemTrainingService.ets:611:39
 The system capacity of this api 'LineType' is not supported on all devices
[39m[39m
[33mWARN: [33m[33mArkTS:WARN File: /Users/yujiantao/DevEcoStudioProjects/bang/entry/src/main/ets/service/SystemTrainingService.ets:611:48
 The system capacity of this api 'LINE_TYPE_THICK_SOLID_LINE' is not supported on all devices
[39m[39m
[33mWARN: [33m[33mArkTS:WARN File: /Users/yujiantao/DevEcoStudioProjects/bang/entry/src/main/ets/service/SystemTrainingService.ets:623:17
 The system capacity of this api 'liveViewManager' is not supported on all devices
[39m[39m
[33mWARN: [33m[33mArkTS:WARN File: /Users/yujiantao/DevEcoStudioProjects/bang/entry/src/main/ets/service/SystemTrainingService.ets:623:33
 The system capacity of this api 'CapsuleType' is not supported on all devices
[39m[39m
[33mWARN: [33m[33mArkTS:WARN File: /Users/yujiantao/DevEcoStudioProjects/bang/entry/src/main/ets/service/SystemTrainingService.ets:623:45
 The system capacity of this api 'CAPSULE_TYPE_TIMER' is not supported on all devices
[39m[39m
[33mWARN: [33m[33mArkTS:WARN File: /Users/yujiantao/DevEcoStudioProjects/bang/entry/src/main/ets/service/VoiceService.ets:118:27
 The system capacity of this api 'stop' is not supported on all devices
[39m[39m
[33mWARN: [33m[33mArkTS:WARN File: /Users/yujiantao/DevEcoStudioProjects/bang/entry/src/main/ets/service/VoiceService.ets:189:31
 The system capacity of this api 'shutdown' is not supported on all devices
[39m[39m
[33mWARN: [33m[33mArkTS:WARN File: /Users/yujiantao/DevEcoStudioProjects/bang/entry/src/main/ets/service/VoiceService.ets:191:37
 The system capacity of this api 'textToSpeech' is not supported on all devices
[39m[39m
[33mWARN: [33m[33mArkTS:WARN File: /Users/yujiantao/DevEcoStudioProjects/bang/entry/src/main/ets/service/VoiceService.ets:191:50
 The system capacity of this api 'createEngine' is not supported on all devices
[39m[39m
[33mWARN: [33m[33mArkTS:WARN File: /Users/yujiantao/DevEcoStudioProjects/bang/entry/src/main/ets/service/VoiceService.ets:203:29
 The system capacity of this api 'setListener' is not supported on all devices
[39m[39m
[33mWARN: [33m[33mArkTS:WARN File: /Users/yujiantao/DevEcoStudioProjects/bang/entry/src/main/ets/service/VoiceService.ets:213:27
 The system capacity of this api 'speak' is not supported on all devices
[39m[39m

[2026-09-18T17:34:53.931] [DEBUG] debug-file - Ark compile task finished.finished time is 1499455820270666
[2026-09-18T17:34:53.934] [DEBUG] debug-file - worker[4] has one work done.
[2026-09-18T17:34:53.937] [DEBUG] debug-file - default@CompileArkTS work[0] done.
[2026-09-18T17:34:53.948] [DEBUG] debug-file - Executing task :entry:default@PackageHap
[2026-09-18T17:34:53.937] [DEBUG] debug-file - A work dispatched to worker[4] failed because unable to get work from ready queue.
[2026-09-18T17:34:53.953] [DEBUG] debug-file - default@PackageHap work[1] is submitted.
[2026-09-18T17:34:53.952] [DEBUG] debug-file - entry:default@PackageHap is not up-to-date, since the input file '/Users/yujiantao/DevEcoStudioProjects/bang/entry/build/default/intermediates/loader_out/default/ets' has been changed.
[2026-09-18T17:34:53.940] [INFO] debug-file - Finished :entry:default@CompileArkTS... after 4 s 887 ms 
[2026-09-18T17:34:53.953] [DEBUG] debug-file - default@PackageHap work[1] is pushed to ready queue.
[2026-09-18T17:34:53.952] [DEBUG] debug-file - Incremental task entry:default@PackageHap pre-execution cost: 3 ms .
[2026-09-18T17:34:53.943] [DEBUG] debug-file - Executing task :entry:default@GeneratePkgModuleJson
[2026-09-18T17:34:53.952] [DEBUG] debug-file - Use tool [/Applications/DevEco-Studio.app/Contents/sdk/default/openharmony/toolchains/lib/app_packing_tool.jar]
 [
  'java',
  '-Dfile.encoding=utf-8',
  '-jar',
  '/Applications/DevEco-Studio.app/Contents/sdk/default/openharmony/toolchains/lib/app_packing_tool.jar',
  '--mode',
  'hap',
  '--force',
  'true',
  '--lib-path',
  '/Users/yujiantao/DevEcoStudioProjects/bang/entry/build/default/intermediates/stripped_native_libs/default',
  '--json-path',
  '/Users/yujiantao/DevEcoStudioProjects/bang/entry/build/default/intermediates/package/default/module.json',
  '--resources-path',
  '/Users/yujiantao/DevEcoStudioProjects/bang/entry/build/default/intermediates/res/default/resources',
  '--index-path',
  '/Users/yujiantao/DevEcoStudioProjects/bang/entry/build/default/intermediates/res/default/resources.index',
  '--pack-info-path',
  '/Users/yujiantao/DevEcoStudioProjects/bang/entry/build/default/outputs/default/pack.info',
  '--out-path',
  '/Users/yujiantao/DevEcoStudioProjects/bang/entry/build/default/outputs/default/entry-default-unsigned.hap',
  '--ets-path',
  '/Users/yujiantao/DevEcoStudioProjects/bang/entry/build/default/intermediates/loader_out/default/ets',
  '--pkg-context-path',
  '/Users/yujiantao/DevEcoStudioProjects/bang/entry/build/default/intermediates/loader/default/pkgContextInfo.json'
]
[2026-09-18T17:34:53.953] [DEBUG] debug-file - A work dispatched to worker[7] failed because unable to get work from ready queue.
[2026-09-18T17:34:53.943] [DEBUG] debug-file - File: '/Users/yujiantao/DevEcoStudioProjects/bang/entry/build/default/intermediates/preload/default/preload.json' from 'preloadSoJsonPath' is not exists, just ignore.
[2026-09-18T17:34:53.953] [DEBUG] debug-file - Create  resident worker with id: 6.
[2026-09-18T17:34:53.943] [DEBUG] debug-file - Error occurs while handling @Input 'shouldDeduplicateHar': The "data" argument must be of type string or an instance of Buffer, TypedArray, or DataView. Received undefined
[2026-09-18T17:34:53.954] [DEBUG] debug-file - default@PackageHap work[1] has been dispatched to worker[6].
[2026-09-18T17:34:53.943] [DEBUG] debug-file - Task 'entry:default@GeneratePkgModuleJson' cost while wrapping incremental declarations: 1 ms 
[2026-09-18T17:34:53.954] [DEBUG] debug-file - default@PackageHap work[1] is dispatched.
[2026-09-18T17:34:53.944] [DEBUG] debug-file - Incremental task entry:default@GeneratePkgModuleJson pre-execution cost: 1 ms .
[2026-09-18T17:34:53.957] [DEBUG] debug-file - entry : default@PackageHap cost memory 0.6851577758789062
[2026-09-18T17:34:53.944] [DEBUG] debug-file - entry : default@GeneratePkgModuleJson cost memory 0.0776214599609375
[2026-09-18T17:34:53.944] [INFO] debug-file - UP-TO-DATE :entry:default@GeneratePkgModuleJson...  
[2026-09-18T17:34:53.945] [DEBUG] debug-file - Executing task :entry:default@ProcessCompiledResources
[2026-09-18T17:34:53.945] [DEBUG] debug-file - File: '/Users/yujiantao/DevEcoStudioProjects/bang/entry/build/default/intermediates/preload/default/preload.json' from 'preloadSoJsonPath' is not exists, just ignore.
[2026-09-18T17:34:53.945] [DEBUG] debug-file - Task 'entry:default@ProcessCompiledResources' cost while wrapping incremental declarations: 1 ms 
[2026-09-18T17:34:53.945] [DEBUG] debug-file - entry : default@ProcessCompiledResources cost memory 0.0521697998046875
[2026-09-18T17:34:53.945] [DEBUG] debug-file - runTaskFromQueue task cost before running: 7 s 959 ms 
[2026-09-18T17:34:53.945] [INFO] debug-file - Finished :entry:default@ProcessCompiledResources... after 1 ms 
[2026-09-18T17:34:54.386] [DEBUG] debug-file - current process  memoryUsage: {
  rss: 532332544,
  heapTotal: 78184448,
  heapUsed: 54092200,
  external: 3666901,
  arrayBuffers: 18667
} os memoryUsage :15.891372680664062
[2026-09-18T17:34:54.925] [DEBUG] debug-file - worker[6] has one work done.
[2026-09-18T17:34:54.925] [DEBUG] debug-file - default@PackageHap work[1] done.
[2026-09-18T17:34:54.927] [DEBUG] debug-file - Executing task :entry:default@PackingCheck
[2026-09-18T17:34:54.933] [DEBUG] debug-file - Executing task :entry:default@SignHap
[2026-09-18T17:34:54.925] [DEBUG] debug-file - A work dispatched to worker[6] failed because unable to get work from ready queue.
[2026-09-18T17:34:54.932] [DEBUG] debug-file - entry : default@PackingCheck cost memory 0.6712646484375
[2026-09-18T17:34:54.934] [DEBUG] debug-file - entry:default@SignHap is not up-to-date, since the input file '/Users/yujiantao/DevEcoStudioProjects/bang/entry/build/default/outputs/default/entry-default-unsigned.hap' has been changed.
[2026-09-18T17:34:54.926] [INFO] debug-file - Finished :entry:default@PackageHap... after 551 ms 
[2026-09-18T17:34:54.932] [DEBUG] debug-file - runTaskFromQueue task cost before running: 8 s 946 ms 
[2026-09-18T17:34:54.934] [DEBUG] debug-file - Incremental task entry:default@SignHap pre-execution cost: 1 ms .
[2026-09-18T17:34:54.944] [DEBUG] debug-file - current process  memoryUsage: {
  rss: 501006336,
  heapTotal: 166510592,
  heapUsed: 135359576,
  external: 3851769,
  arrayBuffers: 131542
} os memoryUsage :15.866439819335938
[2026-09-18T17:34:54.932] [INFO] debug-file - Finished :entry:default@PackingCheck... after 6 ms 
[2026-09-18T17:34:55.441] [DEBUG] debug-file - 09-18 17:34:55.441  INFO - Start verify-profile

[2026-09-18T17:34:55.646] [DEBUG] debug-file - 09-18 17:34:55.645  INFO - verify-profile success

[2026-09-18T17:34:55.654] [DEBUG] debug-file - current process  memoryUsage: {
  rss: 361152512,
  heapTotal: 166510592,
  heapUsed: 135770112,
  external: 3851881,
  arrayBuffers: 131654
} os memoryUsage :15.846847534179688
[2026-09-18T17:34:56.283] [DEBUG] debug-file - 09-18 17:34:56.282  INFO - Start sign-app

[2026-09-18T17:34:56.469] [DEBUG] debug-file - 09-18 17:34:56.469  INFO - certificate in profile: 俞建涛(1389902721670239361)\,Development

[2026-09-18T17:34:56.605] [DEBUG] debug-file - 09-18 17:34:56.605  INFO - Start to sign code.

[2026-09-18T17:34:56.610] [DEBUG] debug-file - 09-18 17:34:56.609  INFO - profile type is: debug

[2026-09-18T17:34:56.633] [DEBUG] debug-file - 09-18 17:34:56.633  INFO - /Users/yujiantao/.ohos/config/auto_bang_7YrzqJE1rIOdvZ_BTS9A9UF3By8y4SWYB3-MGJb9VSs=.p12 is exist. Try to load it with given passwd

[2026-09-18T17:34:56.821] [DEBUG] debug-file - 09-18 17:34:56.820  INFO - Create a sign info successfully.

[2026-09-18T17:34:56.834] [DEBUG] debug-file - 09-18 17:34:56.833  INFO - Create a sign info successfully.

[2026-09-18T17:34:56.838] [DEBUG] debug-file - 09-18 17:34:56.838  INFO - No native libs.

[2026-09-18T17:34:56.841] [DEBUG] debug-file - 09-18 17:34:56.841  INFO - Sign successfully.

[2026-09-18T17:34:56.854] [DEBUG] debug-file - 09-18 17:34:56.854  INFO - Add sign data in sign info list success.

[2026-09-18T17:34:56.858] [DEBUG] debug-file - 09-18 17:34:56.858  INFO - Generate signing block success, begin write it to output file

[2026-09-18T17:34:56.859] [DEBUG] debug-file - 09-18 17:34:56.859  INFO - Sign Hap success!

[2026-09-18T17:34:56.859] [DEBUG] debug-file - 09-18 17:34:56.859  INFO - sign-app success

[2026-09-18T17:34:56.881] [DEBUG] debug-file - entry : default@SignHap cost memory 1.0584335327148438
[2026-09-18T17:34:56.881] [DEBUG] debug-file - runTaskFromQueue task cost before running: 10 s 895 ms 
[2026-09-18T17:34:56.886] [DEBUG] debug-file - Executing task :entry:default@CollectDebugSymbol
[2026-09-18T17:34:56.883] [INFO] debug-file - Finished :entry:default@SignHap... after 1 s 948 ms 
[2026-09-18T17:34:56.886] [DEBUG] debug-file - entry : default@CollectDebugSymbol cost memory 0.089019775390625
[2026-09-18T17:34:56.886] [DEBUG] debug-file - runTaskFromQueue task cost before running: 10 s 900 ms 
[2026-09-18T17:34:56.886] [INFO] debug-file - Finished :entry:default@CollectDebugSymbol... after 1 ms 
[2026-09-18T17:34:56.887] [DEBUG] debug-file - Executing task :entry:assembleHap
[2026-09-18T17:34:56.887] [DEBUG] debug-file - entry : assembleHap cost memory 0.01583099365234375
[2026-09-18T17:34:56.887] [DEBUG] debug-file - runTaskFromQueue task cost before running: 10 s 901 ms 
[2026-09-18T17:34:56.887] [INFO] debug-file - Finished :entry:assembleHap... after 1 ms 
[2026-09-18T17:34:56.889] [INFO] debug-file - BUILD SUCCESSFUL in 10 s 903 ms 
[2026-09-18T17:34:56.891] [DEBUG] debug-file - Update task entry:default@PreBuild input file:/Users/yujiantao/DevEcoStudioProjects/bang/AppScope/app.json5 cache by regenerate.
[2026-09-18T17:34:56.891] [DEBUG] debug-file - Update task entry:default@PreBuild input file:/Users/yujiantao/DevEcoStudioProjects/bang/entry/src/main/module.json5 cache by regenerate.
[2026-09-18T17:34:56.891] [DEBUG] debug-file - Update task entry:default@PreBuild input file:/Users/yujiantao/DevEcoStudioProjects/bang/build-profile.json5 cache by regenerate.
[2026-09-18T17:34:56.891] [DEBUG] debug-file - Update task entry:default@PreBuild input file:/Users/yujiantao/DevEcoStudioProjects/bang/entry/build-profile.json5 cache by regenerate.
[2026-09-18T17:34:56.891] [DEBUG] debug-file - Update task entry:default@PreBuild input file:/Users/yujiantao/DevEcoStudioProjects/bang/entry/src/main/resources/base/profile/main_pages.json cache by regenerate.
[2026-09-18T17:34:56.891] [DEBUG] debug-file - Update task entry:default@PreBuild input file:/Users/yujiantao/DevEcoStudioProjects/bang/hvigor/hvigor-config.json5 cache by regenerate.
[2026-09-18T17:34:56.891] [DEBUG] debug-file - Update task entry:default@PreBuild input file:/Users/yujiantao/DevEcoStudioProjects/bang/entry/oh-package.json5 cache by regenerate.
[2026-09-18T17:34:56.891] [DEBUG] debug-file - Update task entry:default@PreBuild input file:/Users/yujiantao/DevEcoStudioProjects/bang/oh-package.json5 cache by regenerate.
[2026-09-18T17:34:56.891] [DEBUG] debug-file - Incremental task entry:default@PreBuild post-execution cost:1 ms .
[2026-09-18T17:34:56.891] [DEBUG] debug-file - Update task entry:default@CreateModuleInfo output file:/Users/yujiantao/DevEcoStudioProjects/bang/entry/build/default/generated/profile/default/ModuleInfo.ts cache.
[2026-09-18T17:34:56.891] [DEBUG] debug-file - Incremental task entry:default@CreateModuleInfo post-execution cost:1 ms .
[2026-09-18T17:34:56.891] [DEBUG] debug-file - There is no need to refresh cache, since the incremental task entry:default@GenerateMetadata is up-to-date.
[2026-09-18T17:34:56.891] [DEBUG] debug-file - There is no need to refresh cache, since the incremental task entry:default@MergeProfile is up-to-date.
[2026-09-18T17:34:56.892] [DEBUG] debug-file - There is no need to refresh cache, since the incremental task entry:default@CreateBuildProfile is up-to-date.
[2026-09-18T17:34:56.892] [DEBUG] debug-file - There is no need to refresh cache, since the incremental task entry:default@GeneratePkgContextInfo is up-to-date.
[2026-09-18T17:34:56.892] [DEBUG] debug-file - Update task entry:default@GeneratePkgSdkInfo output file:/Users/yujiantao/DevEcoStudioProjects/bang/entry/build/default/intermediates/loader/default/pkgSdkInfo.json cache.
[2026-09-18T17:34:56.892] [DEBUG] debug-file - Incremental task entry:default@GeneratePkgSdkInfo post-execution cost:1 ms .
[2026-09-18T17:34:56.892] [DEBUG] debug-file - Update task entry:default@ProcessIntegratedHsp output file:/Users/yujiantao/DevEcoStudioProjects/bang/build/cache/default/integrated_hsp/integratedHspCache.json cache.
[2026-09-18T17:34:56.892] [DEBUG] debug-file - Incremental task entry:default@ProcessIntegratedHsp post-execution cost:1 ms .
[2026-09-18T17:34:56.892] [DEBUG] debug-file - There is no need to refresh cache, since the incremental task entry:default@MakePackInfo is up-to-date.
[2026-09-18T17:34:56.892] [DEBUG] debug-file - Update task entry:default@SyscapTransform input file:/Applications/DevEco-Studio.app/Contents/sdk/default/openharmony/toolchains/syscap_tool cache by regenerate.
[2026-09-18T17:34:56.892] [DEBUG] debug-file - Update task entry:default@SyscapTransform input file:/Applications/DevEco-Studio.app/Contents/sdk/default/openharmony/ets/api/device-define cache by regenerate.
[2026-09-18T17:34:56.892] [DEBUG] debug-file - Update task entry:default@SyscapTransform output file:/Users/yujiantao/DevEcoStudioProjects/bang/entry/build/default/intermediates/syscap/default/rpcid.sc cache.
[2026-09-18T17:34:56.892] [DEBUG] debug-file - Incremental task entry:default@SyscapTransform post-execution cost:1 ms .
[2026-09-18T17:34:56.892] [DEBUG] debug-file - There is no need to refresh cache, since the incremental task entry:default@ProcessProfile is up-to-date.
[2026-09-18T17:34:56.892] [DEBUG] debug-file - There is no need to refresh cache, since the incremental task entry:default@ProcessRouterMap is up-to-date.
[2026-09-18T17:34:56.892] [DEBUG] debug-file - There is no need to refresh cache, since the incremental task entry:default@ProcessShareConfig is up-to-date.
[2026-09-18T17:34:56.892] [DEBUG] debug-file - Update task entry:default@ProcessStartupConfig input file:/Users/yujiantao/DevEcoStudioProjects/bang/entry/build/default/intermediates/loader/default/pkgContextInfo.json cache by regenerate.
[2026-09-18T17:34:56.893] [DEBUG] debug-file - Update task entry:default@ProcessStartupConfig output file:/Users/yujiantao/DevEcoStudioProjects/bang/entry/build/default/intermediates/startup/default/startup_config.json cache.
[2026-09-18T17:34:56.893] [DEBUG] debug-file - Incremental task entry:default@ProcessStartupConfig post-execution cost:1 ms .
[2026-09-18T17:34:56.893] [DEBUG] debug-file - There is no need to refresh cache, since the incremental task entry:default@ProcessResource is up-to-date.
[2026-09-18T17:34:56.893] [DEBUG] debug-file - There is no need to refresh cache, since the incremental task entry:default@GenerateLoaderJson is up-to-date.
[2026-09-18T17:34:56.893] [DEBUG] debug-file - There is no need to refresh cache, since the incremental task entry:default@ProcessLibs is up-to-date.
[2026-09-18T17:34:56.893] [DEBUG] debug-file - There is no need to refresh cache, since the incremental task entry:default@CompileResource is up-to-date.
[2026-09-18T17:34:56.893] [DEBUG] debug-file - There is no need to refresh cache, since the incremental task entry:default@DoNativeStrip is up-to-date.
[2026-09-18T17:34:56.893] [DEBUG] debug-file - Update task entry:default@CompileArkTS input file:/Users/yujiantao/DevEcoStudioProjects/bang/entry/build/default/intermediates/loader/default cache by regenerate.
[2026-09-18T17:34:56.893] [DEBUG] debug-file - Update task entry:default@CompileArkTS input file:/Users/yujiantao/DevEcoStudioProjects/bang/entry/build/default/intermediates/res/default/resources/rawfile cache by regenerate.
[2026-09-18T17:34:56.894] [DEBUG] debug-file - Update task entry:default@CompileArkTS input file:/Users/yujiantao/DevEcoStudioProjects/bang/entry/build/default/intermediates/res/default/ResourceTable.txt cache by regenerate.
[2026-09-18T17:34:56.894] [DEBUG] debug-file - Update task entry:default@CompileArkTS input file:/Users/yujiantao/DevEcoStudioProjects/bang/entry/build/default/intermediates/res/default/ark_module.json cache by regenerate.
[2026-09-18T17:34:56.894] [DEBUG] debug-file - Update task entry:default@CompileArkTS input file:/Users/yujiantao/DevEcoStudioProjects/bang/entry/build/default/intermediates/res/default/resources/base/profile cache by regenerate.
[2026-09-18T17:34:56.895] [DEBUG] debug-file - Update task entry:default@CompileArkTS input file:/Users/yujiantao/DevEcoStudioProjects/bang/entry/src/main/ets cache from map.
[2026-09-18T17:34:56.895] [DEBUG] debug-file - Update task entry:default@CompileArkTS input file:/Users/yujiantao/DevEcoStudioProjects/bang/entry/build/default/intermediates/loader/default/pkgContextInfo.json cache by regenerate.
[2026-09-18T17:34:56.895] [DEBUG] debug-file - Update task entry:default@CompileArkTS input file:/Users/yujiantao/DevEcoStudioProjects/bang/entry/build/default/generated/profile/default/BuildProfile.ets cache by regenerate.
[2026-09-18T17:34:56.895] [DEBUG] debug-file - Update task entry:default@CompileArkTS output file:/Users/yujiantao/DevEcoStudioProjects/bang/entry/build/default/intermediates/loader_out/default/ets cache.
[2026-09-18T17:34:56.895] [DEBUG] debug-file - Incremental task entry:default@CompileArkTS post-execution cost:3 ms .
[2026-09-18T17:34:56.895] [DEBUG] debug-file - Update task entry:default@BuildJS input file:/Users/yujiantao/DevEcoStudioProjects/bang/entry/build/default/intermediates/loader/default cache by regenerate.
[2026-09-18T17:34:56.895] [DEBUG] debug-file - Update task entry:default@BuildJS input file:/Users/yujiantao/DevEcoStudioProjects/bang/entry/build/default/intermediates/res/default/resources/rawfile cache by regenerate.
[2026-09-18T17:34:56.896] [DEBUG] debug-file - Update task entry:default@BuildJS input file:/Users/yujiantao/DevEcoStudioProjects/bang/entry/build/default/intermediates/res/default/ResourceTable.txt cache by regenerate.
[2026-09-18T17:34:56.896] [DEBUG] debug-file - Update task entry:default@BuildJS input file:/Users/yujiantao/DevEcoStudioProjects/bang/entry/build/default/intermediates/res/default/ark_module.json cache by regenerate.
[2026-09-18T17:34:56.896] [DEBUG] debug-file - Update task entry:default@BuildJS input file:/Users/yujiantao/DevEcoStudioProjects/bang/entry/build/default/intermediates/res/default/resources/base/profile cache by regenerate.
[2026-09-18T17:34:56.896] [DEBUG] debug-file - Update task entry:default@BuildJS input file:/Users/yujiantao/DevEcoStudioProjects/bang/entry/build/default/intermediates/loader/default/pkgContextInfo.json cache by regenerate.
[2026-09-18T17:34:56.896] [DEBUG] debug-file - Update task entry:default@BuildJS output file:/Users/yujiantao/DevEcoStudioProjects/bang/entry/build/default/intermediates/loader_out/default/js cache.
[2026-09-18T17:34:56.897] [DEBUG] debug-file - Incremental task entry:default@BuildJS post-execution cost:2 ms .
[2026-09-18T17:34:56.897] [DEBUG] debug-file - There is no need to refresh cache, since the incremental task entry:default@CacheNativeLibs is up-to-date.
[2026-09-18T17:34:56.897] [DEBUG] debug-file - There is no need to refresh cache, since the incremental task entry:default@GeneratePkgModuleJson is up-to-date.
[2026-09-18T17:34:56.897] [DEBUG] debug-file - Incremental task entry:default@ProcessCompiledResources post-execution cost:1 ms .
[2026-09-18T17:34:56.898] [DEBUG] debug-file - Update task entry:default@PackageHap input file:/Users/yujiantao/DevEcoStudioProjects/bang/entry/build/default/intermediates/stripped_native_libs/default cache by regenerate.
[2026-09-18T17:34:56.898] [DEBUG] debug-file - Update task entry:default@PackageHap input file:/Users/yujiantao/DevEcoStudioProjects/bang/entry/build/default/intermediates/res/default/module.json cache by regenerate.
[2026-09-18T17:34:56.898] [DEBUG] debug-file - Update task entry:default@PackageHap input file:/Users/yujiantao/DevEcoStudioProjects/bang/entry/build/default/intermediates/res/default/resources cache by regenerate.
[2026-09-18T17:34:56.899] [DEBUG] debug-file - Update task entry:default@PackageHap input file:/Users/yujiantao/DevEcoStudioProjects/bang/entry/build/default/intermediates/res/default/resources.index cache by regenerate.
[2026-09-18T17:34:56.899] [DEBUG] debug-file - Update task entry:default@PackageHap input file:/Users/yujiantao/DevEcoStudioProjects/bang/entry/build/default/outputs/default/pack.info cache by regenerate.
[2026-09-18T17:34:56.899] [DEBUG] debug-file - Update task entry:default@PackageHap input file:/Users/yujiantao/DevEcoStudioProjects/bang/entry/build/default/intermediates/loader_out/default/ets cache from map.
[2026-09-18T17:34:56.899] [DEBUG] debug-file - Update task entry:default@PackageHap input file:/Users/yujiantao/DevEcoStudioProjects/bang/entry/build/default/intermediates/loader/default/pkgContextInfo.json cache by regenerate.
[2026-09-18T17:34:56.899] [DEBUG] debug-file - Update task entry:default@PackageHap input file:/Users/yujiantao/DevEcoStudioProjects/bang/entry/build/default/intermediates/loader_out/default/ets/sourceMaps.map cache by regenerate.
[2026-09-18T17:34:56.899] [DEBUG] debug-file - Update task entry:default@PackageHap input file:/Users/yujiantao/DevEcoStudioProjects/bang/entry/build/default/generated/profile/default/BuildProfile.ets cache by regenerate.
[2026-09-18T17:34:56.899] [DEBUG] debug-file - Update task entry:default@PackageHap output file:/Users/yujiantao/DevEcoStudioProjects/bang/entry/build/default/outputs/default/entry-default-unsigned.hap cache.
[2026-09-18T17:34:56.899] [DEBUG] debug-file - Update task entry:default@PackageHap output file:/Users/yujiantao/DevEcoStudioProjects/bang/entry/build/default/intermediates/source_map/default/sourceMaps.map cache.
[2026-09-18T17:34:56.899] [DEBUG] debug-file - Update task entry:default@PackageHap output file:/Users/yujiantao/DevEcoStudioProjects/bang/entry/build/default/outputs/default/mapping/sourceMaps.map cache.
[2026-09-18T17:34:56.899] [DEBUG] debug-file - Incremental task entry:default@PackageHap post-execution cost:3 ms .
[2026-09-18T17:34:56.899] [DEBUG] debug-file - Update task entry:default@SignHap input file:/Users/yujiantao/.ohos/config/auto_bang_7YrzqJE1rIOdvZ_BTS9A9UF3By8y4SWYB3-MGJb9VSs=.cer cache by regenerate.
[2026-09-18T17:34:56.899] [DEBUG] debug-file - Update task entry:default@SignHap input file:/Users/yujiantao/.ohos/config/auto_bang_7YrzqJE1rIOdvZ_BTS9A9UF3By8y4SWYB3-MGJb9VSs=.p7b cache by regenerate.
[2026-09-18T17:34:56.899] [DEBUG] debug-file - Update task entry:default@SignHap input file:/Users/yujiantao/.ohos/config/auto_bang_7YrzqJE1rIOdvZ_BTS9A9UF3By8y4SWYB3-MGJb9VSs=.p12 cache by regenerate.
[2026-09-18T17:34:56.899] [DEBUG] debug-file - Update task entry:default@SignHap input file:/Users/yujiantao/DevEcoStudioProjects/bang/entry/build/default/outputs/default/entry-default-unsigned.hap cache from map.
[2026-09-18T17:34:56.899] [DEBUG] debug-file - Update task entry:default@SignHap output file:/Users/yujiantao/DevEcoStudioProjects/bang/entry/build/default/outputs/default/entry-default-signed.hap cache.
[2026-09-18T17:34:56.899] [DEBUG] debug-file - Incremental task entry:default@SignHap post-execution cost:1 ms .
[2026-09-18T17:34:56.900] [DEBUG] debug-file - Update task entry:default@CollectDebugSymbol input file:/Users/yujiantao/DevEcoStudioProjects/bang/entry/build/default/intermediates/loader_out/default/ets/sourceMaps.map cache by regenerate.
[2026-09-18T17:34:56.900] [DEBUG] debug-file - Update task entry:default@CollectDebugSymbol input file:/Users/yujiantao/DevEcoStudioProjects/bang/entry/build/default/intermediates/libs/default cache by regenerate.
[2026-09-18T17:34:56.900] [DEBUG] debug-file - Update task entry:default@CollectDebugSymbol output file:/Users/yujiantao/DevEcoStudioProjects/bang/entry/build/default/outputs/default/symbol cache.
[2026-09-18T17:34:56.900] [DEBUG] debug-file - Incremental task entry:default@CollectDebugSymbol post-execution cost:1 ms .
[2026-09-18T17:34:56.911] [DEBUG] debug-file - Current worker pool is stopped or closed.
[2026-09-18T17:34:56.911] [DEBUG] debug-file - Clear worker 0.
[2026-09-18T17:34:56.911] [DEBUG] debug-file - Worker 0 has been cleared.
[2026-09-18T17:34:56.911] [DEBUG] debug-file - Current idle worker size: 3.
[2026-09-18T17:34:56.911] [DEBUG] debug-file - Current busy worker size: 0.
[2026-09-18T17:34:56.911] [DEBUG] debug-file - Clear worker 1.
[2026-09-18T17:34:56.911] [DEBUG] debug-file - Worker 1 has been cleared.
[2026-09-18T17:34:56.911] [DEBUG] debug-file - Current idle worker size: 2.
[2026-09-18T17:34:56.911] [DEBUG] debug-file - Current busy worker size: 0.
[2026-09-18T17:34:56.911] [DEBUG] debug-file - Clear worker 4.
[2026-09-18T17:34:56.911] [DEBUG] debug-file - Worker 4 has been cleared.
[2026-09-18T17:34:56.911] [DEBUG] debug-file - Current idle worker size: 1.
[2026-09-18T17:34:56.911] [DEBUG] debug-file - Current busy worker size: 0.
[2026-09-18T17:34:56.911] [DEBUG] debug-file - Clear worker 6.
[2026-09-18T17:34:56.912] [DEBUG] debug-file - Worker 6 has been cleared.
[2026-09-18T17:34:56.912] [DEBUG] debug-file - Current idle worker size: 0.
[2026-09-18T17:34:56.912] [DEBUG] debug-file - Current busy worker size: 0.
[2026-09-18T17:34:56.913] [DEBUG] debug-file - hvigor build process will be closed.
[2026-09-18T17:34:56.920] [DEBUG] debug-file - Current worker pool is terminated.
[2026-09-18T17:34:56.921] [DEBUG] debug-file - worker[1] exits with exit code 1.
[2026-09-18T17:34:56.921] [DEBUG] debug-file - worker[0] exits with exit code 1.
[2026-09-18T17:34:56.925] [DEBUG] debug-file - worker[6] exits with exit code 1.
[2026-09-18T17:34:56.977] [DEBUG] debug-file - worker[4] exits with exit code 1.
[2026-09-18T17:36:48.467] [DEBUG] debug-file - env: nodejsVersion=v22.21.1
[2026-09-18T17:36:48.688] [DEBUG] debug-file - Hvigor init with startParameters:{
  hvigorfileTypeCheck: false,
  parallelExecution: true,
  incrementalExecution: true,
  printStackTrace: false,
  daemon: false,
  analyze: 0,
  logLevel: Level { level: 20000, levelStr: 'INFO', colour: 'green' },
  optimizationStrategy: 'memory',
  hotCompile: undefined,
  hotReloadBuild: undefined,
  customizedParam: undefined
}
[2026-09-18T17:36:49.881] [DEBUG] debug-file - hvigorfile, require result:  { default: { system: [Function: appTasks], plugins: [] } }
[2026-09-18T17:36:49.884] [DEBUG] debug-file - Starting plugin build process
[2026-09-18T17:36:50.001] [DEBUG] debug-file - Start initialize project's product build option map with build mode debug.
[2026-09-18T17:36:50.000] [DEBUG] debug-file - App plugin register hook start...
[2026-09-18T17:36:50.008] [DEBUG] debug-file - Start recording SDK configuration permission data.
[2026-09-18T17:36:50.033] [DEBUG] debug-file - Project task initialization takes 3 ms 
[2026-09-18T17:36:50.038] [DEBUG] debug-file - failed to load cangjie to dynamically generate schemas: Error: Cannot find module '@ohos/cangjie-build-support/index'
Require stack:
- /Applications/DevEco-Studio.app/Contents/tools/hvigor/hvigor-ohos-plugin/src/plugin/hooks/cangjie-register.js
- /Applications/DevEco-Studio.app/Contents/tools/hvigor/hvigor-ohos-plugin/src/plugin/strategy/stage-init-strategy.js
- /Applications/DevEco-Studio.app/Contents/tools/hvigor/hvigor-ohos-plugin/src/plugin/builder/abstract-plugin-builder.js
- /Applications/DevEco-Studio.app/Contents/tools/hvigor/hvigor-ohos-plugin/src/plugin/builder/app-plugin-builder.js
- /Applications/DevEco-Studio.app/Contents/tools/hvigor/hvigor-ohos-plugin/src/plugin/factory/plugin-factory.js
- /Applications/DevEco-Studio.app/Contents/tools/hvigor/hvigor-ohos-plugin/index.js
- /Users/yujiantao/DevEcoStudioProjects/bang/hvigorfile.ts
- /Applications/DevEco-Studio.app/Contents/tools/hvigor/hvigor/src/base/internal/lifecycle/configuration.js
- /Applications/DevEco-Studio.app/Contents/tools/hvigor/hvigor/src/base/boot/index.js
- /Applications/DevEco-Studio.app/Contents/tools/hvigor/hvigor/src/cli/main/cli.js
- /Applications/DevEco-Studio.app/Contents/tools/hvigor/hvigor/bin/hvigor.js
[2026-09-18T17:36:50.002] [DEBUG] debug-file - Obtain build option for product 'default'in this build.
[2026-09-18T17:36:50.049] [DEBUG] debug-file - project has submodules:entry
[2026-09-18T17:36:50.051] [DEBUG] debug-file - start to load updatedOhPackageInfo to the disk
[2026-09-18T17:36:50.054] [DEBUG] debug-file - Start to initialize dependency information.
[2026-09-18T17:36:50.062] [DEBUG] debug-file - Executing task :entry:default@PreBuild
[2026-09-18T17:36:50.070] [DEBUG] debug-file - Executing task :entry:default@GenerateMetadata
[2026-09-18T17:36:50.074] [DEBUG] debug-file - Executing task :entry:default@CreateBuildProfile
[2026-09-18T17:36:50.075] [DEBUG] debug-file - Executing task :entry:default@PreCheckSyscap
[2026-09-18T17:36:50.076] [DEBUG] debug-file - Executing task :entry:default@GeneratePkgContextInfo
[2026-09-18T17:36:50.085] [DEBUG] debug-file - Executing task :entry:default@ProcessIntegratedHsp
[2026-09-18T17:36:50.087] [DEBUG] debug-file - Executing task :entry:default@BuildNativeWithCmake
[2026-09-18T17:36:50.088] [DEBUG] debug-file - Executing task :entry:default@MakePackInfo
[2026-09-18T17:36:50.092] [DEBUG] debug-file - Executing task :entry:default@SyscapTransform
[2026-09-18T17:36:50.126] [DEBUG] debug-file - Executing task :entry:default@ProcessProfile
[2026-09-18T17:36:50.128] [DEBUG] debug-file - Executing task :entry:default@ProcessRouterMap
[2026-09-18T17:36:50.129] [DEBUG] debug-file - Executing task :entry:default@ProcessShareConfig
[2026-09-18T17:36:50.131] [DEBUG] debug-file - Executing task :entry:default@ProcessStartupConfig
[2026-09-18T17:36:50.133] [DEBUG] debug-file - Executing task :entry:default@BuildNativeWithNinja
[2026-09-18T17:36:50.136] [DEBUG] debug-file - Executing task :entry:default@ProcessResource
[2026-09-18T17:36:50.138] [DEBUG] debug-file - Executing task :entry:default@GenerateLoaderJson
[2026-09-18T17:36:50.144] [DEBUG] debug-file - Executing task :entry:default@ProcessLibs
[2026-09-18T17:36:50.150] [DEBUG] debug-file - Executing task :entry:default@CompileResource
[2026-09-18T17:36:50.164] [DEBUG] debug-file - Executing task :entry:default@DoNativeStrip
[2026-09-18T17:36:50.168] [DEBUG] debug-file - Executing task :entry:default@CompileArkTS
[2026-09-18T17:36:50.185] [DEBUG] debug-file - Create  resident worker with id: 0.
[2026-09-18T17:36:50.199] [DEBUG] debug-file - Executing task :entry:default@BuildJS
[2026-09-18T17:36:50.201] [DEBUG] debug-file - Executing task :entry:default@CacheNativeLibs
[2026-09-18T17:36:48.467] [DEBUG] debug-file - env: hvigor-config.json5 content = {
  modelVersion: '5.0.0',
  dependencies: {},
  execution: {},
  logging: {},
  debugging: {},
  nodeOptions: {}
}
[2026-09-18T17:36:48.695] [DEBUG] debug-file - Cache service initialization finished in 8 ms 
[2026-09-18T17:36:50.044] [DEBUG] debug-file - Start initialize module-target build option map, moduleName=entry, buildMode=debug
[2026-09-18T17:36:49.884] [DEBUG] debug-file - App plugin prepare start...
[2026-09-18T17:36:50.001] [DEBUG] debug-file - Picking option from product 'default' with build mode 'debug'.
[2026-09-18T17:36:50.029] [DEBUG] debug-file - Sdk init in 25 ms 
[2026-09-18T17:36:50.004] [DEBUG] debug-file - /Users/yujiantao/DevEcoStudioProjects/bang/build/cache/default/remote_hsp/remoteHspCache.json not exists.
[2026-09-18T17:36:50.049] [DEBUG] debug-file - module:entry no need to execute packageHap
[2026-09-18T17:36:50.052] [DEBUG] debug-file - load to the disk finished
[2026-09-18T17:36:50.055] [DEBUG] debug-file - Module entry Collected Dependency: 
[2026-09-18T17:36:50.064] [DEBUG] debug-file - Task 'entry:default@PreBuild' cost while wrapping incremental declarations: 1 ms 
[2026-09-18T17:36:50.070] [DEBUG] debug-file - Task 'entry:default@GenerateMetadata' cost while wrapping incremental declarations: 1 ms 
[2026-09-18T17:36:50.074] [DEBUG] debug-file - Task 'entry:default@CreateBuildProfile' cost while wrapping incremental declarations: 1 ms 
[2026-09-18T17:36:50.075] [DEBUG] debug-file - entry : default@PreCheckSyscap cost memory 0.02809906005859375
[2026-09-18T17:36:50.080] [DEBUG] debug-file - Task 'entry:default@GeneratePkgContextInfo' cost while wrapping incremental declarations: 1 ms 
[2026-09-18T17:36:50.085] [DEBUG] debug-file - entry:default@ProcessIntegratedHsp is not up-to-date, since the output file '/Users/yujiantao/DevEcoStudioProjects/bang/build/cache/default/integrated_hsp/integratedHspCache.json' does not exist.
[2026-09-18T17:36:50.087] [DEBUG] debug-file - entry : default@BuildNativeWithCmake cost memory 0.01738739013671875
[2026-09-18T17:36:50.091] [DEBUG] debug-file - Incremental task entry:default@MakePackInfo pre-execution cost: 2 ms .
[2026-09-18T17:36:50.092] [DEBUG] debug-file - File: '/Users/yujiantao/DevEcoStudioProjects/bang/entry/src/main/syscap.json' from 'sysCapJsonPath' is not exists, just ignore.
[2026-09-18T17:36:50.127] [DEBUG] debug-file - Task 'entry:default@ProcessProfile' cost while wrapping incremental declarations: 1 ms 
[2026-09-18T17:36:50.129] [DEBUG] debug-file - Incremental task entry:default@ProcessRouterMap pre-execution cost: 1 ms .
[2026-09-18T17:36:50.130] [DEBUG] debug-file - Incremental task entry:default@ProcessShareConfig pre-execution cost: 1 ms .
[2026-09-18T17:36:50.131] [DEBUG] debug-file - Task 'entry:default@ProcessStartupConfig' cost while wrapping incremental declarations: 1 ms 
[2026-09-18T17:36:50.033] [DEBUG] debug-file - hvigorfile, begin to bind custom plugins...
[2026-09-18T17:36:50.134] [DEBUG] debug-file - entry : default@BuildNativeWithNinja cost memory 0.0230560302734375
[2026-09-18T17:36:50.136] [DEBUG] debug-file - Task 'entry:default@ProcessResource' cost while wrapping incremental declarations: 1 ms 
[2026-09-18T17:36:50.139] [DEBUG] debug-file - Task 'entry:default@GenerateLoaderJson' cost while wrapping incremental declarations: 1 ms 
[2026-09-18T17:36:50.146] [DEBUG] debug-file - Incremental task entry:default@ProcessLibs pre-execution cost: 1 ms .
[2026-09-18T17:36:50.162] [DEBUG] debug-file - Incremental task entry:default@CompileResource pre-execution cost: 11 ms .
[2026-09-18T17:36:50.164] [DEBUG] debug-file - File: '/Users/yujiantao/DevEcoStudioProjects/bang/entry/build/default/intermediates/binxo/default' from 'doBinxoNativeLibs' is not exists, just ignore.
[2026-09-18T17:36:50.169] [DEBUG] debug-file - obfuscationOptions: undefined
[2026-09-18T17:36:50.186] [DEBUG] debug-file - Create  resident worker with id: 1.
[2026-09-18T17:36:50.199] [DEBUG] debug-file - Task 'entry:default@BuildJS' cost while wrapping incremental declarations: 1 ms 
[2026-09-18T17:36:50.201] [DEBUG] debug-file - File: '/Users/yujiantao/DevEcoStudioProjects/bang/entry/build/default/intermediates/binxo/default' from 'cacheBinxoNativeLibs' is not exists, just ignore.
[2026-09-18T17:36:48.468] [DEBUG] debug-file - env: daemon=false
[2026-09-18T17:36:49.881] [DEBUG] debug-file - hvigorfile, binding system plugins [Function: appTasks]
[2026-09-18T17:36:50.000] [DEBUG] debug-file - App plugin register hook end...
[2026-09-18T17:36:48.696] [DEBUG] debug-file - hvigorfile, resolving /Users/yujiantao/DevEcoStudioProjects/bang/hvigorfile.ts
[2026-09-18T17:36:50.044] [DEBUG] debug-file - Target 'default' config initialized
[2026-09-18T17:36:49.884] [DEBUG] debug-file - App plugin prepare end...
[2026-09-18T17:36:50.001] [DEBUG] debug-file - Product 'default' build option initialized
[2026-09-18T17:36:50.005] [DEBUG] debug-file - Local scan or download HarmonyOS sdk components toolchains,ets,js,native,previewer
[2026-09-18T17:36:50.053] [DEBUG] debug-file - Start to initialize dependency information.
[2026-09-18T17:36:50.055] [DEBUG] debug-file - Module entry's total dependency: 0
[2026-09-18T17:36:50.067] [DEBUG] debug-file - Incremental task entry:default@PreBuild pre-execution cost: 2 ms .
[2026-09-18T17:36:50.071] [DEBUG] debug-file - Incremental task entry:default@GenerateMetadata pre-execution cost: 1 ms .
[2026-09-18T17:36:50.074] [DEBUG] debug-file - Incremental task entry:default@CreateBuildProfile pre-execution cost: 1 ms .
[2026-09-18T17:36:50.075] [DEBUG] debug-file - runTaskFromQueue task cost before running: 1 s 392 ms 
[2026-09-18T17:36:50.082] [DEBUG] debug-file - Incremental task entry:default@GeneratePkgContextInfo pre-execution cost: 2 ms .
[2026-09-18T17:36:50.085] [DEBUG] debug-file - Incremental task entry:default@ProcessIntegratedHsp pre-execution cost: 1 ms .
[2026-09-18T17:36:50.087] [DEBUG] debug-file - runTaskFromQueue task cost before running: 1 s 404 ms 
[2026-09-18T17:36:50.091] [DEBUG] debug-file - entry : default@MakePackInfo cost memory 0.1193084716796875
[2026-09-18T17:36:50.093] [DEBUG] debug-file - Task 'entry:default@SyscapTransform' cost while wrapping incremental declarations: 1 ms 
[2026-09-18T17:36:50.127] [DEBUG] debug-file - Incremental task entry:default@ProcessProfile pre-execution cost: 1 ms .
[2026-09-18T17:36:50.129] [DEBUG] debug-file - entry : default@ProcessRouterMap cost memory 0.1399078369140625
[2026-09-18T17:36:50.130] [DEBUG] debug-file - entry : default@ProcessShareConfig cost memory 0.1339263916015625
[2026-09-18T17:36:50.132] [DEBUG] debug-file - entry:default@ProcessStartupConfig is not up-to-date, since the output file '/Users/yujiantao/DevEcoStudioProjects/bang/entry/build/default/intermediates/startup/default/startup_config.json' does not exist.
[2026-09-18T17:36:50.134] [DEBUG] debug-file - runTaskFromQueue task cost before running: 1 s 451 ms 
[2026-09-18T17:36:50.137] [DEBUG] debug-file - Incremental task entry:default@ProcessResource pre-execution cost: 1 ms .
[2026-09-18T17:36:50.142] [DEBUG] debug-file - Incremental task entry:default@GenerateLoaderJson pre-execution cost: 2 ms .
[2026-09-18T17:36:50.147] [DEBUG] debug-file - entry : default@ProcessLibs cost memory 0.09651947021484375
[2026-09-18T17:36:50.162] [DEBUG] debug-file - entry : default@CompileResource cost memory 0.705291748046875
[2026-09-18T17:36:50.164] [DEBUG] debug-file - Task 'entry:default@DoNativeStrip' cost while wrapping incremental declarations: 1 ms 
[2026-09-18T17:36:50.170] [DEBUG] debug-file - Task 'entry:default@CompileArkTS' cost while wrapping incremental declarations: 1 ms 
[2026-09-18T17:36:50.188] [DEBUG] debug-file - default@CompileArkTS work[0] is submitted.
[2026-09-18T17:36:50.200] [DEBUG] debug-file - entry : default@BuildJS cost memory 0.15586090087890625
[2026-09-18T17:36:50.033] [DEBUG] debug-file - hvigorfile, no custom plugins were found in /Users/yujiantao/DevEcoStudioProjects/bang/hvigorfile.ts
[2026-09-18T17:36:48.468] [DEBUG] debug-file - no-daemon, use the parent process.execArgv --max-old-space-size=8192,--max-semi-space-size=16,--expose-gc
[2026-09-18T17:36:50.201] [DEBUG] debug-file - Task 'entry:default@CacheNativeLibs' cost while wrapping incremental declarations: 1 ms 
[2026-09-18T17:36:50.000] [DEBUG] debug-file - Plugin build process completed
[2026-09-18T17:36:50.045] [DEBUG] debug-file - Module 'entry' target 'default' build option initialized
[2026-09-18T17:36:50.054] [DEBUG] debug-file - Module bang Collected Dependency: 
[2026-09-18T17:36:50.057] [DEBUG] debug-file - Configuration phase cost:1 s 362 ms 
[2026-09-18T17:36:50.067] [DEBUG] debug-file - entry : default@PreBuild cost memory 0.730865478515625
[2026-09-18T17:36:49.884] [DEBUG] debug-file - App plugin creating...
[2026-09-18T17:36:50.074] [DEBUG] debug-file - entry : default@CreateBuildProfile cost memory 0.1020355224609375
[2026-09-18T17:36:50.075] [INFO] debug-file - Finished :entry:default@PreCheckSyscap... after 1 ms 
[2026-09-18T17:36:50.082] [DEBUG] debug-file - entry : default@GeneratePkgContextInfo cost memory 0.3557891845703125
[2026-09-18T17:36:50.086] [DEBUG] debug-file - entry : default@ProcessIntegratedHsp cost memory 0.05582427978515625
[2026-09-18T17:36:50.087] [INFO] debug-file - Finished :entry:default@BuildNativeWithCmake... after 1 ms 
[2026-09-18T17:36:50.091] [INFO] debug-file - UP-TO-DATE :entry:default@MakePackInfo...  
[2026-09-18T17:36:50.124] [DEBUG] debug-file - entry:default@SyscapTransform is not up-to-date, since the output file '/Users/yujiantao/DevEcoStudioProjects/bang/entry/build/default/intermediates/syscap/default/rpcid.sc' does not exist.
[2026-09-18T17:36:50.127] [DEBUG] debug-file - entry : default@ProcessProfile cost memory 0.15004730224609375
[2026-09-18T17:36:50.129] [INFO] debug-file - UP-TO-DATE :entry:default@ProcessRouterMap...  
[2026-09-18T17:36:50.130] [INFO] debug-file - UP-TO-DATE :entry:default@ProcessShareConfig...  
[2026-09-18T17:36:50.132] [DEBUG] debug-file - Incremental task entry:default@ProcessStartupConfig pre-execution cost: 1 ms .
[2026-09-18T17:36:50.134] [INFO] debug-file - Finished :entry:default@BuildNativeWithNinja... after 1 ms 
[2026-09-18T17:36:50.137] [DEBUG] debug-file - entry : default@ProcessResource cost memory 0.13054656982421875
[2026-09-18T17:36:50.142] [DEBUG] debug-file - entry : default@GenerateLoaderJson cost memory 0.4597320556640625
[2026-09-18T17:36:50.147] [INFO] debug-file - UP-TO-DATE :entry:default@ProcessLibs...  
[2026-09-18T17:36:50.162] [INFO] debug-file - UP-TO-DATE :entry:default@CompileResource...  
[2026-09-18T17:36:50.166] [DEBUG] debug-file - Incremental task entry:default@DoNativeStrip pre-execution cost: 3 ms .
[2026-09-18T17:36:50.175] [DEBUG] debug-file - entry:default@CompileArkTS is not up-to-date, since the input file '/Users/yujiantao/DevEcoStudioProjects/bang/entry/src/main/ets' has been changed.
[2026-09-18T17:36:50.194] [DEBUG] debug-file - default@CompileArkTS work[0] is pushed to ready queue.
[2026-09-18T17:36:50.200] [DEBUG] debug-file - runTaskFromQueue task cost before running: 1 s 517 ms 
[2026-09-18T17:36:50.033] [DEBUG] debug-file - hvigorfile, resolve finished /Users/yujiantao/DevEcoStudioProjects/bang/hvigorfile.ts
[2026-09-18T17:36:50.203] [DEBUG] debug-file - Incremental task entry:default@CacheNativeLibs pre-execution cost: 2 ms .
[2026-09-18T17:36:50.045] [DEBUG] debug-file - End initialize module-target build option map, moduleName=entry
[2026-09-18T17:36:50.001] [DEBUG] debug-file - End initialize project's product build option map with build mode 'debug'.
[2026-09-18T17:36:50.006] [DEBUG] debug-file - Local scan or download hmscore sdk components toolchains,ets,native
[2026-09-18T17:36:50.071] [DEBUG] debug-file - entry : default@GenerateMetadata cost memory 0.1334686279296875
[2026-09-18T17:36:50.054] [DEBUG] debug-file - Module bang's total dependency: 0
[2026-09-18T17:36:50.059] [DEBUG] debug-file - Configuration task cost before running: 1 s 376 ms 
[2026-09-18T17:36:50.068] [INFO] debug-file - UP-TO-DATE :entry:default@PreBuild...  
[2026-09-18T17:36:50.074] [INFO] debug-file - UP-TO-DATE :entry:default@CreateBuildProfile...  
[2026-09-18T17:36:50.082] [INFO] debug-file - UP-TO-DATE :entry:default@GeneratePkgContextInfo...  
[2026-09-18T17:36:50.086] [DEBUG] debug-file - runTaskFromQueue task cost before running: 1 s 403 ms 
[2026-09-18T17:36:50.124] [DEBUG] debug-file - Incremental task entry:default@SyscapTransform pre-execution cost: 31 ms .
[2026-09-18T17:36:50.127] [INFO] debug-file - UP-TO-DATE :entry:default@ProcessProfile...  
[2026-09-18T17:36:50.132] [DEBUG] debug-file - entry : default@ProcessStartupConfig cost memory 0.11125946044921875
[2026-09-18T17:36:50.135] [DEBUG] debug-file - restool module names: entry; moduleName=entry, taskName=default@ProcessResource
[2026-09-18T17:36:50.137] [INFO] debug-file - UP-TO-DATE :entry:default@ProcessResource...  
[2026-09-18T17:36:50.143] [INFO] debug-file - UP-TO-DATE :entry:default@GenerateLoaderJson...  
[2026-09-18T17:36:50.150] [DEBUG] debug-file - restool module names: entry; moduleName=entry, taskName=default@CompileResource
[2026-09-18T17:36:50.166] [DEBUG] debug-file - entry : default@DoNativeStrip cost memory 0.074554443359375
[2026-09-18T17:36:50.175] [DEBUG] debug-file - Incremental task entry:default@CompileArkTS pre-execution cost: 5 ms .
[2026-09-18T17:36:50.194] [DEBUG] debug-file - A work dispatched to worker[7] failed because unable to get work from ready queue.
[2026-09-18T17:36:50.200] [INFO] debug-file - Finished :entry:default@BuildJS... after 1 ms 
[2026-09-18T17:36:50.034] [DEBUG] debug-file - hvigorfile, resolving /Users/yujiantao/DevEcoStudioProjects/bang/entry/hvigorfile.ts
[2026-09-18T17:36:50.203] [DEBUG] debug-file - entry : default@CacheNativeLibs cost memory 0.087493896484375
[2026-09-18T17:36:50.045] [DEBUG] debug-file - Start initialize module-target build option map, moduleName=entry, buildMode=release
[2026-09-18T17:36:50.071] [INFO] debug-file - UP-TO-DATE :entry:default@GenerateMetadata...  
[2026-09-18T17:36:50.068] [DEBUG] debug-file - Executing task :entry:default@CreateModuleInfo
[2026-09-18T17:36:50.083] [DEBUG] debug-file - Executing task :entry:default@GeneratePkgSdkInfo
[2026-09-18T17:36:50.086] [INFO] debug-file - Finished :entry:default@ProcessIntegratedHsp... after 1 ms 
[2026-09-18T17:36:50.124] [DEBUG] debug-file - entry : default@SyscapTransform cost memory 0.12438201904296875
[2026-09-18T17:36:50.132] [DEBUG] debug-file - runTaskFromQueue task cost before running: 1 s 449 ms 
[2026-09-18T17:36:50.167] [INFO] debug-file - UP-TO-DATE :entry:default@DoNativeStrip...  
[2026-09-18T17:36:50.183] [DEBUG] debug-file - build config:
[2026-09-18T17:36:50.194] [DEBUG] debug-file - A work dispatched to worker[6] failed because unable to get work from ready queue.
[2026-09-18T17:36:50.037] [DEBUG] debug-file - hvigorfile, require result:  { default: { system: [Function: hapTasks], plugins: [] } }
[2026-09-18T17:36:50.203] [INFO] debug-file - UP-TO-DATE :entry:default@CacheNativeLibs...  
[2026-09-18T17:36:50.045] [DEBUG] debug-file - Target 'default' config initialized
[2026-09-18T17:36:50.071] [DEBUG] debug-file - Executing task :entry:default@ConfigureCmake
[2026-09-18T17:36:50.069] [DEBUG] debug-file - Task 'entry:default@CreateModuleInfo' cost while wrapping incremental declarations: 1 ms 
[2026-09-18T17:36:50.084] [DEBUG] debug-file - Task 'entry:default@GeneratePkgSdkInfo' cost while wrapping incremental declarations: 1 ms 
[2026-09-18T17:36:50.124] [DEBUG] debug-file - runTaskFromQueue task cost before running: 1 s 441 ms 
[2026-09-18T17:36:50.133] [INFO] debug-file - Finished :entry:default@ProcessStartupConfig... after 2 ms 
[2026-09-18T17:36:50.183] [DEBUG] debug-file - {
  moduleType: 'entry',
  perf: 0,
  targetName: '.default',
  packageManagerType: 'ohpm',
  localPropertiesPath: '/Users/yujiantao/DevEcoStudioProjects/bang/local.properties',
  isPreview: false,
  isOhosTest: false,
  isLocalTest: false,
  buildMode: 'Debug',
  hotReloadBuild: undefined,
  watchMode: 'false',
  aceProfilePath: '/Users/yujiantao/DevEcoStudioProjects/bang/entry/build/default/intermediates/res/default/resources/base/profile',
  etsLoaderPath: '/Applications/DevEco-Studio.app/Contents/sdk/default/openharmony/ets/build-tools/ets-loader',
  modulePath: '/Users/yujiantao/DevEcoStudioProjects/bang/entry',
  testFrameworkPar: {
    testMode: undefined,
    coveragePathFilter: undefined,
    coverageMode: undefined
  },
  needCoverageInsert: false,
  debugLine: false,
  projectTopDir: '/Users/yujiantao/DevEcoStudioProjects/bang',
  compileSdkVersion: 24,
  compatibleSdkVersion: 12,
  originCompatibleSdkVersion: '5.0.0(12)',
  compatibleSdkVersionStage: 'beta1',
  bundleName: 'c***g',
  etsLoaderVersion: '6.1.1.125',
  etsLoaderReleaseType: 'Release',
  aotCompileMode: 'type',
  apPath: '/Users/yujiantao/DevEcoStudioProjects/bang/entry/modules.ap',
  entryModuleName: 'entry',
  entryModuleVersion: '1.0.0',
  entryPackageName: 'entry',
  allModuleNameHash: 'a0f1f6b39c100346c0a0d6c2c78f06287901f29efd59bf9215abebb99973443a',
  externalApiPaths: [ '/Applications/DevEco-Studio.app/Contents/sdk/default/hms/ets' ],
  compilerTypes: [],
  isCrossplatform: false,
  hvigorPluginFile: undefined,
  compilePluginPath: undefined,
  buildGeneratedProfilePath: '/Users/yujiantao/DevEcoStudioProjects/bang/entry/build/default/generated/profile/default',
  bundleType: 'app',
  arkTSVersion: undefined,
  apiVersion: 24,
  needCompleteSourcesMap: false,
  isFaMode: false,
  buildDir: '/Users/yujiantao/DevEcoStudioProjects/bang/entry/build',
  deviceTypes: [ 'phone', 'tablet', '2in1', 'wearable' ],
  pkgContextInfo: {
    entry: {
      packageName: 'entry',
      bundleName: '*****',
      moduleName: '',
      version: '',
      entryPath: 'src/main/',
      isSO: false,
      dependencyAlias: ''
    }
  },
  ohPackagePathMap: {},
  dependencyAliasMap: {},
  permission: {
    requestPermissions: [ [Object], [Object], [Object], [Object] ],
    definePermissions: undefined
  },
  useGetCurrentBundleName: false,
  projectArkOption: undefined,
  sourceMapDir: undefined,
  branchElimination: false,
  transformLib: undefined,
  tsImportSendable: false,
  resolveConflictMode: true,
  depName2RootPath: {},
  depName2DepInfo: {},
  depName2OhExports: {},
  rootPathSet: [ '/Users/yujiantao/DevEcoStudioProjects/bang' ],
  useNativeResolver: true,
  shouldEmitJs: true,
  useTscResolve: false,
  singleFileEmit: false,
  userProjectConfig: {
    autoLazyImport: false,
    allowEmptyBundleName: false,
    reExportCheckMode: 'noCheck',
    executionMode: 'memory',
    usePathPlaceholder: false,
    writeRollupCache: true,
    isExpandImportEnabled: false,
    expandImportExclude: '',
    lazyImportExclude: '',
    lazyImportInclude: '',
    ignoreCrossplatformCheck: false,
    isHarDeduplicateEnabled: false,
    skipOhModulesLint: false,
    enableStrictCheckOHModule: false,
    disableSendableCheckRules: [],
    useDeclarationFileSignature: false,
    customizedOptions: undefined,
    integratedHsp: false,
    isPreloadSoEnabled: false
  },
  executionMode: 'memory',
  arkCompileCachePath: '/Users/yujiantao/DevEcoStudioProjects/bang/entry/build/default/cache/default/default@CompileArkTS/esmodule',
  autoLazyFilter: undefined,
  isHarDeduplicateEnabled: false,
  intermediateHarDuplicateDirPath: '/Users/yujiantao/DevEcoStudioProjects/bang/entry/build/default/intermediates/har_duplicate/default',
  autoLazyImport: false,
  allowEmptyBundleName: false,
  reExportCheckMode: 'noCheck',
  usePathPlaceholder: false,
  writeRollupCache: true,
  isExpandImportEnabled: false,
  expandImportExclude: '',
  lazyImportExclude: '',
  lazyImportInclude: '',
  ignoreCrossplatformCheck: false,
  skipOhModulesLint: false,
  enableStrictCheckOHModule: false,
  disableSendableCheckRules: [],
  useDeclarationFileSignature: false,
  customizedOptions: undefined,
  integratedHsp: false,
  isPreloadSoEnabled: false,
  strictMode: {
    caseSensitiveCheck: true,
    useNormalizedOHMUrl: true,
    noExternalImportByPath: true
  },
  useNormalizedOHMUrl: true,
  caseSensitiveCheck: true,
  strictCheckerOnly: false,
  aceModuleJsonPath: '/Users/yujiantao/DevEcoStudioProjects/bang/entry/build/default/intermediates/res/default/ark_module.json',
  appResource: '/Users/yujiantao/DevEcoStudioProjects/bang/entry/build/default/intermediates/res/default/ResourceTable.txt',
  rawFileResource: '/Users/yujiantao/DevEcoStudioProjects/bang/entry/build/default/intermediates/res/default/resources/rawfile',
  resourceTableHash: 'e9a7d39e4c0834ee806c9512474476824fbde80b6bf661c30b39b52146d38e7e',
  runtimeOS: 'HarmonyOS',
  sdkInfo: 'false:24:6.1.1.125:Release',
  aceModuleRoot: '/Users/yujiantao/DevEcoStudioProjects/bang/entry/src/main/ets',
  compileMode: 'esmodule',
  aceSuperVisualPath: '/Users/yujiantao/DevEcoStudioProjects/bang/entry/src/main/supervisual',
  aceBuildJson: '/Users/yujiantao/DevEcoStudioProjects/bang/entry/build/default/intermediates/loader/default/loader.json',
  cachePath: '/Users/yujiantao/DevEcoStudioProjects/bang/entry/build/default/cache/default/default@CompileArkTS/esmodule/debug',
  aceModuleBuild: '/Users/yujiantao/DevEcoStudioProjects/bang/entry/build/default/intermediates/loader_out/default/ets',
  supportChunks: true,
  declaredFilesPath: undefined,
  shouldCollectDirectImportees: false,
  isByteCodeHarOptimize: false,
  expandImportPath: undefined,
  resourceTableTs: '/Users/yujiantao/DevEcoStudioProjects/bang/entry/build/default/generated/r/default/ResourceTable.ts',
  moduleMetaInfoFiles: [
    {
      filePath: '/Users/yujiantao/DevEcoStudioProjects/bang/entry/build/default/generated/r/default/ResourceTable.ts',
      ohmurl: '&entry/build/generated/r/ResourceTable&'
    }
  ],
  pkgNameToPkgBriefInfo: {
    entry: {
      pkgRoot: '/Users/yujiantao/DevEcoStudioProjects/bang/entry',
      originalSourceRoots: undefined,
      sourceRoots: [Array],
      pkgName: 'entry'
    }
  },
  projectModel: {
    '/Users/yujiantao/DevEcoStudioProjects/bang/entry/src/main': {
      moduleName: 'entry',
      modulePkgPath: '/Users/yujiantao/DevEcoStudioProjects/bang/entry',
      belongProjectPath: '/Users/yujiantao/DevEcoStudioProjects/bang'
    },
    '/Users/yujiantao/DevEcoStudioProjects/bang/entry': {
      moduleName: 'entry',
      modulePkgPath: '/Users/yujiantao/DevEcoStudioProjects/bang/entry',
      belongProjectPath: '/Users/yujiantao/DevEcoStudioProjects/bang'
    },
    '/Users/yujiantao/DevEcoStudioProjects/bang': {
      moduleName: 'bang',
      modulePkgPath: '/Users/yujiantao/DevEcoStudioProjects/bang',
      belongProjectPath: '/Users/yujiantao/DevEcoStudioProjects/bang'
    }
  },
  pkgJsonFileHash: '40b1841bbf357057c65feb3ac28ea243d081eae1882bb847cf02bca9ce23c51d',
  allModulePaths: [ '/Users/yujiantao/DevEcoStudioProjects/bang/entry' ],
  routerMap: {},
  obfuscationOptions: undefined,
  byteCodeHarToDependencyKeys: undefined,
  compileBlockPkg: [],
  mockParams: {
    decorator: '@MockSetup',
    packageName: '@ohos/hamock',
    etsSourceRootPath: 'src/main/ets',
    mockConfigPath: undefined,
    mockConfigKey2ModuleInfo: {},
    source2ModuleIdMap: {}
  },
  copyCodeResourceEnable: false,
  copyCodeResourceExcludes: [],
  copyCodeResourceIncludes: undefined,
  uiTransformOptimization: false,
  sdkPath: '/Applications/DevEco-Studio.app/Contents/sdk',
  needPreloadSoFileSet: {},
  preloadSoFilePath: '/Users/yujiantao/DevEcoStudioProjects/bang/entry/build/default/intermediates/preload/default/preload.json',
  useSourceHash: false,
  localModuleParamMap: {},
  otherPaths: {
    'entry/*': [ '../*', '../../../build/default/generated/profile/default/*' ]
  },
  collectImportersConfig: undefined
}
[2026-09-18T17:36:50.194] [DEBUG] debug-file - A work dispatched to worker[5] failed because unable to get work from ready queue.
[2026-09-18T17:36:50.037] [DEBUG] debug-file - hvigorfile, binding system plugins [Function: hapTasks]
[2026-09-18T17:36:50.071] [DEBUG] debug-file - entry : default@ConfigureCmake cost memory 0.0163116455078125
[2026-09-18T17:36:50.069] [DEBUG] debug-file - entry : default@CreateModuleInfo cost memory 0.0644683837890625
[2026-09-18T17:36:50.084] [DEBUG] debug-file - entry : default@GeneratePkgSdkInfo cost memory 0.13352203369140625
[2026-09-18T17:36:50.124] [INFO] debug-file - Finished :entry:default@SyscapTransform... after 33 ms 
[2026-09-18T17:36:50.184] [DEBUG] debug-file - Compile arkts with external api path: /Applications/DevEco-Studio.app/Contents/sdk/default/hms/ets
[2026-09-18T17:36:50.195] [DEBUG] debug-file - Create  resident worker with id: 4.
[2026-09-18T17:36:50.037] [DEBUG] debug-file - Starting plugin build process
[2026-09-18T17:36:50.045] [DEBUG] debug-file - Module 'entry' target 'default' build option initialized
[2026-09-18T17:36:50.071] [DEBUG] debug-file - runTaskFromQueue task cost before running: 1 s 388 ms 
[2026-09-18T17:36:50.069] [DEBUG] debug-file - runTaskFromQueue task cost before running: 1 s 386 ms 
[2026-09-18T17:36:50.084] [DEBUG] debug-file - runTaskFromQueue task cost before running: 1 s 401 ms 
[2026-09-18T17:36:50.184] [DEBUG] debug-file - Since there is no instance or instance is terminated, create a new worker pool.
[2026-09-18T17:36:50.196] [DEBUG] debug-file - default@CompileArkTS work[0] has been dispatched to worker[4].
[2026-09-18T17:36:50.037] [DEBUG] debug-file - Hap plugin creating...
[2026-09-18T17:36:50.045] [DEBUG] debug-file - End initialize module-target build option map, moduleName=entry
[2026-09-18T17:36:50.071] [INFO] debug-file - Finished :entry:default@ConfigureCmake... after 1 ms 
[2026-09-18T17:36:50.084] [INFO] debug-file - Finished :entry:default@GeneratePkgSdkInfo... after 1 ms 
[2026-09-18T17:36:50.184] [DEBUG] debug-file - Worker pool is initialized with config:  {
  minPoolNum: 2,
  maxPoolNum: undefined,
  maxCoreSize: undefined,
  cacheCapacity: undefined,
  cacheTtl: undefined
}
[2026-09-18T17:36:50.196] [DEBUG] debug-file - default@CompileArkTS work[0] is dispatched.
[2026-09-18T17:36:50.045] [DEBUG] debug-file - Start initialize module-target build option map, moduleName=entry, buildMode=debug
[2026-09-18T17:36:50.072] [DEBUG] debug-file - Executing task :entry:default@MergeProfile
[2026-09-18T17:36:50.196] [DEBUG] debug-file - entry : default@CompileArkTS cost memory -9.748641967773438
[2026-09-18T17:36:50.045] [DEBUG] debug-file - Target 'default' config initialized
[2026-09-18T17:36:50.072] [DEBUG] debug-file - Task 'entry:default@MergeProfile' cost while wrapping incremental declarations: 1 ms 
[2026-09-18T17:36:50.069] [INFO] debug-file - Finished :entry:default@CreateModuleInfo... after 1 ms 
[2026-09-18T17:36:50.045] [DEBUG] debug-file - Module 'entry' target 'default' build option initialized
[2026-09-18T17:36:50.072] [DEBUG] debug-file - Incremental task entry:default@MergeProfile pre-execution cost: 1 ms .
[2026-09-18T17:36:50.045] [DEBUG] debug-file - End initialize module-target build option map, moduleName=entry
[2026-09-18T17:36:50.072] [DEBUG] debug-file - entry : default@MergeProfile cost memory 0.12319183349609375
[2026-09-18T17:36:50.045] [DEBUG] debug-file - Obtain build option for module 'entry' target 'default'in this build.
[2026-09-18T17:36:50.073] [INFO] debug-file - UP-TO-DATE :entry:default@MergeProfile...  
[2026-09-18T17:36:50.049] [DEBUG] debug-file - Module entry task initialization takes 3 ms 
[2026-09-18T17:36:50.049] [DEBUG] debug-file - Hap plugin register hook start...
[2026-09-18T17:36:50.049] [DEBUG] debug-file - Hap plugin register hook end...
[2026-09-18T17:36:50.049] [DEBUG] debug-file - Plugin build process completed
[2026-09-18T17:36:50.049] [DEBUG] debug-file - hvigorfile, begin to bind custom plugins...
[2026-09-18T17:36:50.049] [DEBUG] debug-file - hvigorfile, no custom plugins were found in /Users/yujiantao/DevEcoStudioProjects/bang/entry/hvigorfile.ts
[2026-09-18T17:36:50.049] [DEBUG] debug-file - hvigorfile, resolve finished /Users/yujiantao/DevEcoStudioProjects/bang/entry/hvigorfile.ts
[2026-09-18T17:36:56.684] [WARN] debug-file - [33mWARN: [33m[33mArkTS:WARN File: /Users/yujiantao/DevEcoStudioProjects/bang/entry/src/main/ets/service/SystemTrainingService.ets:98:75
 The system capacity of this api 'resultCode' is not supported on all devices
[39m[39m
[33mWARN: [33m[33mArkTS:WARN File: /Users/yujiantao/DevEcoStudioProjects/bang/entry/src/main/ets/service/SystemTrainingService.ets:98:105
 The system capacity of this api 'message' is not supported on all devices
[39m[39m
[33mWARN: [33m[33mArkTS:WARN File: /Users/yujiantao/DevEcoStudioProjects/bang/entry/src/main/ets/service/SystemTrainingService.ets:156:53
 The system capacity of this api 'liveViewManager' is not supported on all devices
[39m[39m
[33mWARN: [33m[33mArkTS:WARN File: /Users/yujiantao/DevEcoStudioProjects/bang/entry/src/main/ets/service/SystemTrainingService.ets:156:69
 The system capacity of this api 'isLiveViewEnabled' is not supported on all devices
[39m[39m
[33mWARN: [33m[33mArkTS:WARN File: /Users/yujiantao/DevEcoStudioProjects/bang/entry/src/main/ets/service/SystemTrainingService.ets:271:51
 The system capacity of this api 'liveViewManager' is not supported on all devices
[39m[39m
[33mWARN: [33m[33mArkTS:WARN File: /Users/yujiantao/DevEcoStudioProjects/bang/entry/src/main/ets/service/SystemTrainingService.ets:271:67
 The system capacity of this api 'stopLiveView' is not supported on all devices
[39m[39m
[33mWARN: [33m[33mArkTS:WARN File: /Users/yujiantao/DevEcoStudioProjects/bang/entry/src/main/ets/service/SystemTrainingService.ets:304:22
 The system capacity of this api 'liveViewManager' is not supported on all devices
[39m[39m
[33mWARN: [33m[33mArkTS:WARN File: /Users/yujiantao/DevEcoStudioProjects/bang/entry/src/main/ets/service/SystemTrainingService.ets:304:38
 The system capacity of this api 'getActiveLiveView' is not supported on all devices
[39m[39m
[33mWARN: [33m[33mArkTS:WARN File: /Users/yujiantao/DevEcoStudioProjects/bang/entry/src/main/ets/service/SystemTrainingService.ets:311:43
 The system capacity of this api 'sequence' is not supported on all devices
[39m[39m
[33mWARN: [33m[33mArkTS:WARN File: /Users/yujiantao/DevEcoStudioProjects/bang/entry/src/main/ets/service/SystemTrainingService.ets:311:79
 The system capacity of this api 'sequence' is not supported on all devices
[39m[39m
[33mWARN: [33m[33mArkTS:WARN File: /Users/yujiantao/DevEcoStudioProjects/bang/entry/src/main/ets/service/SystemTrainingService.ets:315:51
 The system capacity of this api 'liveViewManager' is not supported on all devices
[39m[39m
[33mWARN: [33m[33mArkTS:WARN File: /Users/yujiantao/DevEcoStudioProjects/bang/entry/src/main/ets/service/SystemTrainingService.ets:315:67
 The system capacity of this api 'stopLiveView' is not supported on all devices
[39m[39m
[33mWARN: [33m[33mArkTS:WARN File: /Users/yujiantao/DevEcoStudioProjects/bang/entry/src/main/ets/service/SystemTrainingService.ets:335:107
 The system capacity of this api 'liveViewManager' is not supported on all devices
[39m[39m
[33mWARN: [33m[33mArkTS:WARN File: /Users/yujiantao/DevEcoStudioProjects/bang/entry/src/main/ets/service/SystemTrainingService.ets:335:123
 The system capacity of this api 'startLiveView' is not supported on all devices
[39m[39m
[33mWARN: [33m[33mArkTS:WARN File: /Users/yujiantao/DevEcoStudioProjects/bang/entry/src/main/ets/service/SystemTrainingService.ets:336:27
 The system capacity of this api 'resultCode' is not supported on all devices
[39m[39m
[33mWARN: [33m[33mArkTS:WARN File: /Users/yujiantao/DevEcoStudioProjects/bang/entry/src/main/ets/service/SystemTrainingService.ets:337:69
 The system capacity of this api 'resultCode' is not supported on all devices
[39m[39m
[33mWARN: [33m[33mArkTS:WARN File: /Users/yujiantao/DevEcoStudioProjects/bang/entry/src/main/ets/service/SystemTrainingService.ets:337:104
 The system capacity of this api 'message' is not supported on all devices
[39m[39m
[33mWARN: [33m[33mArkTS:WARN File: /Users/yujiantao/DevEcoStudioProjects/bang/entry/src/main/ets/service/SystemTrainingService.ets:340:88
 The system capacity of this api 'resultCode' is not supported on all devices
[39m[39m
[33mWARN: [33m[33mArkTS:WARN File: /Users/yujiantao/DevEcoStudioProjects/bang/entry/src/main/ets/service/SystemTrainingService.ets:348:109
 The system capacity of this api 'liveViewManager' is not supported on all devices
[39m[39m
[33mWARN: [33m[33mArkTS:WARN File: /Users/yujiantao/DevEcoStudioProjects/bang/entry/src/main/ets/service/SystemTrainingService.ets:348:125
 The system capacity of this api 'startLiveView' is not supported on all devices
[39m[39m
[33mWARN: [33m[33mArkTS:WARN File: /Users/yujiantao/DevEcoStudioProjects/bang/entry/src/main/ets/service/SystemTrainingService.ets:349:29
 The system capacity of this api 'resultCode' is not supported on all devices
[39m[39m
[33mWARN: [33m[33mArkTS:WARN File: /Users/yujiantao/DevEcoStudioProjects/bang/entry/src/main/ets/service/SystemTrainingService.ets:350:77
 The system capacity of this api 'resultCode' is not supported on all devices
[39m[39m
[33mWARN: [33m[33mArkTS:WARN File: /Users/yujiantao/DevEcoStudioProjects/bang/entry/src/main/ets/service/SystemTrainingService.ets:350:112
 The system capacity of this api 'message' is not supported on all devices
[39m[39m
[33mWARN: [33m[33mArkTS:WARN File: /Users/yujiantao/DevEcoStudioProjects/bang/entry/src/main/ets/service/SystemTrainingService.ets:353:96
 The system capacity of this api 'resultCode' is not supported on all devices
[39m[39m
[33mWARN: [33m[33mArkTS:WARN File: /Users/yujiantao/DevEcoStudioProjects/bang/entry/src/main/ets/service/SystemTrainingService.ets:362:98
 The system capacity of this api 'liveViewManager' is not supported on all devices
[39m[39m
[33mWARN: [33m[33mArkTS:WARN File: /Users/yujiantao/DevEcoStudioProjects/bang/entry/src/main/ets/service/SystemTrainingService.ets:362:114
 The system capacity of this api 'updateLiveView' is not supported on all devices
[39m[39m
[33mWARN: [33m[33mArkTS:WARN File: /Users/yujiantao/DevEcoStudioProjects/bang/entry/src/main/ets/service/SystemTrainingService.ets:363:18
 The system capacity of this api 'resultCode' is not supported on all devices
[39m[39m
[33mWARN: [33m[33mArkTS:WARN File: /Users/yujiantao/DevEcoStudioProjects/bang/entry/src/main/ets/service/SystemTrainingService.ets:364:61
 The system capacity of this api 'resultCode' is not supported on all devices
[39m[39m
[33mWARN: [33m[33mArkTS:WARN File: /Users/yujiantao/DevEcoStudioProjects/bang/entry/src/main/ets/service/SystemTrainingService.ets:364:91
 The system capacity of this api 'message' is not supported on all devices
[39m[39m
[33mWARN: [33m[33mArkTS:WARN File: /Users/yujiantao/DevEcoStudioProjects/bang/entry/src/main/ets/service/SystemTrainingService.ets:366:80
 The system capacity of this api 'resultCode' is not supported on all devices
[39m[39m
[33mWARN: [33m[33mArkTS:WARN File: /Users/yujiantao/DevEcoStudioProjects/bang/entry/src/main/ets/service/SystemTrainingService.ets:375:58
 The system capacity of this api 'liveViewManager' is not supported on all devices
[39m[39m
[33mWARN: [33m[33mArkTS:WARN File: /Users/yujiantao/DevEcoStudioProjects/bang/entry/src/main/ets/service/SystemTrainingService.ets:375:74
 The system capacity of this api 'getActiveLiveView' is not supported on all devices
[39m[39m
[33mWARN: [33m[33mArkTS:WARN File: /Users/yujiantao/DevEcoStudioProjects/bang/entry/src/main/ets/service/SystemTrainingService.ets:376:49
 The system capacity of this api 'sequence' is not supported on all devices
[39m[39m
[33mWARN: [33m[33mArkTS:WARN File: /Users/yujiantao/DevEcoStudioProjects/bang/entry/src/main/ets/service/SystemTrainingService.ets:376:85
 The system capacity of this api 'sequence' is not supported on all devices
[39m[39m
[33mWARN: [33m[33mArkTS:WARN File: /Users/yujiantao/DevEcoStudioProjects/bang/entry/src/main/ets/service/SystemTrainingService.ets:381:110
 The system capacity of this api 'liveViewManager' is not supported on all devices
[39m[39m
[33mWARN: [33m[33mArkTS:WARN File: /Users/yujiantao/DevEcoStudioProjects/bang/entry/src/main/ets/service/SystemTrainingService.ets:381:126
 The system capacity of this api 'updateLiveView' is not supported on all devices
[39m[39m
[33mWARN: [33m[33mArkTS:WARN File: /Users/yujiantao/DevEcoStudioProjects/bang/entry/src/main/ets/service/SystemTrainingService.ets:382:30
 The system capacity of this api 'resultCode' is not supported on all devices
[39m[39m
[33mWARN: [33m[33mArkTS:WARN File: /Users/yujiantao/DevEcoStudioProjects/bang/entry/src/main/ets/service/SystemTrainingService.ets:384:101
 The system capacity of this api 'resultCode' is not supported on all devices
[39m[39m
[33mWARN: [33m[33mArkTS:WARN File: /Users/yujiantao/DevEcoStudioProjects/bang/entry/src/main/ets/service/SystemTrainingService.ets:387:71
 The system capacity of this api 'resultCode' is not supported on all devices
[39m[39m
[33mWARN: [33m[33mArkTS:WARN File: /Users/yujiantao/DevEcoStudioProjects/bang/entry/src/main/ets/service/SystemTrainingService.ets:387:109
 The system capacity of this api 'message' is not supported on all devices
[39m[39m
[33mWARN: [33m[33mArkTS:WARN File: /Users/yujiantao/DevEcoStudioProjects/bang/entry/src/main/ets/service/SystemTrainingService.ets:602:19
 The system capacity of this api 'liveViewManager' is not supported on all devices
[39m[39m
[33mWARN: [33m[33mArkTS:WARN File: /Users/yujiantao/DevEcoStudioProjects/bang/entry/src/main/ets/service/SystemTrainingService.ets:602:35
 The system capacity of this api 'ExtensionType' is not supported on all devices
[39m[39m
[33mWARN: [33m[33mArkTS:WARN File: /Users/yujiantao/DevEcoStudioProjects/bang/entry/src/main/ets/service/SystemTrainingService.ets:602:49
 The system capacity of this api 'EXTENSION_TYPE_CAPSULE_TEXT' is not supported on all devices
[39m[39m
[33mWARN: [33m[33mArkTS:WARN File: /Users/yujiantao/DevEcoStudioProjects/bang/entry/src/main/ets/service/SystemTrainingService.ets:606:25
 The system capacity of this api 'liveViewManager' is not supported on all devices
[39m[39m
[33mWARN: [33m[33mArkTS:WARN File: /Users/yujiantao/DevEcoStudioProjects/bang/entry/src/main/ets/service/SystemTrainingService.ets:606:41
 The system capacity of this api 'LayoutType' is not supported on all devices
[39m[39m
[33mWARN: [33m[33mArkTS:WARN File: /Users/yujiantao/DevEcoStudioProjects/bang/entry/src/main/ets/service/SystemTrainingService.ets:606:52
 The system capacity of this api 'LAYOUT_TYPE_PROGRESS' is not supported on all devices
[39m[39m
[33mWARN: [33m[33mArkTS:WARN File: /Users/yujiantao/DevEcoStudioProjects/bang/entry/src/main/ets/service/SystemTrainingService.ets:610:28
 The system capacity of this api 'liveViewManager' is not supported on all devices
[39m[39m
[33mWARN: [33m[33mArkTS:WARN File: /Users/yujiantao/DevEcoStudioProjects/bang/entry/src/main/ets/service/SystemTrainingService.ets:610:44
 The system capacity of this api 'IndicatorType' is not supported on all devices
[39m[39m
[33mWARN: [33m[33mArkTS:WARN File: /Users/yujiantao/DevEcoStudioProjects/bang/entry/src/main/ets/service/SystemTrainingService.ets:610:58
 The system capacity of this api 'INDICATOR_TYPE_UNDISPLAYED' is not supported on all devices
[39m[39m
[33mWARN: [33m[33mArkTS:WARN File: /Users/yujiantao/DevEcoStudioProjects/bang/entry/src/main/ets/service/SystemTrainingService.ets:611:23
 The system capacity of this api 'liveViewManager' is not supported on all devices
[39m[39m
[33mWARN: [33m[33mArkTS:WARN File: /Users/yujiantao/DevEcoStudioProjects/bang/entry/src/main/ets/service/SystemTrainingService.ets:611:39
 The system capacity of this api 'LineType' is not supported on all devices
[39m[39m
[33mWARN: [33m[33mArkTS:WARN File: /Users/yujiantao/DevEcoStudioProjects/bang/entry/src/main/ets/service/SystemTrainingService.ets:611:48
 The system capacity of this api 'LINE_TYPE_THICK_SOLID_LINE' is not supported on all devices
[39m[39m
[33mWARN: [33m[33mArkTS:WARN File: /Users/yujiantao/DevEcoStudioProjects/bang/entry/src/main/ets/service/SystemTrainingService.ets:623:17
 The system capacity of this api 'liveViewManager' is not supported on all devices
[39m[39m
[33mWARN: [33m[33mArkTS:WARN File: /Users/yujiantao/DevEcoStudioProjects/bang/entry/src/main/ets/service/SystemTrainingService.ets:623:33
 The system capacity of this api 'CapsuleType' is not supported on all devices
[39m[39m
[33mWARN: [33m[33mArkTS:WARN File: /Users/yujiantao/DevEcoStudioProjects/bang/entry/src/main/ets/service/SystemTrainingService.ets:623:45
 The system capacity of this api 'CAPSULE_TYPE_TIMER' is not supported on all devices
[39m[39m
[33mWARN: [33m[33mArkTS:WARN File: /Users/yujiantao/DevEcoStudioProjects/bang/entry/src/main/ets/service/VoiceService.ets:118:27
 The system capacity of this api 'stop' is not supported on all devices
[39m[39m
[33mWARN: [33m[33mArkTS:WARN File: /Users/yujiantao/DevEcoStudioProjects/bang/entry/src/main/ets/service/VoiceService.ets:189:31
 The system capacity of this api 'shutdown' is not supported on all devices
[39m[39m
[33mWARN: [33m[33mArkTS:WARN File: /Users/yujiantao/DevEcoStudioProjects/bang/entry/src/main/ets/service/VoiceService.ets:191:37
 The system capacity of this api 'textToSpeech' is not supported on all devices
[39m[39m
[33mWARN: [33m[33mArkTS:WARN File: /Users/yujiantao/DevEcoStudioProjects/bang/entry/src/main/ets/service/VoiceService.ets:191:50
 The system capacity of this api 'createEngine' is not supported on all devices
[39m[39m
[33mWARN: [33m[33mArkTS:WARN File: /Users/yujiantao/DevEcoStudioProjects/bang/entry/src/main/ets/service/VoiceService.ets:203:29
 The system capacity of this api 'setListener' is not supported on all devices
[39m[39m
[33mWARN: [33m[33mArkTS:WARN File: /Users/yujiantao/DevEcoStudioProjects/bang/entry/src/main/ets/service/VoiceService.ets:213:27
 The system capacity of this api 'speak' is not supported on all devices
[39m[39m

[2026-09-18T17:36:56.685] [DEBUG] debug-file - Ark compile task finished.finished time is 1499578573071208
[2026-09-18T17:36:56.688] [DEBUG] debug-file - worker[4] has one work done.
[2026-09-18T17:36:56.692] [DEBUG] debug-file - default@CompileArkTS work[0] done.
[2026-09-18T17:36:56.701] [DEBUG] debug-file - Executing task :entry:default@PackageHap
[2026-09-18T17:36:56.708] [DEBUG] debug-file - default@PackageHap work[1] is submitted.
[2026-09-18T17:36:56.693] [DEBUG] debug-file - A work dispatched to worker[4] failed because unable to get work from ready queue.
[2026-09-18T17:36:56.706] [DEBUG] debug-file - entry:default@PackageHap is not up-to-date, since the input file '/Users/yujiantao/DevEcoStudioProjects/bang/entry/build/default/intermediates/loader_out/default/ets' has been changed.
[2026-09-18T17:36:56.708] [DEBUG] debug-file - default@PackageHap work[1] is pushed to ready queue.
[2026-09-18T17:36:56.694] [INFO] debug-file - Finished :entry:default@CompileArkTS... after 5 s 234 ms 
[2026-09-18T17:36:56.706] [DEBUG] debug-file - Incremental task entry:default@PackageHap pre-execution cost: 4 ms .
[2026-09-18T17:36:56.708] [DEBUG] debug-file - A work dispatched to worker[7] failed because unable to get work from ready queue.
[2026-09-18T17:36:56.695] [DEBUG] debug-file - Executing task :entry:default@GeneratePkgModuleJson
[2026-09-18T17:36:56.707] [DEBUG] debug-file - Use tool [/Applications/DevEco-Studio.app/Contents/sdk/default/openharmony/toolchains/lib/app_packing_tool.jar]
 [
  'java',
  '-Dfile.encoding=utf-8',
  '-jar',
  '/Applications/DevEco-Studio.app/Contents/sdk/default/openharmony/toolchains/lib/app_packing_tool.jar',
  '--mode',
  'hap',
  '--force',
  'true',
  '--lib-path',
  '/Users/yujiantao/DevEcoStudioProjects/bang/entry/build/default/intermediates/stripped_native_libs/default',
  '--json-path',
  '/Users/yujiantao/DevEcoStudioProjects/bang/entry/build/default/intermediates/package/default/module.json',
  '--resources-path',
  '/Users/yujiantao/DevEcoStudioProjects/bang/entry/build/default/intermediates/res/default/resources',
  '--index-path',
  '/Users/yujiantao/DevEcoStudioProjects/bang/entry/build/default/intermediates/res/default/resources.index',
  '--pack-info-path',
  '/Users/yujiantao/DevEcoStudioProjects/bang/entry/build/default/outputs/default/pack.info',
  '--out-path',
  '/Users/yujiantao/DevEcoStudioProjects/bang/entry/build/default/outputs/default/entry-default-unsigned.hap',
  '--ets-path',
  '/Users/yujiantao/DevEcoStudioProjects/bang/entry/build/default/intermediates/loader_out/default/ets',
  '--pkg-context-path',
  '/Users/yujiantao/DevEcoStudioProjects/bang/entry/build/default/intermediates/loader/default/pkgContextInfo.json'
]
[2026-09-18T17:36:56.708] [DEBUG] debug-file - Create  resident worker with id: 6.
[2026-09-18T17:36:56.696] [DEBUG] debug-file - File: '/Users/yujiantao/DevEcoStudioProjects/bang/entry/build/default/intermediates/preload/default/preload.json' from 'preloadSoJsonPath' is not exists, just ignore.
[2026-09-18T17:36:56.709] [DEBUG] debug-file - default@PackageHap work[1] has been dispatched to worker[6].
[2026-09-18T17:36:56.696] [DEBUG] debug-file - Error occurs while handling @Input 'shouldDeduplicateHar': The "data" argument must be of type string or an instance of Buffer, TypedArray, or DataView. Received undefined
[2026-09-18T17:36:56.709] [DEBUG] debug-file - default@PackageHap work[1] is dispatched.
[2026-09-18T17:36:56.696] [DEBUG] debug-file - Task 'entry:default@GeneratePkgModuleJson' cost while wrapping incremental declarations: 1 ms 
[2026-09-18T17:36:56.726] [DEBUG] debug-file - entry : default@PackageHap cost memory 0.6791763305664062
[2026-09-18T17:36:56.697] [DEBUG] debug-file - Incremental task entry:default@GeneratePkgModuleJson pre-execution cost: 1 ms .
[2026-09-18T17:36:56.697] [DEBUG] debug-file - entry : default@GeneratePkgModuleJson cost memory 0.14958953857421875
[2026-09-18T17:36:56.697] [INFO] debug-file - UP-TO-DATE :entry:default@GeneratePkgModuleJson...  
[2026-09-18T17:36:56.698] [DEBUG] debug-file - Executing task :entry:default@ProcessCompiledResources
[2026-09-18T17:36:56.699] [DEBUG] debug-file - File: '/Users/yujiantao/DevEcoStudioProjects/bang/entry/build/default/intermediates/preload/default/preload.json' from 'preloadSoJsonPath' is not exists, just ignore.
[2026-09-18T17:36:56.699] [DEBUG] debug-file - Task 'entry:default@ProcessCompiledResources' cost while wrapping incremental declarations: 1 ms 
[2026-09-18T17:36:56.699] [DEBUG] debug-file - entry : default@ProcessCompiledResources cost memory 0.05236053466796875
[2026-09-18T17:36:56.699] [DEBUG] debug-file - runTaskFromQueue task cost before running: 8 s 16 ms 
[2026-09-18T17:36:56.699] [INFO] debug-file - Finished :entry:default@ProcessCompiledResources... after 1 ms 
[2026-09-18T17:36:57.130] [DEBUG] debug-file - current process  memoryUsage: {
  rss: 501055488,
  heapTotal: 78184448,
  heapUsed: 54092440,
  external: 3666901,
  arrayBuffers: 18667
} os memoryUsage :15.915390014648438
[2026-09-18T17:36:58.342] [DEBUG] debug-file - worker[6] has one work done.
[2026-09-18T17:36:58.342] [DEBUG] debug-file - default@PackageHap work[1] done.
[2026-09-18T17:36:58.350] [DEBUG] debug-file - Executing task :entry:default@SignHap
[2026-09-18T17:36:58.343] [DEBUG] debug-file - Executing task :entry:default@PackingCheck
[2026-09-18T17:36:58.342] [INFO] debug-file - Finished :entry:default@PackageHap... after 1 s 238 ms 
[2026-09-18T17:36:58.362] [DEBUG] debug-file - current process  memoryUsage: {
  rss: 243417088,
  heapTotal: 160284672,
  heapUsed: 131034272,
  external: 3851769,
  arrayBuffers: 131542
} os memoryUsage :15.805496215820312
[2026-09-18T17:36:58.351] [DEBUG] debug-file - entry:default@SignHap is not up-to-date, since the input file '/Users/yujiantao/DevEcoStudioProjects/bang/entry/build/default/outputs/default/entry-default-unsigned.hap' has been changed.
[2026-09-18T17:36:58.349] [DEBUG] debug-file - entry : default@PackingCheck cost memory 0.6723403930664062
[2026-09-18T17:36:58.351] [DEBUG] debug-file - Incremental task entry:default@SignHap pre-execution cost: 1 ms .
[2026-09-18T17:36:58.349] [DEBUG] debug-file - runTaskFromQueue task cost before running: 9 s 666 ms 
[2026-09-18T17:36:58.349] [INFO] debug-file - Finished :entry:default@PackingCheck... after 6 ms 
[2026-09-18T17:36:58.545] [DEBUG] debug-file - A work dispatched to worker[6] failed because unable to get work from ready queue.
[2026-09-18T17:36:58.803] [DEBUG] debug-file - 09-18 17:36:58.802  INFO - Start verify-profile

[2026-09-18T17:36:58.978] [DEBUG] debug-file - 09-18 17:36:58.978  INFO - verify-profile success

[2026-09-18T17:36:58.997] [DEBUG] debug-file - current process  memoryUsage: {
  rss: 236978176,
  heapTotal: 160284672,
  heapUsed: 131448000,
  external: 3851881,
  arrayBuffers: 131654
} os memoryUsage :15.909103393554688
[2026-09-18T17:36:59.362] [DEBUG] debug-file - 09-18 17:36:59.362  INFO - Start sign-app

[2026-09-18T17:36:59.488] [DEBUG] debug-file - 09-18 17:36:59.487  INFO - certificate in profile: 俞建涛(1389902721670239361)\,Development

[2026-09-18T17:36:59.569] [DEBUG] debug-file - 09-18 17:36:59.568  INFO - Start to sign code.

[2026-09-18T17:36:59.573] [DEBUG] debug-file - 09-18 17:36:59.573  INFO - profile type is: debug

[2026-09-18T17:36:59.596] [DEBUG] debug-file - 09-18 17:36:59.596  INFO - /Users/yujiantao/.ohos/config/auto_bang_7YrzqJE1rIOdvZ_BTS9A9UF3By8y4SWYB3-MGJb9VSs=.p12 is exist. Try to load it with given passwd

[2026-09-18T17:36:59.704] [DEBUG] debug-file - 09-18 17:36:59.704  INFO - Create a sign info successfully.

[2026-09-18T17:36:59.716] [DEBUG] debug-file - 09-18 17:36:59.715  INFO - Create a sign info successfully.

[2026-09-18T17:36:59.719] [DEBUG] debug-file - 09-18 17:36:59.719  INFO - No native libs.

[2026-09-18T17:36:59.720] [DEBUG] debug-file - 09-18 17:36:59.720  INFO - Sign successfully.

[2026-09-18T17:36:59.734] [DEBUG] debug-file - 09-18 17:36:59.734  INFO - Add sign data in sign info list success.

[2026-09-18T17:36:59.736] [DEBUG] debug-file - 09-18 17:36:59.736  INFO - Generate signing block success, begin write it to output file

[2026-09-18T17:36:59.737] [DEBUG] debug-file - 09-18 17:36:59.737  INFO - Sign Hap success!

[2026-09-18T17:36:59.737] [DEBUG] debug-file - 09-18 17:36:59.737  INFO - sign-app success

[2026-09-18T17:36:59.747] [DEBUG] debug-file - entry : default@SignHap cost memory 1.0624160766601562
[2026-09-18T17:36:59.747] [DEBUG] debug-file - runTaskFromQueue task cost before running: 11 s 64 ms 
[2026-09-18T17:36:59.752] [DEBUG] debug-file - Executing task :entry:default@CollectDebugSymbol
[2026-09-18T17:36:59.749] [INFO] debug-file - Finished :entry:default@SignHap... after 1 s 397 ms 
[2026-09-18T17:36:59.752] [DEBUG] debug-file - entry : default@CollectDebugSymbol cost memory 0.08962249755859375
[2026-09-18T17:36:59.752] [DEBUG] debug-file - runTaskFromQueue task cost before running: 11 s 69 ms 
[2026-09-18T17:36:59.752] [INFO] debug-file - Finished :entry:default@CollectDebugSymbol... after 1 ms 
[2026-09-18T17:36:59.753] [DEBUG] debug-file - Executing task :entry:assembleHap
[2026-09-18T17:36:59.753] [DEBUG] debug-file - entry : assembleHap cost memory 0.0158538818359375
[2026-09-18T17:36:59.753] [DEBUG] debug-file - runTaskFromQueue task cost before running: 11 s 70 ms 
[2026-09-18T17:36:59.753] [INFO] debug-file - Finished :entry:assembleHap... after 1 ms 
[2026-09-18T17:36:59.754] [INFO] debug-file - BUILD SUCCESSFUL in 11 s 71 ms 
[2026-09-18T17:36:59.755] [DEBUG] debug-file - There is no need to refresh cache, since the incremental task entry:default@PreBuild is up-to-date.
[2026-09-18T17:36:59.755] [DEBUG] debug-file - Update task entry:default@CreateModuleInfo output file:/Users/yujiantao/DevEcoStudioProjects/bang/entry/build/default/generated/profile/default/ModuleInfo.ts cache.
[2026-09-18T17:36:59.755] [DEBUG] debug-file - Incremental task entry:default@CreateModuleInfo post-execution cost:1 ms .
[2026-09-18T17:36:59.755] [DEBUG] debug-file - There is no need to refresh cache, since the incremental task entry:default@GenerateMetadata is up-to-date.
[2026-09-18T17:36:59.755] [DEBUG] debug-file - There is no need to refresh cache, since the incremental task entry:default@MergeProfile is up-to-date.
[2026-09-18T17:36:59.755] [DEBUG] debug-file - There is no need to refresh cache, since the incremental task entry:default@CreateBuildProfile is up-to-date.
[2026-09-18T17:36:59.755] [DEBUG] debug-file - There is no need to refresh cache, since the incremental task entry:default@GeneratePkgContextInfo is up-to-date.
[2026-09-18T17:36:59.755] [DEBUG] debug-file - Update task entry:default@GeneratePkgSdkInfo output file:/Users/yujiantao/DevEcoStudioProjects/bang/entry/build/default/intermediates/loader/default/pkgSdkInfo.json cache.
[2026-09-18T17:36:59.755] [DEBUG] debug-file - Incremental task entry:default@GeneratePkgSdkInfo post-execution cost:1 ms .
[2026-09-18T17:36:59.755] [DEBUG] debug-file - Update task entry:default@ProcessIntegratedHsp output file:/Users/yujiantao/DevEcoStudioProjects/bang/build/cache/default/integrated_hsp/integratedHspCache.json cache.
[2026-09-18T17:36:59.755] [DEBUG] debug-file - Incremental task entry:default@ProcessIntegratedHsp post-execution cost:1 ms .
[2026-09-18T17:36:59.755] [DEBUG] debug-file - There is no need to refresh cache, since the incremental task entry:default@MakePackInfo is up-to-date.
[2026-09-18T17:36:59.755] [DEBUG] debug-file - Update task entry:default@SyscapTransform input file:/Applications/DevEco-Studio.app/Contents/sdk/default/openharmony/toolchains/syscap_tool cache by regenerate.
[2026-09-18T17:36:59.755] [DEBUG] debug-file - Update task entry:default@SyscapTransform input file:/Applications/DevEco-Studio.app/Contents/sdk/default/openharmony/ets/api/device-define cache by regenerate.
[2026-09-18T17:36:59.756] [DEBUG] debug-file - Update task entry:default@SyscapTransform output file:/Users/yujiantao/DevEcoStudioProjects/bang/entry/build/default/intermediates/syscap/default/rpcid.sc cache.
[2026-09-18T17:36:59.756] [DEBUG] debug-file - Incremental task entry:default@SyscapTransform post-execution cost:1 ms .
[2026-09-18T17:36:59.756] [DEBUG] debug-file - There is no need to refresh cache, since the incremental task entry:default@ProcessProfile is up-to-date.
[2026-09-18T17:36:59.756] [DEBUG] debug-file - There is no need to refresh cache, since the incremental task entry:default@ProcessRouterMap is up-to-date.
[2026-09-18T17:36:59.756] [DEBUG] debug-file - There is no need to refresh cache, since the incremental task entry:default@ProcessShareConfig is up-to-date.
[2026-09-18T17:36:59.756] [DEBUG] debug-file - Update task entry:default@ProcessStartupConfig input file:/Users/yujiantao/DevEcoStudioProjects/bang/entry/build/default/intermediates/loader/default/pkgContextInfo.json cache by regenerate.
[2026-09-18T17:36:59.756] [DEBUG] debug-file - Update task entry:default@ProcessStartupConfig output file:/Users/yujiantao/DevEcoStudioProjects/bang/entry/build/default/intermediates/startup/default/startup_config.json cache.
[2026-09-18T17:36:59.756] [DEBUG] debug-file - Incremental task entry:default@ProcessStartupConfig post-execution cost:1 ms .
[2026-09-18T17:36:59.756] [DEBUG] debug-file - There is no need to refresh cache, since the incremental task entry:default@ProcessResource is up-to-date.
[2026-09-18T17:36:59.756] [DEBUG] debug-file - There is no need to refresh cache, since the incremental task entry:default@GenerateLoaderJson is up-to-date.
[2026-09-18T17:36:59.756] [DEBUG] debug-file - There is no need to refresh cache, since the incremental task entry:default@ProcessLibs is up-to-date.
[2026-09-18T17:36:59.756] [DEBUG] debug-file - There is no need to refresh cache, since the incremental task entry:default@CompileResource is up-to-date.
[2026-09-18T17:36:59.756] [DEBUG] debug-file - There is no need to refresh cache, since the incremental task entry:default@DoNativeStrip is up-to-date.
[2026-09-18T17:36:59.757] [DEBUG] debug-file - Update task entry:default@CompileArkTS input file:/Users/yujiantao/DevEcoStudioProjects/bang/entry/build/default/intermediates/loader/default cache by regenerate.
[2026-09-18T17:36:59.757] [DEBUG] debug-file - Update task entry:default@CompileArkTS input file:/Users/yujiantao/DevEcoStudioProjects/bang/entry/build/default/intermediates/res/default/resources/rawfile cache by regenerate.
[2026-09-18T17:36:59.758] [DEBUG] debug-file - Update task entry:default@CompileArkTS input file:/Users/yujiantao/DevEcoStudioProjects/bang/entry/build/default/intermediates/res/default/ResourceTable.txt cache by regenerate.
[2026-09-18T17:36:59.758] [DEBUG] debug-file - Update task entry:default@CompileArkTS input file:/Users/yujiantao/DevEcoStudioProjects/bang/entry/build/default/intermediates/res/default/ark_module.json cache by regenerate.
[2026-09-18T17:36:59.758] [DEBUG] debug-file - Update task entry:default@CompileArkTS input file:/Users/yujiantao/DevEcoStudioProjects/bang/entry/build/default/intermediates/res/default/resources/base/profile cache by regenerate.
[2026-09-18T17:36:59.758] [DEBUG] debug-file - Update task entry:default@CompileArkTS input file:/Users/yujiantao/DevEcoStudioProjects/bang/entry/src/main/ets cache from map.
[2026-09-18T17:36:59.758] [DEBUG] debug-file - Update task entry:default@CompileArkTS input file:/Users/yujiantao/DevEcoStudioProjects/bang/entry/build/default/intermediates/loader/default/pkgContextInfo.json cache by regenerate.
[2026-09-18T17:36:59.758] [DEBUG] debug-file - Update task entry:default@CompileArkTS input file:/Users/yujiantao/DevEcoStudioProjects/bang/entry/build/default/generated/profile/default/BuildProfile.ets cache by regenerate.
[2026-09-18T17:36:59.758] [DEBUG] debug-file - Update task entry:default@CompileArkTS output file:/Users/yujiantao/DevEcoStudioProjects/bang/entry/build/default/intermediates/loader_out/default/ets cache.
[2026-09-18T17:36:59.758] [DEBUG] debug-file - Incremental task entry:default@CompileArkTS post-execution cost:3 ms .
[2026-09-18T17:36:59.758] [DEBUG] debug-file - Update task entry:default@BuildJS input file:/Users/yujiantao/DevEcoStudioProjects/bang/entry/build/default/intermediates/loader/default cache by regenerate.
[2026-09-18T17:36:59.759] [DEBUG] debug-file - Update task entry:default@BuildJS input file:/Users/yujiantao/DevEcoStudioProjects/bang/entry/build/default/intermediates/res/default/resources/rawfile cache by regenerate.
[2026-09-18T17:36:59.759] [DEBUG] debug-file - Update task entry:default@BuildJS input file:/Users/yujiantao/DevEcoStudioProjects/bang/entry/build/default/intermediates/res/default/ResourceTable.txt cache by regenerate.
[2026-09-18T17:36:59.759] [DEBUG] debug-file - Update task entry:default@BuildJS input file:/Users/yujiantao/DevEcoStudioProjects/bang/entry/build/default/intermediates/res/default/ark_module.json cache by regenerate.
[2026-09-18T17:36:59.759] [DEBUG] debug-file - Update task entry:default@BuildJS input file:/Users/yujiantao/DevEcoStudioProjects/bang/entry/build/default/intermediates/res/default/resources/base/profile cache by regenerate.
[2026-09-18T17:36:59.759] [DEBUG] debug-file - Update task entry:default@BuildJS input file:/Users/yujiantao/DevEcoStudioProjects/bang/entry/build/default/intermediates/loader/default/pkgContextInfo.json cache by regenerate.
[2026-09-18T17:36:59.760] [DEBUG] debug-file - Update task entry:default@BuildJS output file:/Users/yujiantao/DevEcoStudioProjects/bang/entry/build/default/intermediates/loader_out/default/js cache.
[2026-09-18T17:36:59.760] [DEBUG] debug-file - Incremental task entry:default@BuildJS post-execution cost:2 ms .
[2026-09-18T17:36:59.760] [DEBUG] debug-file - There is no need to refresh cache, since the incremental task entry:default@CacheNativeLibs is up-to-date.
[2026-09-18T17:36:59.760] [DEBUG] debug-file - There is no need to refresh cache, since the incremental task entry:default@GeneratePkgModuleJson is up-to-date.
[2026-09-18T17:36:59.760] [DEBUG] debug-file - Incremental task entry:default@ProcessCompiledResources post-execution cost:1 ms .
[2026-09-18T17:36:59.760] [DEBUG] debug-file - Update task entry:default@PackageHap input file:/Users/yujiantao/DevEcoStudioProjects/bang/entry/build/default/intermediates/stripped_native_libs/default cache by regenerate.
[2026-09-18T17:36:59.760] [DEBUG] debug-file - Update task entry:default@PackageHap input file:/Users/yujiantao/DevEcoStudioProjects/bang/entry/build/default/intermediates/res/default/module.json cache by regenerate.
[2026-09-18T17:36:59.760] [DEBUG] debug-file - Update task entry:default@PackageHap input file:/Users/yujiantao/DevEcoStudioProjects/bang/entry/build/default/intermediates/res/default/resources cache by regenerate.
[2026-09-18T17:36:59.761] [DEBUG] debug-file - Update task entry:default@PackageHap input file:/Users/yujiantao/DevEcoStudioProjects/bang/entry/build/default/intermediates/res/default/resources.index cache by regenerate.
[2026-09-18T17:36:59.761] [DEBUG] debug-file - Update task entry:default@PackageHap input file:/Users/yujiantao/DevEcoStudioProjects/bang/entry/build/default/outputs/default/pack.info cache by regenerate.
[2026-09-18T17:36:59.761] [DEBUG] debug-file - Update task entry:default@PackageHap input file:/Users/yujiantao/DevEcoStudioProjects/bang/entry/build/default/intermediates/loader_out/default/ets cache from map.
[2026-09-18T17:36:59.761] [DEBUG] debug-file - Update task entry:default@PackageHap input file:/Users/yujiantao/DevEcoStudioProjects/bang/entry/build/default/intermediates/loader/default/pkgContextInfo.json cache by regenerate.
[2026-09-18T17:36:59.761] [DEBUG] debug-file - Update task entry:default@PackageHap input file:/Users/yujiantao/DevEcoStudioProjects/bang/entry/build/default/intermediates/loader_out/default/ets/sourceMaps.map cache by regenerate.
[2026-09-18T17:36:59.761] [DEBUG] debug-file - Update task entry:default@PackageHap input file:/Users/yujiantao/DevEcoStudioProjects/bang/entry/build/default/generated/profile/default/BuildProfile.ets cache by regenerate.
[2026-09-18T17:36:59.761] [DEBUG] debug-file - Update task entry:default@PackageHap output file:/Users/yujiantao/DevEcoStudioProjects/bang/entry/build/default/outputs/default/entry-default-unsigned.hap cache.
[2026-09-18T17:36:59.761] [DEBUG] debug-file - Update task entry:default@PackageHap output file:/Users/yujiantao/DevEcoStudioProjects/bang/entry/build/default/intermediates/source_map/default/sourceMaps.map cache.
[2026-09-18T17:36:59.761] [DEBUG] debug-file - Update task entry:default@PackageHap output file:/Users/yujiantao/DevEcoStudioProjects/bang/entry/build/default/outputs/default/mapping/sourceMaps.map cache.
[2026-09-18T17:36:59.761] [DEBUG] debug-file - Incremental task entry:default@PackageHap post-execution cost:2 ms .
[2026-09-18T17:36:59.761] [DEBUG] debug-file - Update task entry:default@SignHap input file:/Users/yujiantao/.ohos/config/auto_bang_7YrzqJE1rIOdvZ_BTS9A9UF3By8y4SWYB3-MGJb9VSs=.cer cache by regenerate.
[2026-09-18T17:36:59.761] [DEBUG] debug-file - Update task entry:default@SignHap input file:/Users/yujiantao/.ohos/config/auto_bang_7YrzqJE1rIOdvZ_BTS9A9UF3By8y4SWYB3-MGJb9VSs=.p7b cache by regenerate.
[2026-09-18T17:36:59.761] [DEBUG] debug-file - Update task entry:default@SignHap input file:/Users/yujiantao/.ohos/config/auto_bang_7YrzqJE1rIOdvZ_BTS9A9UF3By8y4SWYB3-MGJb9VSs=.p12 cache by regenerate.
[2026-09-18T17:36:59.761] [DEBUG] debug-file - Update task entry:default@SignHap input file:/Users/yujiantao/DevEcoStudioProjects/bang/entry/build/default/outputs/default/entry-default-unsigned.hap cache from map.
[2026-09-18T17:36:59.762] [DEBUG] debug-file - Update task entry:default@SignHap output file:/Users/yujiantao/DevEcoStudioProjects/bang/entry/build/default/outputs/default/entry-default-signed.hap cache.
[2026-09-18T17:36:59.762] [DEBUG] debug-file - Incremental task entry:default@SignHap post-execution cost:1 ms .
[2026-09-18T17:36:59.762] [DEBUG] debug-file - Update task entry:default@CollectDebugSymbol input file:/Users/yujiantao/DevEcoStudioProjects/bang/entry/build/default/intermediates/loader_out/default/ets/sourceMaps.map cache by regenerate.
[2026-09-18T17:36:59.762] [DEBUG] debug-file - Update task entry:default@CollectDebugSymbol input file:/Users/yujiantao/DevEcoStudioProjects/bang/entry/build/default/intermediates/libs/default cache by regenerate.
[2026-09-18T17:36:59.762] [DEBUG] debug-file - Update task entry:default@CollectDebugSymbol output file:/Users/yujiantao/DevEcoStudioProjects/bang/entry/build/default/outputs/default/symbol cache.
[2026-09-18T17:36:59.762] [DEBUG] debug-file - Incremental task entry:default@CollectDebugSymbol post-execution cost:1 ms .
[2026-09-18T17:36:59.771] [DEBUG] debug-file - Current worker pool is stopped or closed.
[2026-09-18T17:36:59.771] [DEBUG] debug-file - Clear worker 0.
[2026-09-18T17:36:59.771] [DEBUG] debug-file - Worker 0 has been cleared.
[2026-09-18T17:36:59.771] [DEBUG] debug-file - Current idle worker size: 3.
[2026-09-18T17:36:59.771] [DEBUG] debug-file - Current busy worker size: 0.
[2026-09-18T17:36:59.771] [DEBUG] debug-file - Clear worker 1.
[2026-09-18T17:36:59.771] [DEBUG] debug-file - Worker 1 has been cleared.
[2026-09-18T17:36:59.771] [DEBUG] debug-file - Current idle worker size: 2.
[2026-09-18T17:36:59.771] [DEBUG] debug-file - Current busy worker size: 0.
[2026-09-18T17:36:59.771] [DEBUG] debug-file - Clear worker 4.
[2026-09-18T17:36:59.771] [DEBUG] debug-file - Worker 4 has been cleared.
[2026-09-18T17:36:59.771] [DEBUG] debug-file - Current idle worker size: 1.
[2026-09-18T17:36:59.771] [DEBUG] debug-file - Current busy worker size: 0.
[2026-09-18T17:36:59.771] [DEBUG] debug-file - Clear worker 6.
[2026-09-18T17:36:59.771] [DEBUG] debug-file - Worker 6 has been cleared.
[2026-09-18T17:36:59.771] [DEBUG] debug-file - Current idle worker size: 0.
[2026-09-18T17:36:59.771] [DEBUG] debug-file - Current busy worker size: 0.
[2026-09-18T17:36:59.772] [DEBUG] debug-file - hvigor build process will be closed.
[2026-09-18T17:36:59.775] [DEBUG] debug-file - Current worker pool is terminated.
[2026-09-18T17:36:59.776] [DEBUG] debug-file - worker[0] exits with exit code 1.
[2026-09-18T17:36:59.776] [DEBUG] debug-file - worker[1] exits with exit code 1.
[2026-09-18T17:36:59.779] [DEBUG] debug-file - worker[6] exits with exit code 1.
[2026-09-18T17:36:59.824] [DEBUG] debug-file - worker[4] exits with exit code 1.
[2026-09-18T17:39:42.645] [DEBUG] debug-file - session manager: set active socket. socketId=0mm0QgUPNIK8-0pdAABT
[2026-09-18T17:39:42.657] [DEBUG] debug-file - watch worker: worker id should be larger than 0. Nothing will be sent to any worker thread.
[2026-09-18T17:39:42.680] [DEBUG] debug-file - Workers' log level updated to INFO
[2026-09-18T17:39:42.697] [DEBUG] debug-file - Hvigor init with startParameters:{
  hvigorfileTypeCheck: false,
  parallelExecution: true,
  incrementalExecution: true,
  printStackTrace: false,
  daemon: true,
  analyze: 0,
  logLevel: Level { level: 20000, levelStr: 'INFO', colour: 'green' },
  optimizationStrategy: 'memory',
  hotCompile: undefined,
  hotReloadBuild: undefined,
  customizedParam: undefined
}
[2026-09-18T17:39:42.716] [DEBUG] debug-file - Cache service initialization finished in 19 ms 
[2026-09-18T17:39:42.717] [DEBUG] debug-file - hvigorfile, resolving /Users/yujiantao/DevEcoStudioProjects/bang/hvigorfile.ts
[2026-09-18T17:39:42.744] [DEBUG] debug-file - hvigorfile, require result:  { default: { plugins: [] } }
[2026-09-18T17:39:42.745] [DEBUG] debug-file - hvigorfile, binding system plugins null
[2026-09-18T17:39:42.746] [DEBUG] debug-file - Starting plugin build process
[2026-09-18T17:39:42.746] [DEBUG] debug-file - App plugin prepare start...
[2026-09-18T17:39:42.746] [DEBUG] debug-file - App plugin prepare end...
[2026-09-18T17:39:42.746] [DEBUG] debug-file - App plugin creating...
[2026-09-18T17:39:42.773] [DEBUG] debug-file - App plugin register hook start...
[2026-09-18T17:39:42.773] [DEBUG] debug-file - App plugin register hook end...
[2026-09-18T17:39:42.773] [DEBUG] debug-file - Plugin build process completed
[2026-09-18T17:39:42.773] [DEBUG] debug-file - Start initialize project's product build option map with build mode debug.
[2026-09-18T17:39:42.773] [DEBUG] debug-file - Picking option from product 'default' with build mode 'debug'.
[2026-09-18T17:39:42.773] [DEBUG] debug-file - Product 'default' build option initialized
[2026-09-18T17:39:42.773] [DEBUG] debug-file - End initialize project's product build option map with build mode 'debug'.
[2026-09-18T17:39:42.774] [DEBUG] debug-file - Obtain build option for product 'default'in this build.
[2026-09-18T17:39:42.775] [DEBUG] debug-file - /Users/yujiantao/DevEcoStudioProjects/bang/build/cache/default/remote_hsp/remoteHspCache.json not exists.
[2026-09-18T17:39:42.776] [DEBUG] debug-file - Start recording SDK configuration permission data.
[2026-09-18T17:39:42.815] [DEBUG] debug-file - Sdk init in 40 ms 
[2026-09-18T17:39:42.826] [DEBUG] debug-file - Project task initialization takes 10 ms 
[2026-09-18T17:39:42.826] [DEBUG] debug-file - hvigorfile, begin to bind custom plugins...
[2026-09-18T17:39:42.827] [DEBUG] debug-file - hvigorfile, no custom plugins were found in /Users/yujiantao/DevEcoStudioProjects/bang/hvigorfile.ts
[2026-09-18T17:39:42.827] [DEBUG] debug-file - hvigorfile, resolve finished /Users/yujiantao/DevEcoStudioProjects/bang/hvigorfile.ts
[2026-09-18T17:39:42.827] [DEBUG] debug-file - hvigorfile, resolving /Users/yujiantao/DevEcoStudioProjects/bang/entry/hvigorfile.ts
[2026-09-18T17:39:42.830] [DEBUG] debug-file - hvigorfile, require result:  { default: { plugins: [] } }
[2026-09-18T17:39:42.830] [DEBUG] debug-file - hvigorfile, binding system plugins null
[2026-09-18T17:39:42.830] [DEBUG] debug-file - Starting plugin build process
[2026-09-18T17:39:42.830] [DEBUG] debug-file - Hap plugin creating...
[2026-09-18T17:39:42.832] [DEBUG] debug-file - failed to load cangjie to dynamically generate schemas: Error: Cannot find module '@ohos/cangjie-build-support/index'
Require stack:
- /Applications/DevEco-Studio.app/Contents/tools/hvigor/hvigor-ohos-plugin/src/plugin/hooks/cangjie-register.js
- /Applications/DevEco-Studio.app/Contents/tools/hvigor/hvigor-ohos-plugin/src/plugin/strategy/stage-init-strategy.js
- /Applications/DevEco-Studio.app/Contents/tools/hvigor/hvigor-ohos-plugin/src/plugin/builder/abstract-plugin-builder.js
- /Applications/DevEco-Studio.app/Contents/tools/hvigor/hvigor-ohos-plugin/src/plugin/builder/app-plugin-builder.js
- /Applications/DevEco-Studio.app/Contents/tools/hvigor/hvigor-ohos-plugin/src/plugin/factory/plugin-factory.js
- /Applications/DevEco-Studio.app/Contents/tools/hvigor/hvigor-ohos-plugin/index.js
- /Users/yujiantao/DevEcoStudioProjects/bang/hvigorfile.ts
- /Applications/DevEco-Studio.app/Contents/tools/hvigor/hvigor/src/base/internal/lifecycle/configuration.js
- /Applications/DevEco-Studio.app/Contents/tools/hvigor/hvigor/src/base/boot/index.js
- /Applications/DevEco-Studio.app/Contents/tools/hvigor/hvigor/src/base/daemon/cluster/worker-process-lifecycle.js
- /Applications/DevEco-Studio.app/Contents/tools/hvigor/hvigor/src/base/daemon/process/daemon-process-boot-script.js
[2026-09-18T17:39:42.835] [DEBUG] debug-file - Start initialize module-target build option map, moduleName=entry, buildMode=debug
[2026-09-18T17:39:42.836] [DEBUG] debug-file - Target 'default' config initialized
[2026-09-18T17:39:42.837] [DEBUG] debug-file - Module 'entry' target 'default' build option initialized
[2026-09-18T17:39:42.837] [DEBUG] debug-file - End initialize module-target build option map, moduleName=entry
[2026-09-18T17:39:42.837] [DEBUG] debug-file - Start initialize module-target build option map, moduleName=entry, buildMode=release
[2026-09-18T17:39:42.837] [DEBUG] debug-file - Target 'default' config initialized
[2026-09-18T17:39:42.837] [DEBUG] debug-file - Module 'entry' target 'default' build option initialized
[2026-09-18T17:39:42.837] [DEBUG] debug-file - End initialize module-target build option map, moduleName=entry
[2026-09-18T17:39:42.837] [DEBUG] debug-file - Start initialize module-target build option map, moduleName=entry, buildMode=debug
[2026-09-18T17:39:42.837] [DEBUG] debug-file - Target 'default' config initialized
[2026-09-18T17:39:42.837] [DEBUG] debug-file - Module 'entry' target 'default' build option initialized
[2026-09-18T17:39:42.838] [DEBUG] debug-file - End initialize module-target build option map, moduleName=entry
[2026-09-18T17:39:42.838] [DEBUG] debug-file - Obtain build option for module 'entry' target 'default'in this build.
[2026-09-18T17:39:42.844] [DEBUG] debug-file - Module entry task initialization takes 5 ms 
[2026-09-18T17:39:42.845] [DEBUG] debug-file - Hap plugin register hook start...
[2026-09-18T17:39:42.845] [DEBUG] debug-file - Hap plugin register hook end...
[2026-09-18T17:39:42.845] [DEBUG] debug-file - Plugin build process completed
[2026-09-18T17:39:42.845] [DEBUG] debug-file - hvigorfile, begin to bind custom plugins...
[2026-09-18T17:39:42.845] [DEBUG] debug-file - hvigorfile, no custom plugins were found in /Users/yujiantao/DevEcoStudioProjects/bang/entry/hvigorfile.ts
[2026-09-18T17:39:42.845] [DEBUG] debug-file - hvigorfile, resolve finished /Users/yujiantao/DevEcoStudioProjects/bang/entry/hvigorfile.ts
[2026-09-18T17:39:42.987] [DEBUG] debug-file - hvigorfile, resolve hvigorfile dependencies in 140 ms 
[2026-09-18T17:39:42.987] [DEBUG] debug-file - project has submodules:entry
[2026-09-18T17:39:42.987] [DEBUG] debug-file - module:entry no need to execute packageHap
[2026-09-18T17:39:42.987] [DEBUG] debug-file - start to load updatedOhPackageInfo to the disk
[2026-09-18T17:39:42.988] [DEBUG] debug-file - load to the disk finished
[2026-09-18T17:39:42.988] [DEBUG] debug-file - Start to initialize dependency information.
[2026-09-18T17:39:42.988] [DEBUG] debug-file - Module bang Collected Dependency: 
[2026-09-18T17:39:42.988] [DEBUG] debug-file - Module bang's total dependency: 0
[2026-09-18T17:39:42.989] [DEBUG] debug-file - Start to initialize dependency information.
[2026-09-18T17:39:42.989] [DEBUG] debug-file - Module entry Collected Dependency: 
[2026-09-18T17:39:42.989] [DEBUG] debug-file - Module entry's total dependency: 0
[2026-09-18T17:39:42.989] [DEBUG] debug-file - Configuration phase cost:274 ms 
[2026-09-18T17:39:42.990] [DEBUG] debug-file - Configuration task cost before running: 309 ms 
[2026-09-18T17:39:42.992] [DEBUG] debug-file - Executing task :entry:default@PreBuild
[2026-09-18T17:39:42.994] [DEBUG] debug-file - Task 'entry:default@PreBuild' cost while wrapping incremental declarations: 1 ms 
[2026-09-18T17:39:42.995] [DEBUG] debug-file - entry:default@PreBuild is not up-to-date, since the task snapshots are different.
[2026-09-18T17:39:42.995] [DEBUG] debug-file - Incremental task entry:default@PreBuild pre-execution cost: 1 ms .
[2026-09-18T17:39:42.998] [DEBUG] debug-file - current product is not Atomic service.
[2026-09-18T17:39:42.998] [DEBUG] debug-file - Use tool [darwin: JAVA_HOME, CLASSPATH]
 [
  {
    JAVA_HOME: '/Applications/DevEco-Studio.app/Contents/jbr/Contents/Home'
  },
  { CLASSPATH: undefined }
]
[2026-09-18T17:39:42.998] [DEBUG] debug-file - Use tool [darwin: NODE_HOME]
 [
  {
    NODE_HOME: '/Applications/DevEco-Studio.app/Contents/tools/node/bin'
  }
]
[2026-09-18T17:39:42.998] [DEBUG] debug-file - entry : default@PreBuild cost memory 0.8990554809570312
[2026-09-18T17:39:42.998] [DEBUG] debug-file - runTaskFromQueue task cost before running: 317 ms 
[2026-09-18T17:39:42.998] [INFO] debug-file - Finished :entry:default@PreBuild... after 6 ms 
[2026-09-18T17:39:42.999] [DEBUG] debug-file - Executing task :entry:default@CreateModuleInfo
[2026-09-18T17:39:42.999] [DEBUG] debug-file - Task 'entry:default@CreateModuleInfo' cost while wrapping incremental declarations: 1 ms 
[2026-09-18T17:39:42.999] [DEBUG] debug-file - entry : default@CreateModuleInfo cost memory 0.0358123779296875
[2026-09-18T17:39:42.999] [DEBUG] debug-file - runTaskFromQueue task cost before running: 318 ms 
[2026-09-18T17:39:42.999] [INFO] debug-file - Finished :entry:default@CreateModuleInfo... after 1 ms 
[2026-09-18T17:39:42.999] [DEBUG] debug-file - Executing task :entry:default@GenerateMetadata
[2026-09-18T17:39:43.000] [DEBUG] debug-file - Task 'entry:default@GenerateMetadata' cost while wrapping incremental declarations: 1 ms 
[2026-09-18T17:39:43.000] [DEBUG] debug-file - Incremental task entry:default@GenerateMetadata pre-execution cost: 1 ms .
[2026-09-18T17:39:43.000] [DEBUG] debug-file - entry : default@GenerateMetadata cost memory 0.06832122802734375
[2026-09-18T17:39:43.000] [INFO] debug-file - UP-TO-DATE :entry:default@GenerateMetadata...  
[2026-09-18T17:39:43.001] [DEBUG] debug-file - Executing task :entry:default@ConfigureCmake
[2026-09-18T17:39:43.001] [DEBUG] debug-file - entry : default@ConfigureCmake cost memory 0.0135040283203125
[2026-09-18T17:39:43.001] [DEBUG] debug-file - runTaskFromQueue task cost before running: 319 ms 
[2026-09-18T17:39:43.001] [INFO] debug-file - Finished :entry:default@ConfigureCmake... after 1 ms 
[2026-09-18T17:39:43.001] [DEBUG] debug-file - Executing task :entry:default@MergeProfile
[2026-09-18T17:39:43.001] [DEBUG] debug-file - Task 'entry:default@MergeProfile' cost while wrapping incremental declarations: 1 ms 
[2026-09-18T17:39:43.002] [DEBUG] debug-file - Incremental task entry:default@MergeProfile pre-execution cost: 1 ms .
[2026-09-18T17:39:43.002] [DEBUG] debug-file - entry : default@MergeProfile cost memory 0.123321533203125
[2026-09-18T17:39:43.002] [INFO] debug-file - UP-TO-DATE :entry:default@MergeProfile...  
[2026-09-18T17:39:43.002] [DEBUG] debug-file - Executing task :entry:default@CreateBuildProfile
[2026-09-18T17:39:43.002] [DEBUG] debug-file - Task 'entry:default@CreateBuildProfile' cost while wrapping incremental declarations: 1 ms 
[2026-09-18T17:39:43.002] [DEBUG] debug-file - Incremental task entry:default@CreateBuildProfile pre-execution cost: 1 ms .
[2026-09-18T17:39:43.002] [DEBUG] debug-file - entry : default@CreateBuildProfile cost memory 0.07994842529296875
[2026-09-18T17:39:43.002] [INFO] debug-file - UP-TO-DATE :entry:default@CreateBuildProfile...  
[2026-09-18T17:39:43.003] [DEBUG] debug-file - Executing task :entry:default@PreCheckSyscap
[2026-09-18T17:39:43.003] [DEBUG] debug-file - entry : default@PreCheckSyscap cost memory 0.01372528076171875
[2026-09-18T17:39:43.003] [DEBUG] debug-file - runTaskFromQueue task cost before running: 321 ms 
[2026-09-18T17:39:43.003] [INFO] debug-file - Finished :entry:default@PreCheckSyscap... after 1 ms 
[2026-09-18T17:39:43.003] [DEBUG] debug-file - Executing task :entry:default@GeneratePkgContextInfo
[2026-09-18T17:39:43.006] [DEBUG] debug-file - Task 'entry:default@GeneratePkgContextInfo' cost while wrapping incremental declarations: 1 ms 
[2026-09-18T17:39:43.006] [DEBUG] debug-file - Incremental task entry:default@GeneratePkgContextInfo pre-execution cost: 1 ms .
[2026-09-18T17:39:43.006] [DEBUG] debug-file - entry : default@GeneratePkgContextInfo cost memory 0.198150634765625
[2026-09-18T17:39:43.006] [INFO] debug-file - UP-TO-DATE :entry:default@GeneratePkgContextInfo...  
[2026-09-18T17:39:43.007] [DEBUG] debug-file - Executing task :entry:default@GeneratePkgSdkInfo
[2026-09-18T17:39:43.008] [DEBUG] debug-file - Task 'entry:default@GeneratePkgSdkInfo' cost while wrapping incremental declarations: 1 ms 
[2026-09-18T17:39:43.008] [DEBUG] debug-file - entry : default@GeneratePkgSdkInfo cost memory 0.07030487060546875
[2026-09-18T17:39:43.008] [DEBUG] debug-file - runTaskFromQueue task cost before running: 327 ms 
[2026-09-18T17:39:43.009] [INFO] debug-file - Finished :entry:default@GeneratePkgSdkInfo... after 2 ms 
[2026-09-18T17:39:43.010] [DEBUG] debug-file - Executing task :entry:default@ProcessIntegratedHsp
[2026-09-18T17:39:43.010] [DEBUG] debug-file - entry:default@ProcessIntegratedHsp is not up-to-date, since the output file '/Users/yujiantao/DevEcoStudioProjects/bang/build/cache/default/integrated_hsp/integratedHspCache.json' does not exist.
[2026-09-18T17:39:43.010] [DEBUG] debug-file - Incremental task entry:default@ProcessIntegratedHsp pre-execution cost: 1 ms .
[2026-09-18T17:39:43.011] [DEBUG] debug-file - entry : default@ProcessIntegratedHsp cost memory 0.0709686279296875
[2026-09-18T17:39:43.011] [DEBUG] debug-file - runTaskFromQueue task cost before running: 330 ms 
[2026-09-18T17:39:43.011] [INFO] debug-file - Finished :entry:default@ProcessIntegratedHsp... after 1 ms 
[2026-09-18T17:39:43.012] [DEBUG] debug-file - Executing task :entry:default@BuildNativeWithCmake
[2026-09-18T17:39:43.012] [DEBUG] debug-file - entry : default@BuildNativeWithCmake cost memory 0.0135040283203125
[2026-09-18T17:39:43.012] [DEBUG] debug-file - runTaskFromQueue task cost before running: 331 ms 
[2026-09-18T17:39:43.012] [INFO] debug-file - Finished :entry:default@BuildNativeWithCmake... after 1 ms 
[2026-09-18T17:39:43.012] [DEBUG] debug-file - Executing task :entry:default@MakePackInfo
[2026-09-18T17:39:43.013] [DEBUG] debug-file - Incremental task entry:default@MakePackInfo pre-execution cost: 1 ms .
[2026-09-18T17:39:43.013] [DEBUG] debug-file - entry : default@MakePackInfo cost memory 0.091583251953125
[2026-09-18T17:39:43.013] [INFO] debug-file - UP-TO-DATE :entry:default@MakePackInfo...  
[2026-09-18T17:39:43.014] [DEBUG] debug-file - Executing task :entry:default@SyscapTransform
[2026-09-18T17:39:43.014] [DEBUG] debug-file - File: '/Users/yujiantao/DevEcoStudioProjects/bang/entry/src/main/syscap.json' from 'sysCapJsonPath' is not exists, just ignore.
[2026-09-18T17:39:43.014] [DEBUG] debug-file - Task 'entry:default@SyscapTransform' cost while wrapping incremental declarations: 1 ms 
[2026-09-18T17:39:43.015] [DEBUG] debug-file - entry:default@SyscapTransform is not up-to-date, since the output file '/Users/yujiantao/DevEcoStudioProjects/bang/entry/build/default/intermediates/syscap/default/rpcid.sc' does not exist.
[2026-09-18T17:39:43.015] [DEBUG] debug-file - Incremental task entry:default@SyscapTransform pre-execution cost: 1 ms .
[2026-09-18T17:39:43.015] [DEBUG] debug-file - entry : default@SyscapTransform cost memory 0.1174468994140625
[2026-09-18T17:39:43.016] [DEBUG] debug-file - runTaskFromQueue task cost before running: 334 ms 
[2026-09-18T17:39:43.016] [INFO] debug-file - Finished :entry:default@SyscapTransform... after 2 ms 
[2026-09-18T17:39:43.018] [DEBUG] debug-file - Executing task :entry:default@ProcessProfile
[2026-09-18T17:39:43.022] [DEBUG] debug-file - Task 'entry:default@ProcessProfile' cost while wrapping incremental declarations: 1 ms 
[2026-09-18T17:39:43.023] [DEBUG] debug-file - Incremental task entry:default@ProcessProfile pre-execution cost: 1 ms .
[2026-09-18T17:39:43.023] [DEBUG] debug-file - entry : default@ProcessProfile cost memory 0.12755584716796875
[2026-09-18T17:39:43.023] [INFO] debug-file - UP-TO-DATE :entry:default@ProcessProfile...  
[2026-09-18T17:39:43.024] [DEBUG] debug-file - Executing task :entry:default@ProcessRouterMap
[2026-09-18T17:39:43.024] [DEBUG] debug-file - Incremental task entry:default@ProcessRouterMap pre-execution cost: 1 ms .
[2026-09-18T17:39:43.024] [DEBUG] debug-file - entry : default@ProcessRouterMap cost memory 0.11823272705078125
[2026-09-18T17:39:43.024] [INFO] debug-file - UP-TO-DATE :entry:default@ProcessRouterMap...  
[2026-09-18T17:39:43.025] [DEBUG] debug-file - Executing task :entry:default@ProcessShareConfig
[2026-09-18T17:39:43.025] [DEBUG] debug-file - Incremental task entry:default@ProcessShareConfig pre-execution cost: 1 ms .
[2026-09-18T17:39:43.025] [DEBUG] debug-file - entry : default@ProcessShareConfig cost memory 0.1024322509765625
[2026-09-18T17:39:43.025] [INFO] debug-file - UP-TO-DATE :entry:default@ProcessShareConfig...  
[2026-09-18T17:39:43.025] [DEBUG] debug-file - Executing task :entry:default@ProcessStartupConfig
[2026-09-18T17:39:43.025] [DEBUG] debug-file - Task 'entry:default@ProcessStartupConfig' cost while wrapping incremental declarations: 1 ms 
[2026-09-18T17:39:43.025] [DEBUG] debug-file - entry:default@ProcessStartupConfig is not up-to-date, since the output file '/Users/yujiantao/DevEcoStudioProjects/bang/entry/build/default/intermediates/startup/default/startup_config.json' does not exist.
[2026-09-18T17:39:43.026] [DEBUG] debug-file - Incremental task entry:default@ProcessStartupConfig pre-execution cost: 1 ms .
[2026-09-18T17:39:43.026] [DEBUG] debug-file - entry : default@ProcessStartupConfig cost memory 0.10672760009765625
[2026-09-18T17:39:43.026] [DEBUG] debug-file - runTaskFromQueue task cost before running: 345 ms 
[2026-09-18T17:39:43.026] [INFO] debug-file - Finished :entry:default@ProcessStartupConfig... after 2 ms 
[2026-09-18T17:39:43.027] [DEBUG] debug-file - Executing task :entry:default@BuildNativeWithNinja
[2026-09-18T17:39:43.027] [DEBUG] debug-file - entry : default@BuildNativeWithNinja cost memory 0.01837158203125
[2026-09-18T17:39:43.027] [DEBUG] debug-file - runTaskFromQueue task cost before running: 346 ms 
[2026-09-18T17:39:43.029] [INFO] debug-file - Finished :entry:default@BuildNativeWithNinja... after 1 ms 
[2026-09-18T17:39:43.030] [DEBUG] debug-file - restool module names: entry; moduleName=entry, taskName=default@ProcessResource
[2026-09-18T17:39:43.034] [DEBUG] debug-file - Executing task :entry:default@ProcessResource
[2026-09-18T17:39:43.035] [DEBUG] debug-file - Task 'entry:default@ProcessResource' cost while wrapping incremental declarations: 1 ms 
[2026-09-18T17:39:43.035] [DEBUG] debug-file - Incremental task entry:default@ProcessResource pre-execution cost: 1 ms .
[2026-09-18T17:39:43.035] [DEBUG] debug-file - entry : default@ProcessResource cost memory 0.11277008056640625
[2026-09-18T17:39:43.035] [INFO] debug-file - UP-TO-DATE :entry:default@ProcessResource...  
[2026-09-18T17:39:43.037] [DEBUG] debug-file - Executing task :entry:default@GenerateLoaderJson
[2026-09-18T17:39:43.037] [DEBUG] debug-file - Task 'entry:default@GenerateLoaderJson' cost while wrapping incremental declarations: 1 ms 
[2026-09-18T17:39:43.039] [DEBUG] debug-file - Incremental task entry:default@GenerateLoaderJson pre-execution cost: 2 ms .
[2026-09-18T17:39:43.039] [DEBUG] debug-file - entry : default@GenerateLoaderJson cost memory 0.38890838623046875
[2026-09-18T17:39:43.040] [INFO] debug-file - UP-TO-DATE :entry:default@GenerateLoaderJson...  
[2026-09-18T17:39:43.040] [DEBUG] debug-file - Executing task :entry:default@ProcessLibs
[2026-09-18T17:39:43.041] [DEBUG] debug-file - Incremental task entry:default@ProcessLibs pre-execution cost: 1 ms .
[2026-09-18T17:39:43.041] [DEBUG] debug-file - entry : default@ProcessLibs cost memory 0.07186126708984375
[2026-09-18T17:39:43.041] [INFO] debug-file - UP-TO-DATE :entry:default@ProcessLibs...  
[2026-09-18T17:39:43.041] [DEBUG] debug-file - restool module names: entry; moduleName=entry, taskName=default@CompileResource
[2026-09-18T17:39:43.041] [DEBUG] debug-file - Executing task :entry:default@CompileResource
[2026-09-18T17:39:43.049] [DEBUG] debug-file - Incremental task entry:default@CompileResource pre-execution cost: 7 ms .
[2026-09-18T17:39:43.049] [DEBUG] debug-file - entry : default@CompileResource cost memory 0.6640167236328125
[2026-09-18T17:39:43.049] [INFO] debug-file - UP-TO-DATE :entry:default@CompileResource...  
[2026-09-18T17:39:43.050] [DEBUG] debug-file - Executing task :entry:default@DoNativeStrip
[2026-09-18T17:39:43.050] [DEBUG] debug-file - File: '/Users/yujiantao/DevEcoStudioProjects/bang/entry/build/default/intermediates/binxo/default' from 'doBinxoNativeLibs' is not exists, just ignore.
[2026-09-18T17:39:43.050] [DEBUG] debug-file - Task 'entry:default@DoNativeStrip' cost while wrapping incremental declarations: 1 ms 
[2026-09-18T17:39:43.050] [DEBUG] debug-file - Incremental task entry:default@DoNativeStrip pre-execution cost: 1 ms .
[2026-09-18T17:39:43.050] [DEBUG] debug-file - entry : default@DoNativeStrip cost memory 0.06964111328125
[2026-09-18T17:39:43.050] [INFO] debug-file - UP-TO-DATE :entry:default@DoNativeStrip...  
[2026-09-18T17:39:43.051] [DEBUG] debug-file - Executing task :entry:default@CompileArkTS
[2026-09-18T17:39:43.051] [DEBUG] debug-file - obfuscationOptions: undefined
[2026-09-18T17:39:43.051] [DEBUG] debug-file - Task 'entry:default@CompileArkTS' cost while wrapping incremental declarations: 1 ms 
[2026-09-18T17:39:43.057] [DEBUG] debug-file - entry:default@CompileArkTS is not up-to-date, since the input file '/Users/yujiantao/DevEcoStudioProjects/bang/entry/src/main/ets' has been changed.
[2026-09-18T17:39:43.057] [DEBUG] debug-file - Incremental task entry:default@CompileArkTS pre-execution cost: 6 ms .
[2026-09-18T17:39:43.073] [DEBUG] debug-file - build config:
[2026-09-18T17:39:43.074] [DEBUG] debug-file - {
  moduleType: 'entry',
  perf: 0,
  targetName: '.default',
  packageManagerType: 'ohpm',
  localPropertiesPath: '/Users/yujiantao/DevEcoStudioProjects/bang/local.properties',
  isPreview: false,
  isOhosTest: false,
  isLocalTest: false,
  buildMode: 'Debug',
  hotReloadBuild: undefined,
  watchMode: 'false',
  aceProfilePath: '/Users/yujiantao/DevEcoStudioProjects/bang/entry/build/default/intermediates/res/default/resources/base/profile',
  etsLoaderPath: '/Applications/DevEco-Studio.app/Contents/sdk/default/openharmony/ets/build-tools/ets-loader',
  modulePath: '/Users/yujiantao/DevEcoStudioProjects/bang/entry',
  testFrameworkPar: {
    testMode: undefined,
    coveragePathFilter: undefined,
    coverageMode: undefined
  },
  needCoverageInsert: false,
  debugLine: false,
  projectTopDir: '/Users/yujiantao/DevEcoStudioProjects/bang',
  compileSdkVersion: 24,
  compatibleSdkVersion: 12,
  originCompatibleSdkVersion: '5.0.0(12)',
  compatibleSdkVersionStage: 'beta1',
  bundleName: 'c***g',
  etsLoaderVersion: '6.1.1.125',
  etsLoaderReleaseType: 'Release',
  aotCompileMode: 'type',
  apPath: '/Users/yujiantao/DevEcoStudioProjects/bang/entry/modules.ap',
  entryModuleName: 'entry',
  entryModuleVersion: '1.0.0',
  entryPackageName: 'entry',
  allModuleNameHash: 'a0f1f6b39c100346c0a0d6c2c78f06287901f29efd59bf9215abebb99973443a',
  externalApiPaths: [ '/Applications/DevEco-Studio.app/Contents/sdk/default/hms/ets' ],
  compilerTypes: [],
  isCrossplatform: false,
  hvigorPluginFile: undefined,
  compilePluginPath: undefined,
  buildGeneratedProfilePath: '/Users/yujiantao/DevEcoStudioProjects/bang/entry/build/default/generated/profile/default',
  bundleType: 'app',
  arkTSVersion: undefined,
  apiVersion: 24,
  needCompleteSourcesMap: false,
  isFaMode: false,
  buildDir: '/Users/yujiantao/DevEcoStudioProjects/bang/entry/build',
  deviceTypes: [ 'phone', 'tablet', '2in1', 'wearable' ],
  pkgContextInfo: {
    entry: {
      packageName: 'entry',
      bundleName: '*****',
      moduleName: '',
      version: '',
      entryPath: 'src/main/',
      isSO: false,
      dependencyAlias: ''
    }
  },
  ohPackagePathMap: {},
  dependencyAliasMap: {},
  permission: {
    requestPermissions: [ [Object], [Object], [Object], [Object] ],
    definePermissions: undefined
  },
  useGetCurrentBundleName: false,
  projectArkOption: undefined,
  sourceMapDir: undefined,
  branchElimination: false,
  transformLib: undefined,
  tsImportSendable: false,
  resolveConflictMode: true,
  depName2RootPath: {},
  depName2DepInfo: {},
  depName2OhExports: {},
  rootPathSet: [ '/Users/yujiantao/DevEcoStudioProjects/bang' ],
  useNativeResolver: true,
  shouldEmitJs: true,
  useTscResolve: false,
  singleFileEmit: false,
  userProjectConfig: {
    autoLazyImport: false,
    allowEmptyBundleName: false,
    reExportCheckMode: 'noCheck',
    executionMode: 'memory',
    usePathPlaceholder: false,
    writeRollupCache: true,
    isExpandImportEnabled: false,
    expandImportExclude: '',
    lazyImportExclude: '',
    lazyImportInclude: '',
    ignoreCrossplatformCheck: false,
    isHarDeduplicateEnabled: false,
    skipOhModulesLint: false,
    enableStrictCheckOHModule: false,
    disableSendableCheckRules: [],
    useDeclarationFileSignature: false,
    customizedOptions: undefined,
    integratedHsp: false,
    isPreloadSoEnabled: false
  },
  executionMode: 'memory',
  arkCompileCachePath: '/Users/yujiantao/DevEcoStudioProjects/bang/entry/build/default/cache/default/default@CompileArkTS/esmodule',
  autoLazyFilter: undefined,
  isHarDeduplicateEnabled: false,
  intermediateHarDuplicateDirPath: '/Users/yujiantao/DevEcoStudioProjects/bang/entry/build/default/intermediates/har_duplicate/default',
  autoLazyImport: false,
  allowEmptyBundleName: false,
  reExportCheckMode: 'noCheck',
  usePathPlaceholder: false,
  writeRollupCache: true,
  isExpandImportEnabled: false,
  expandImportExclude: '',
  lazyImportExclude: '',
  lazyImportInclude: '',
  ignoreCrossplatformCheck: false,
  skipOhModulesLint: false,
  enableStrictCheckOHModule: false,
  disableSendableCheckRules: [],
  useDeclarationFileSignature: false,
  customizedOptions: undefined,
  integratedHsp: false,
  isPreloadSoEnabled: false,
  strictMode: {
    caseSensitiveCheck: true,
    useNormalizedOHMUrl: true,
    noExternalImportByPath: true
  },
  useNormalizedOHMUrl: true,
  caseSensitiveCheck: true,
  strictCheckerOnly: false,
  aceModuleJsonPath: '/Users/yujiantao/DevEcoStudioProjects/bang/entry/build/default/intermediates/res/default/ark_module.json',
  appResource: '/Users/yujiantao/DevEcoStudioProjects/bang/entry/build/default/intermediates/res/default/ResourceTable.txt',
  rawFileResource: '/Users/yujiantao/DevEcoStudioProjects/bang/entry/build/default/intermediates/res/default/resources/rawfile',
  resourceTableHash: 'e9a7d39e4c0834ee806c9512474476824fbde80b6bf661c30b39b52146d38e7e',
  runtimeOS: 'HarmonyOS',
  sdkInfo: 'false:24:6.1.1.125:Release',
  aceModuleRoot: '/Users/yujiantao/DevEcoStudioProjects/bang/entry/src/main/ets',
  compileMode: 'esmodule',
  aceSuperVisualPath: '/Users/yujiantao/DevEcoStudioProjects/bang/entry/src/main/supervisual',
  aceBuildJson: '/Users/yujiantao/DevEcoStudioProjects/bang/entry/build/default/intermediates/loader/default/loader.json',
  cachePath: '/Users/yujiantao/DevEcoStudioProjects/bang/entry/build/default/cache/default/default@CompileArkTS/esmodule/debug',
  aceModuleBuild: '/Users/yujiantao/DevEcoStudioProjects/bang/entry/build/default/intermediates/loader_out/default/ets',
  supportChunks: true,
  declaredFilesPath: undefined,
  shouldCollectDirectImportees: false,
  isByteCodeHarOptimize: false,
  expandImportPath: undefined,
  resourceTableTs: '/Users/yujiantao/DevEcoStudioProjects/bang/entry/build/default/generated/r/default/ResourceTable.ts',
  moduleMetaInfoFiles: [
    {
      filePath: '/Users/yujiantao/DevEcoStudioProjects/bang/entry/build/default/generated/r/default/ResourceTable.ts',
      ohmurl: '&entry/build/generated/r/ResourceTable&'
    }
  ],
  pkgNameToPkgBriefInfo: {
    entry: {
      pkgRoot: '/Users/yujiantao/DevEcoStudioProjects/bang/entry',
      originalSourceRoots: undefined,
      sourceRoots: [Array],
      pkgName: 'entry'
    }
  },
  projectModel: {
    '/Users/yujiantao/DevEcoStudioProjects/bang/entry/src/main': {
      moduleName: 'entry',
      modulePkgPath: '/Users/yujiantao/DevEcoStudioProjects/bang/entry',
      belongProjectPath: '/Users/yujiantao/DevEcoStudioProjects/bang'
    },
    '/Users/yujiantao/DevEcoStudioProjects/bang/entry': {
      moduleName: 'entry',
      modulePkgPath: '/Users/yujiantao/DevEcoStudioProjects/bang/entry',
      belongProjectPath: '/Users/yujiantao/DevEcoStudioProjects/bang'
    },
    '/Users/yujiantao/DevEcoStudioProjects/bang': {
      moduleName: 'bang',
      modulePkgPath: '/Users/yujiantao/DevEcoStudioProjects/bang',
      belongProjectPath: '/Users/yujiantao/DevEcoStudioProjects/bang'
    }
  },
  pkgJsonFileHash: '40b1841bbf357057c65feb3ac28ea243d081eae1882bb847cf02bca9ce23c51d',
  allModulePaths: [ '/Users/yujiantao/DevEcoStudioProjects/bang/entry' ],
  routerMap: {},
  obfuscationOptions: undefined,
  byteCodeHarToDependencyKeys: undefined,
  compileBlockPkg: [],
  mockParams: {
    decorator: '@MockSetup',
    packageName: '@ohos/hamock',
    etsSourceRootPath: 'src/main/ets',
    mockConfigPath: undefined,
    mockConfigKey2ModuleInfo: {},
    source2ModuleIdMap: {}
  },
  copyCodeResourceEnable: false,
  copyCodeResourceExcludes: [],
  copyCodeResourceIncludes: undefined,
  uiTransformOptimization: false,
  sdkPath: '/Applications/DevEco-Studio.app/Contents/sdk',
  needPreloadSoFileSet: {},
  preloadSoFilePath: '/Users/yujiantao/DevEcoStudioProjects/bang/entry/build/default/intermediates/preload/default/preload.json',
  useSourceHash: false,
  localModuleParamMap: {},
  otherPaths: {
    'entry/*': [ '../*', '../../../build/default/generated/profile/default/*' ]
  },
  collectImportersConfig: undefined
}
[2026-09-18T17:39:43.074] [DEBUG] debug-file - Compile arkts with external api path: /Applications/DevEco-Studio.app/Contents/sdk/default/hms/ets
[2026-09-18T17:39:43.075] [DEBUG] debug-file - default@CompileArkTS work[10] is submitted.
[2026-09-18T17:39:43.075] [DEBUG] debug-file - default@CompileArkTS work[10] is pushed to ready queue.
[2026-09-18T17:39:43.075] [DEBUG] debug-file - default@CompileArkTS work[10] is not dispatched.
[2026-09-18T17:39:43.075] [DEBUG] debug-file - entry : default@CompileArkTS cost memory 1.2444076538085938
[2026-09-18T17:39:43.076] [DEBUG] debug-file - Executing task :entry:default@BuildJS
[2026-09-18T17:39:43.076] [DEBUG] debug-file - Task 'entry:default@BuildJS' cost while wrapping incremental declarations: 1 ms 
[2026-09-18T17:39:43.077] [DEBUG] debug-file - entry : default@BuildJS cost memory 0.11895751953125
[2026-09-18T17:39:43.077] [DEBUG] debug-file - runTaskFromQueue task cost before running: 395 ms 
[2026-09-18T17:39:43.077] [INFO] debug-file - Finished :entry:default@BuildJS... after 1 ms 
[2026-09-18T17:39:43.077] [DEBUG] debug-file - Executing task :entry:default@CacheNativeLibs
[2026-09-18T17:39:43.078] [DEBUG] debug-file - File: '/Users/yujiantao/DevEcoStudioProjects/bang/entry/build/default/intermediates/binxo/default' from 'cacheBinxoNativeLibs' is not exists, just ignore.
[2026-09-18T17:39:43.078] [DEBUG] debug-file - Task 'entry:default@CacheNativeLibs' cost while wrapping incremental declarations: 1 ms 
[2026-09-18T17:39:43.078] [DEBUG] debug-file - Incremental task entry:default@CacheNativeLibs pre-execution cost: 1 ms .
[2026-09-18T17:39:43.078] [DEBUG] debug-file - entry : default@CacheNativeLibs cost memory 0.0802764892578125
[2026-09-18T17:39:43.078] [INFO] debug-file - UP-TO-DATE :entry:default@CacheNativeLibs...  
[2026-09-18T17:39:43.276] [DEBUG] debug-file - A work dispatched to worker[7] failed because unable to get work from ready queue.
[2026-09-18T17:39:43.276] [DEBUG] debug-file - A work dispatched to worker[6] failed because unable to get work from ready queue.
[2026-09-18T17:39:43.276] [DEBUG] debug-file - A work dispatched to worker[5] failed because unable to get work from ready queue.
[2026-09-18T17:39:43.276] [DEBUG] debug-file - default@CompileArkTS work[10] has been dispatched to worker[4].
[2026-09-18T17:39:48.853] [WARN] debug-file - [33mWARN: [33m[33mArkTS:WARN File: /Users/yujiantao/DevEcoStudioProjects/bang/entry/src/main/ets/service/SystemTrainingService.ets:98:75
 The system capacity of this api 'resultCode' is not supported on all devices
[39m[39m
[33mWARN: [33m[33mArkTS:WARN File: /Users/yujiantao/DevEcoStudioProjects/bang/entry/src/main/ets/service/SystemTrainingService.ets:98:105
 The system capacity of this api 'message' is not supported on all devices
[39m[39m
[33mWARN: [33m[33mArkTS:WARN File: /Users/yujiantao/DevEcoStudioProjects/bang/entry/src/main/ets/service/SystemTrainingService.ets:156:53
 The system capacity of this api 'liveViewManager' is not supported on all devices
[39m[39m
[33mWARN: [33m[33mArkTS:WARN File: /Users/yujiantao/DevEcoStudioProjects/bang/entry/src/main/ets/service/SystemTrainingService.ets:156:69
 The system capacity of this api 'isLiveViewEnabled' is not supported on all devices
[39m[39m
[33mWARN: [33m[33mArkTS:WARN File: /Users/yujiantao/DevEcoStudioProjects/bang/entry/src/main/ets/service/SystemTrainingService.ets:271:51
 The system capacity of this api 'liveViewManager' is not supported on all devices
[39m[39m
[33mWARN: [33m[33mArkTS:WARN File: /Users/yujiantao/DevEcoStudioProjects/bang/entry/src/main/ets/service/SystemTrainingService.ets:271:67
 The system capacity of this api 'stopLiveView' is not supported on all devices
[39m[39m
[33mWARN: [33m[33mArkTS:WARN File: /Users/yujiantao/DevEcoStudioProjects/bang/entry/src/main/ets/service/SystemTrainingService.ets:304:22
 The system capacity of this api 'liveViewManager' is not supported on all devices
[39m[39m
[33mWARN: [33m[33mArkTS:WARN File: /Users/yujiantao/DevEcoStudioProjects/bang/entry/src/main/ets/service/SystemTrainingService.ets:304:38
 The system capacity of this api 'getActiveLiveView' is not supported on all devices
[39m[39m
[33mWARN: [33m[33mArkTS:WARN File: /Users/yujiantao/DevEcoStudioProjects/bang/entry/src/main/ets/service/SystemTrainingService.ets:311:43
 The system capacity of this api 'sequence' is not supported on all devices
[39m[39m
[33mWARN: [33m[33mArkTS:WARN File: /Users/yujiantao/DevEcoStudioProjects/bang/entry/src/main/ets/service/SystemTrainingService.ets:311:79
 The system capacity of this api 'sequence' is not supported on all devices
[39m[39m
[33mWARN: [33m[33mArkTS:WARN File: /Users/yujiantao/DevEcoStudioProjects/bang/entry/src/main/ets/service/SystemTrainingService.ets:315:51
 The system capacity of this api 'liveViewManager' is not supported on all devices
[39m[39m
[33mWARN: [33m[33mArkTS:WARN File: /Users/yujiantao/DevEcoStudioProjects/bang/entry/src/main/ets/service/SystemTrainingService.ets:315:67
 The system capacity of this api 'stopLiveView' is not supported on all devices
[39m[39m
[33mWARN: [33m[33mArkTS:WARN File: /Users/yujiantao/DevEcoStudioProjects/bang/entry/src/main/ets/service/SystemTrainingService.ets:335:107
 The system capacity of this api 'liveViewManager' is not supported on all devices
[39m[39m
[33mWARN: [33m[33mArkTS:WARN File: /Users/yujiantao/DevEcoStudioProjects/bang/entry/src/main/ets/service/SystemTrainingService.ets:335:123
 The system capacity of this api 'startLiveView' is not supported on all devices
[39m[39m
[33mWARN: [33m[33mArkTS:WARN File: /Users/yujiantao/DevEcoStudioProjects/bang/entry/src/main/ets/service/SystemTrainingService.ets:336:27
 The system capacity of this api 'resultCode' is not supported on all devices
[39m[39m
[33mWARN: [33m[33mArkTS:WARN File: /Users/yujiantao/DevEcoStudioProjects/bang/entry/src/main/ets/service/SystemTrainingService.ets:337:69
 The system capacity of this api 'resultCode' is not supported on all devices
[39m[39m
[33mWARN: [33m[33mArkTS:WARN File: /Users/yujiantao/DevEcoStudioProjects/bang/entry/src/main/ets/service/SystemTrainingService.ets:337:104
 The system capacity of this api 'message' is not supported on all devices
[39m[39m
[33mWARN: [33m[33mArkTS:WARN File: /Users/yujiantao/DevEcoStudioProjects/bang/entry/src/main/ets/service/SystemTrainingService.ets:340:88
 The system capacity of this api 'resultCode' is not supported on all devices
[39m[39m
[33mWARN: [33m[33mArkTS:WARN File: /Users/yujiantao/DevEcoStudioProjects/bang/entry/src/main/ets/service/SystemTrainingService.ets:348:109
 The system capacity of this api 'liveViewManager' is not supported on all devices
[39m[39m
[33mWARN: [33m[33mArkTS:WARN File: /Users/yujiantao/DevEcoStudioProjects/bang/entry/src/main/ets/service/SystemTrainingService.ets:348:125
 The system capacity of this api 'startLiveView' is not supported on all devices
[39m[39m
[33mWARN: [33m[33mArkTS:WARN File: /Users/yujiantao/DevEcoStudioProjects/bang/entry/src/main/ets/service/SystemTrainingService.ets:349:29
 The system capacity of this api 'resultCode' is not supported on all devices
[39m[39m
[33mWARN: [33m[33mArkTS:WARN File: /Users/yujiantao/DevEcoStudioProjects/bang/entry/src/main/ets/service/SystemTrainingService.ets:350:77
 The system capacity of this api 'resultCode' is not supported on all devices
[39m[39m
[33mWARN: [33m[33mArkTS:WARN File: /Users/yujiantao/DevEcoStudioProjects/bang/entry/src/main/ets/service/SystemTrainingService.ets:350:112
 The system capacity of this api 'message' is not supported on all devices
[39m[39m
[33mWARN: [33m[33mArkTS:WARN File: /Users/yujiantao/DevEcoStudioProjects/bang/entry/src/main/ets/service/SystemTrainingService.ets:353:96
 The system capacity of this api 'resultCode' is not supported on all devices
[39m[39m
[33mWARN: [33m[33mArkTS:WARN File: /Users/yujiantao/DevEcoStudioProjects/bang/entry/src/main/ets/service/SystemTrainingService.ets:362:98
 The system capacity of this api 'liveViewManager' is not supported on all devices
[39m[39m
[33mWARN: [33m[33mArkTS:WARN File: /Users/yujiantao/DevEcoStudioProjects/bang/entry/src/main/ets/service/SystemTrainingService.ets:362:114
 The system capacity of this api 'updateLiveView' is not supported on all devices
[39m[39m
[33mWARN: [33m[33mArkTS:WARN File: /Users/yujiantao/DevEcoStudioProjects/bang/entry/src/main/ets/service/SystemTrainingService.ets:363:18
 The system capacity of this api 'resultCode' is not supported on all devices
[39m[39m
[33mWARN: [33m[33mArkTS:WARN File: /Users/yujiantao/DevEcoStudioProjects/bang/entry/src/main/ets/service/SystemTrainingService.ets:364:61
 The system capacity of this api 'resultCode' is not supported on all devices
[39m[39m
[33mWARN: [33m[33mArkTS:WARN File: /Users/yujiantao/DevEcoStudioProjects/bang/entry/src/main/ets/service/SystemTrainingService.ets:364:91
 The system capacity of this api 'message' is not supported on all devices
[39m[39m
[33mWARN: [33m[33mArkTS:WARN File: /Users/yujiantao/DevEcoStudioProjects/bang/entry/src/main/ets/service/SystemTrainingService.ets:366:80
 The system capacity of this api 'resultCode' is not supported on all devices
[39m[39m
[33mWARN: [33m[33mArkTS:WARN File: /Users/yujiantao/DevEcoStudioProjects/bang/entry/src/main/ets/service/SystemTrainingService.ets:375:58
 The system capacity of this api 'liveViewManager' is not supported on all devices
[39m[39m
[33mWARN: [33m[33mArkTS:WARN File: /Users/yujiantao/DevEcoStudioProjects/bang/entry/src/main/ets/service/SystemTrainingService.ets:375:74
 The system capacity of this api 'getActiveLiveView' is not supported on all devices
[39m[39m
[33mWARN: [33m[33mArkTS:WARN File: /Users/yujiantao/DevEcoStudioProjects/bang/entry/src/main/ets/service/SystemTrainingService.ets:376:49
 The system capacity of this api 'sequence' is not supported on all devices
[39m[39m
[33mWARN: [33m[33mArkTS:WARN File: /Users/yujiantao/DevEcoStudioProjects/bang/entry/src/main/ets/service/SystemTrainingService.ets:376:85
 The system capacity of this api 'sequence' is not supported on all devices
[39m[39m
[33mWARN: [33m[33mArkTS:WARN File: /Users/yujiantao/DevEcoStudioProjects/bang/entry/src/main/ets/service/SystemTrainingService.ets:381:110
 The system capacity of this api 'liveViewManager' is not supported on all devices
[39m[39m
[33mWARN: [33m[33mArkTS:WARN File: /Users/yujiantao/DevEcoStudioProjects/bang/entry/src/main/ets/service/SystemTrainingService.ets:381:126
 The system capacity of this api 'updateLiveView' is not supported on all devices
[39m[39m
[33mWARN: [33m[33mArkTS:WARN File: /Users/yujiantao/DevEcoStudioProjects/bang/entry/src/main/ets/service/SystemTrainingService.ets:382:30
 The system capacity of this api 'resultCode' is not supported on all devices
[39m[39m
[33mWARN: [33m[33mArkTS:WARN File: /Users/yujiantao/DevEcoStudioProjects/bang/entry/src/main/ets/service/SystemTrainingService.ets:384:101
 The system capacity of this api 'resultCode' is not supported on all devices
[39m[39m
[33mWARN: [33m[33mArkTS:WARN File: /Users/yujiantao/DevEcoStudioProjects/bang/entry/src/main/ets/service/SystemTrainingService.ets:387:71
 The system capacity of this api 'resultCode' is not supported on all devices
[39m[39m
[33mWARN: [33m[33mArkTS:WARN File: /Users/yujiantao/DevEcoStudioProjects/bang/entry/src/main/ets/service/SystemTrainingService.ets:387:109
 The system capacity of this api 'message' is not supported on all devices
[39m[39m
[33mWARN: [33m[33mArkTS:WARN File: /Users/yujiantao/DevEcoStudioProjects/bang/entry/src/main/ets/service/SystemTrainingService.ets:602:19
 The system capacity of this api 'liveViewManager' is not supported on all devices
[39m[39m
[33mWARN: [33m[33mArkTS:WARN File: /Users/yujiantao/DevEcoStudioProjects/bang/entry/src/main/ets/service/SystemTrainingService.ets:602:35
 The system capacity of this api 'ExtensionType' is not supported on all devices
[39m[39m
[33mWARN: [33m[33mArkTS:WARN File: /Users/yujiantao/DevEcoStudioProjects/bang/entry/src/main/ets/service/SystemTrainingService.ets:602:49
 The system capacity of this api 'EXTENSION_TYPE_CAPSULE_TEXT' is not supported on all devices
[39m[39m
[33mWARN: [33m[33mArkTS:WARN File: /Users/yujiantao/DevEcoStudioProjects/bang/entry/src/main/ets/service/SystemTrainingService.ets:606:25
 The system capacity of this api 'liveViewManager' is not supported on all devices
[39m[39m
[33mWARN: [33m[33mArkTS:WARN File: /Users/yujiantao/DevEcoStudioProjects/bang/entry/src/main/ets/service/SystemTrainingService.ets:606:41
 The system capacity of this api 'LayoutType' is not supported on all devices
[39m[39m
[33mWARN: [33m[33mArkTS:WARN File: /Users/yujiantao/DevEcoStudioProjects/bang/entry/src/main/ets/service/SystemTrainingService.ets:606:52
 The system capacity of this api 'LAYOUT_TYPE_PROGRESS' is not supported on all devices
[39m[39m
[33mWARN: [33m[33mArkTS:WARN File: /Users/yujiantao/DevEcoStudioProjects/bang/entry/src/main/ets/service/SystemTrainingService.ets:610:28
 The system capacity of this api 'liveViewManager' is not supported on all devices
[39m[39m
[33mWARN: [33m[33mArkTS:WARN File: /Users/yujiantao/DevEcoStudioProjects/bang/entry/src/main/ets/service/SystemTrainingService.ets:610:44
 The system capacity of this api 'IndicatorType' is not supported on all devices
[39m[39m
[33mWARN: [33m[33mArkTS:WARN File: /Users/yujiantao/DevEcoStudioProjects/bang/entry/src/main/ets/service/SystemTrainingService.ets:610:58
 The system capacity of this api 'INDICATOR_TYPE_UNDISPLAYED' is not supported on all devices
[39m[39m
[33mWARN: [33m[33mArkTS:WARN File: /Users/yujiantao/DevEcoStudioProjects/bang/entry/src/main/ets/service/SystemTrainingService.ets:611:23
 The system capacity of this api 'liveViewManager' is not supported on all devices
[39m[39m
[33mWARN: [33m[33mArkTS:WARN File: /Users/yujiantao/DevEcoStudioProjects/bang/entry/src/main/ets/service/SystemTrainingService.ets:611:39
 The system capacity of this api 'LineType' is not supported on all devices
[39m[39m
[33mWARN: [33m[33mArkTS:WARN File: /Users/yujiantao/DevEcoStudioProjects/bang/entry/src/main/ets/service/SystemTrainingService.ets:611:48
 The system capacity of this api 'LINE_TYPE_THICK_SOLID_LINE' is not supported on all devices
[39m[39m
[33mWARN: [33m[33mArkTS:WARN File: /Users/yujiantao/DevEcoStudioProjects/bang/entry/src/main/ets/service/SystemTrainingService.ets:623:17
 The system capacity of this api 'liveViewManager' is not supported on all devices
[39m[39m
[33mWARN: [33m[33mArkTS:WARN File: /Users/yujiantao/DevEcoStudioProjects/bang/entry/src/main/ets/service/SystemTrainingService.ets:623:33
 The system capacity of this api 'CapsuleType' is not supported on all devices
[39m[39m
[33mWARN: [33m[33mArkTS:WARN File: /Users/yujiantao/DevEcoStudioProjects/bang/entry/src/main/ets/service/SystemTrainingService.ets:623:45
 The system capacity of this api 'CAPSULE_TYPE_TIMER' is not supported on all devices
[39m[39m
[33mWARN: [33m[33mArkTS:WARN File: /Users/yujiantao/DevEcoStudioProjects/bang/entry/src/main/ets/service/VoiceService.ets:118:27
 The system capacity of this api 'stop' is not supported on all devices
[39m[39m
[33mWARN: [33m[33mArkTS:WARN File: /Users/yujiantao/DevEcoStudioProjects/bang/entry/src/main/ets/service/VoiceService.ets:189:31
 The system capacity of this api 'shutdown' is not supported on all devices
[39m[39m
[33mWARN: [33m[33mArkTS:WARN File: /Users/yujiantao/DevEcoStudioProjects/bang/entry/src/main/ets/service/VoiceService.ets:191:37
 The system capacity of this api 'textToSpeech' is not supported on all devices
[39m[39m
[33mWARN: [33m[33mArkTS:WARN File: /Users/yujiantao/DevEcoStudioProjects/bang/entry/src/main/ets/service/VoiceService.ets:191:50
 The system capacity of this api 'createEngine' is not supported on all devices
[39m[39m
[33mWARN: [33m[33mArkTS:WARN File: /Users/yujiantao/DevEcoStudioProjects/bang/entry/src/main/ets/service/VoiceService.ets:203:29
 The system capacity of this api 'setListener' is not supported on all devices
[39m[39m
[33mWARN: [33m[33mArkTS:WARN File: /Users/yujiantao/DevEcoStudioProjects/bang/entry/src/main/ets/service/VoiceService.ets:213:27
 The system capacity of this api 'speak' is not supported on all devices
[39m[39m

[2026-09-18T17:39:48.853] [DEBUG] debug-file - Ark compile task finished.finished time is 1499750740473208
[2026-09-18T17:39:48.858] [DEBUG] debug-file - worker[4] has one work done.
[2026-09-18T17:39:48.862] [DEBUG] debug-file - default@CompileArkTS work[10] done.
[2026-09-18T17:39:48.864] [INFO] debug-file - Finished :entry:default@CompileArkTS... after 5 s 568 ms 
[2026-09-18T17:39:48.867] [DEBUG] debug-file - Executing task :entry:default@GeneratePkgModuleJson
[2026-09-18T17:39:48.867] [DEBUG] debug-file - File: '/Users/yujiantao/DevEcoStudioProjects/bang/entry/build/default/intermediates/preload/default/preload.json' from 'preloadSoJsonPath' is not exists, just ignore.
[2026-09-18T17:39:48.867] [DEBUG] debug-file - Error occurs while handling @Input 'shouldDeduplicateHar': The "data" argument must be of type string or an instance of Buffer, TypedArray, or DataView. Received undefined
[2026-09-18T17:39:48.867] [DEBUG] debug-file - Task 'entry:default@GeneratePkgModuleJson' cost while wrapping incremental declarations: 1 ms 
[2026-09-18T17:39:48.868] [DEBUG] debug-file - Incremental task entry:default@GeneratePkgModuleJson pre-execution cost: 1 ms .
[2026-09-18T17:39:48.868] [DEBUG] debug-file - entry : default@GeneratePkgModuleJson cost memory 0.080718994140625
[2026-09-18T17:39:48.868] [INFO] debug-file - UP-TO-DATE :entry:default@GeneratePkgModuleJson...  
[2026-09-18T17:39:48.869] [DEBUG] debug-file - Executing task :entry:default@ProcessCompiledResources
[2026-09-18T17:39:48.869] [DEBUG] debug-file - File: '/Users/yujiantao/DevEcoStudioProjects/bang/entry/build/default/intermediates/preload/default/preload.json' from 'preloadSoJsonPath' is not exists, just ignore.
[2026-09-18T17:39:48.869] [DEBUG] debug-file - Task 'entry:default@ProcessCompiledResources' cost while wrapping incremental declarations: 1 ms 
[2026-09-18T17:39:48.869] [DEBUG] debug-file - entry : default@ProcessCompiledResources cost memory 0.05237579345703125
[2026-09-18T17:39:48.869] [DEBUG] debug-file - runTaskFromQueue task cost before running: 6 s 188 ms 
[2026-09-18T17:39:48.869] [INFO] debug-file - Finished :entry:default@ProcessCompiledResources... after 1 ms 
[2026-09-18T17:39:48.871] [DEBUG] debug-file - Executing task :entry:default@PackageHap
[2026-09-18T17:39:48.873] [DEBUG] debug-file - entry:default@PackageHap is not up-to-date, since the input file '/Users/yujiantao/DevEcoStudioProjects/bang/entry/build/default/intermediates/loader_out/default/ets' has been changed.
[2026-09-18T17:39:48.873] [DEBUG] debug-file - Incremental task entry:default@PackageHap pre-execution cost: 2 ms .
[2026-09-18T17:39:48.875] [DEBUG] debug-file - Use tool [/Applications/DevEco-Studio.app/Contents/sdk/default/openharmony/toolchains/lib/app_packing_tool.jar]
 [
  'java',
  '-Dfile.encoding=utf-8',
  '-jar',
  '/Applications/DevEco-Studio.app/Contents/sdk/default/openharmony/toolchains/lib/app_packing_tool.jar',
  '--mode',
  'hap',
  '--force',
  'true',
  '--lib-path',
  '/Users/yujiantao/DevEcoStudioProjects/bang/entry/build/default/intermediates/stripped_native_libs/default',
  '--json-path',
  '/Users/yujiantao/DevEcoStudioProjects/bang/entry/build/default/intermediates/package/default/module.json',
  '--resources-path',
  '/Users/yujiantao/DevEcoStudioProjects/bang/entry/build/default/intermediates/res/default/resources',
  '--index-path',
  '/Users/yujiantao/DevEcoStudioProjects/bang/entry/build/default/intermediates/res/default/resources.index',
  '--pack-info-path',
  '/Users/yujiantao/DevEcoStudioProjects/bang/entry/build/default/outputs/default/pack.info',
  '--out-path',
  '/Users/yujiantao/DevEcoStudioProjects/bang/entry/build/default/outputs/default/entry-default-unsigned.hap',
  '--ets-path',
  '/Users/yujiantao/DevEcoStudioProjects/bang/entry/build/default/intermediates/loader_out/default/ets',
  '--pkg-context-path',
  '/Users/yujiantao/DevEcoStudioProjects/bang/entry/build/default/intermediates/loader/default/pkgContextInfo.json'
]
[2026-09-18T17:39:48.875] [DEBUG] debug-file - default@PackageHap work[11] is submitted.
[2026-09-18T17:39:48.875] [DEBUG] debug-file - default@PackageHap work[11] is pushed to ready queue.
[2026-09-18T17:39:48.875] [DEBUG] debug-file - default@PackageHap work[11] is not dispatched.
[2026-09-18T17:39:48.879] [DEBUG] debug-file - entry : default@PackageHap cost memory 0.5257797241210938
[2026-09-18T17:39:49.280] [DEBUG] debug-file - A work dispatched to worker[7] failed because unable to get work from ready queue.
[2026-09-18T17:39:49.281] [DEBUG] debug-file - Create  resident worker with id: 6.
[2026-09-18T17:39:49.283] [DEBUG] debug-file - default@PackageHap work[11] has been dispatched to worker[6].
[2026-09-18T17:39:49.957] [DEBUG] debug-file - current process  memoryUsage: {
  rss: 447954944,
  heapTotal: 78675968,
  heapUsed: 59417584,
  external: 3258051,
  arrayBuffers: 1104597
} os memoryUsage :15.898117065429688
[2026-09-18T17:39:50.596] [DEBUG] debug-file - worker[6] has one work done.
[2026-09-18T17:39:50.597] [DEBUG] debug-file - default@PackageHap work[11] done.
[2026-09-18T17:39:50.598] [INFO] debug-file - Finished :entry:default@PackageHap... after 649 ms 
[2026-09-18T17:39:50.600] [DEBUG] debug-file - Executing task :entry:default@PackingCheck
[2026-09-18T17:39:50.604] [DEBUG] debug-file - entry : default@PackingCheck cost memory 0.5100555419921875
[2026-09-18T17:39:50.604] [DEBUG] debug-file - runTaskFromQueue task cost before running: 7 s 923 ms 
[2026-09-18T17:39:50.604] [INFO] debug-file - Finished :entry:default@PackingCheck... after 5 ms 
[2026-09-18T17:39:50.605] [DEBUG] debug-file - Executing task :entry:default@SignHap
[2026-09-18T17:39:50.605] [DEBUG] debug-file - entry:default@SignHap is not up-to-date, since the input file '/Users/yujiantao/DevEcoStudioProjects/bang/entry/build/default/outputs/default/entry-default-unsigned.hap' has been changed.
[2026-09-18T17:39:50.606] [DEBUG] debug-file - Incremental task entry:default@SignHap pre-execution cost: 1 ms .
[2026-09-18T17:39:50.697] [DEBUG] debug-file - A work dispatched to worker[6] failed because unable to get work from ready queue.
[2026-09-18T17:39:50.833] [DEBUG] debug-file - java daemon socket received message:{"code":0,"message":"verify profile success"}
[2026-09-18T17:39:50.836] [DEBUG] debug-file - java daemon socket close code:1000 reason:close by user
[2026-09-18T17:39:50.955] [DEBUG] debug-file - java daemon socket received message:{"code":0,"message":"sign app success"}
[2026-09-18T17:39:50.955] [DEBUG] debug-file - entry : default@SignHap cost memory 0.608917236328125
[2026-09-18T17:39:50.955] [DEBUG] debug-file - runTaskFromQueue task cost before running: 8 s 274 ms 
[2026-09-18T17:39:50.955] [INFO] debug-file - Finished :entry:default@SignHap... after 351 ms 
[2026-09-18T17:39:50.957] [DEBUG] debug-file - Executing task :entry:default@CollectDebugSymbol
[2026-09-18T17:39:50.957] [DEBUG] debug-file - entry : default@CollectDebugSymbol cost memory 0.078369140625
[2026-09-18T17:39:50.957] [DEBUG] debug-file - runTaskFromQueue task cost before running: 8 s 276 ms 
[2026-09-18T17:39:50.957] [INFO] debug-file - Finished :entry:default@CollectDebugSymbol... after 1 ms 
[2026-09-18T17:39:50.957] [DEBUG] debug-file - Executing task :entry:assembleHap
[2026-09-18T17:39:50.957] [DEBUG] debug-file - entry : assembleHap cost memory 0.01511383056640625
[2026-09-18T17:39:50.957] [DEBUG] debug-file - runTaskFromQueue task cost before running: 8 s 276 ms 
[2026-09-18T17:39:50.957] [INFO] debug-file - Finished :entry:assembleHap... after 1 ms 
[2026-09-18T17:39:50.958] [INFO] debug-file - BUILD SUCCESSFUL in 8 s 277 ms 
[2026-09-18T17:39:50.958] [DEBUG] debug-file - Update task entry:default@PreBuild input file:/Users/yujiantao/DevEcoStudioProjects/bang/AppScope/app.json5 cache by regenerate.
[2026-09-18T17:39:50.958] [DEBUG] debug-file - Update task entry:default@PreBuild input file:/Users/yujiantao/DevEcoStudioProjects/bang/entry/src/main/module.json5 cache by regenerate.
[2026-09-18T17:39:50.958] [DEBUG] debug-file - Update task entry:default@PreBuild input file:/Users/yujiantao/DevEcoStudioProjects/bang/build-profile.json5 cache by regenerate.
[2026-09-18T17:39:50.958] [DEBUG] debug-file - Update task entry:default@PreBuild input file:/Users/yujiantao/DevEcoStudioProjects/bang/entry/build-profile.json5 cache by regenerate.
[2026-09-18T17:39:50.959] [DEBUG] debug-file - Update task entry:default@PreBuild input file:/Users/yujiantao/DevEcoStudioProjects/bang/entry/src/main/resources/base/profile/main_pages.json cache by regenerate.
[2026-09-18T17:39:50.959] [DEBUG] debug-file - Update task entry:default@PreBuild input file:/Users/yujiantao/DevEcoStudioProjects/bang/hvigor/hvigor-config.json5 cache by regenerate.
[2026-09-18T17:39:50.960] [DEBUG] debug-file - Update task entry:default@PreBuild input file:/Users/yujiantao/DevEcoStudioProjects/bang/entry/oh-package.json5 cache by regenerate.
[2026-09-18T17:39:50.960] [DEBUG] debug-file - Update task entry:default@PreBuild input file:/Users/yujiantao/DevEcoStudioProjects/bang/oh-package.json5 cache by regenerate.
[2026-09-18T17:39:50.960] [DEBUG] debug-file - Incremental task entry:default@PreBuild post-execution cost:2 ms .
[2026-09-18T17:39:50.960] [DEBUG] debug-file - Update task entry:default@CreateModuleInfo output file:/Users/yujiantao/DevEcoStudioProjects/bang/entry/build/default/generated/profile/default/ModuleInfo.ts cache.
[2026-09-18T17:39:50.961] [DEBUG] debug-file - Incremental task entry:default@CreateModuleInfo post-execution cost:1 ms .
[2026-09-18T17:39:50.961] [DEBUG] debug-file - There is no need to refresh cache, since the incremental task entry:default@GenerateMetadata is up-to-date.
[2026-09-18T17:39:50.961] [DEBUG] debug-file - There is no need to refresh cache, since the incremental task entry:default@MergeProfile is up-to-date.
[2026-09-18T17:39:50.962] [DEBUG] debug-file - There is no need to refresh cache, since the incremental task entry:default@CreateBuildProfile is up-to-date.
[2026-09-18T17:39:50.962] [DEBUG] debug-file - There is no need to refresh cache, since the incremental task entry:default@GeneratePkgContextInfo is up-to-date.
[2026-09-18T17:39:50.962] [DEBUG] debug-file - Update task entry:default@GeneratePkgSdkInfo output file:/Users/yujiantao/DevEcoStudioProjects/bang/entry/build/default/intermediates/loader/default/pkgSdkInfo.json cache.
[2026-09-18T17:39:50.962] [DEBUG] debug-file - Incremental task entry:default@GeneratePkgSdkInfo post-execution cost:1 ms .
[2026-09-18T17:39:50.962] [DEBUG] debug-file - Update task entry:default@ProcessIntegratedHsp output file:/Users/yujiantao/DevEcoStudioProjects/bang/build/cache/default/integrated_hsp/integratedHspCache.json cache.
[2026-09-18T17:39:50.963] [DEBUG] debug-file - Incremental task entry:default@ProcessIntegratedHsp post-execution cost:1 ms .
[2026-09-18T17:39:50.963] [DEBUG] debug-file - There is no need to refresh cache, since the incremental task entry:default@MakePackInfo is up-to-date.
[2026-09-18T17:39:50.963] [DEBUG] debug-file - Update task entry:default@SyscapTransform input file:/Applications/DevEco-Studio.app/Contents/sdk/default/openharmony/toolchains/syscap_tool cache by regenerate.
[2026-09-18T17:39:50.963] [DEBUG] debug-file - Update task entry:default@SyscapTransform input file:/Applications/DevEco-Studio.app/Contents/sdk/default/openharmony/ets/api/device-define cache by regenerate.
[2026-09-18T17:39:50.963] [DEBUG] debug-file - Update task entry:default@SyscapTransform output file:/Users/yujiantao/DevEcoStudioProjects/bang/entry/build/default/intermediates/syscap/default/rpcid.sc cache.
[2026-09-18T17:39:50.964] [DEBUG] debug-file - Incremental task entry:default@SyscapTransform post-execution cost:1 ms .
[2026-09-18T17:39:50.964] [DEBUG] debug-file - There is no need to refresh cache, since the incremental task entry:default@ProcessProfile is up-to-date.
[2026-09-18T17:39:50.964] [DEBUG] debug-file - There is no need to refresh cache, since the incremental task entry:default@ProcessRouterMap is up-to-date.
[2026-09-18T17:39:50.964] [DEBUG] debug-file - There is no need to refresh cache, since the incremental task entry:default@ProcessShareConfig is up-to-date.
[2026-09-18T17:39:50.964] [DEBUG] debug-file - Update task entry:default@ProcessStartupConfig input file:/Users/yujiantao/DevEcoStudioProjects/bang/entry/build/default/intermediates/loader/default/pkgContextInfo.json cache by regenerate.
[2026-09-18T17:39:50.964] [DEBUG] debug-file - Update task entry:default@ProcessStartupConfig output file:/Users/yujiantao/DevEcoStudioProjects/bang/entry/build/default/intermediates/startup/default/startup_config.json cache.
[2026-09-18T17:39:50.964] [DEBUG] debug-file - Incremental task entry:default@ProcessStartupConfig post-execution cost:1 ms .
[2026-09-18T17:39:50.965] [DEBUG] debug-file - There is no need to refresh cache, since the incremental task entry:default@ProcessResource is up-to-date.
[2026-09-18T17:39:50.965] [DEBUG] debug-file - There is no need to refresh cache, since the incremental task entry:default@GenerateLoaderJson is up-to-date.
[2026-09-18T17:39:50.965] [DEBUG] debug-file - There is no need to refresh cache, since the incremental task entry:default@ProcessLibs is up-to-date.
[2026-09-18T17:39:50.965] [DEBUG] debug-file - There is no need to refresh cache, since the incremental task entry:default@CompileResource is up-to-date.
[2026-09-18T17:39:50.965] [DEBUG] debug-file - There is no need to refresh cache, since the incremental task entry:default@DoNativeStrip is up-to-date.
[2026-09-18T17:39:50.965] [DEBUG] debug-file - Update task entry:default@CompileArkTS input file:/Users/yujiantao/DevEcoStudioProjects/bang/entry/build/default/intermediates/loader/default cache by regenerate.
[2026-09-18T17:39:50.965] [DEBUG] debug-file - Update task entry:default@CompileArkTS input file:/Users/yujiantao/DevEcoStudioProjects/bang/entry/build/default/intermediates/res/default/resources/rawfile cache by regenerate.
[2026-09-18T17:39:50.966] [DEBUG] debug-file - Update task entry:default@CompileArkTS input file:/Users/yujiantao/DevEcoStudioProjects/bang/entry/build/default/intermediates/res/default/ResourceTable.txt cache by regenerate.
[2026-09-18T17:39:50.966] [DEBUG] debug-file - Update task entry:default@CompileArkTS input file:/Users/yujiantao/DevEcoStudioProjects/bang/entry/build/default/intermediates/res/default/ark_module.json cache by regenerate.
[2026-09-18T17:39:50.967] [DEBUG] debug-file - Update task entry:default@CompileArkTS input file:/Users/yujiantao/DevEcoStudioProjects/bang/entry/build/default/intermediates/res/default/resources/base/profile cache by regenerate.
[2026-09-18T17:39:50.967] [DEBUG] debug-file - Update task entry:default@CompileArkTS input file:/Users/yujiantao/DevEcoStudioProjects/bang/entry/src/main/ets cache from map.
[2026-09-18T17:39:50.967] [DEBUG] debug-file - Update task entry:default@CompileArkTS input file:/Users/yujiantao/DevEcoStudioProjects/bang/entry/build/default/intermediates/loader/default/pkgContextInfo.json cache by regenerate.
[2026-09-18T17:39:50.967] [DEBUG] debug-file - Update task entry:default@CompileArkTS input file:/Users/yujiantao/DevEcoStudioProjects/bang/entry/build/default/generated/profile/default/BuildProfile.ets cache by regenerate.
[2026-09-18T17:39:50.967] [DEBUG] debug-file - Update task entry:default@CompileArkTS output file:/Users/yujiantao/DevEcoStudioProjects/bang/entry/build/default/intermediates/loader_out/default/ets cache.
[2026-09-18T17:39:50.967] [DEBUG] debug-file - Incremental task entry:default@CompileArkTS post-execution cost:2 ms .
[2026-09-18T17:39:50.967] [DEBUG] debug-file - Update task entry:default@BuildJS input file:/Users/yujiantao/DevEcoStudioProjects/bang/entry/build/default/intermediates/loader/default cache by regenerate.
[2026-09-18T17:39:50.967] [DEBUG] debug-file - Update task entry:default@BuildJS input file:/Users/yujiantao/DevEcoStudioProjects/bang/entry/build/default/intermediates/res/default/resources/rawfile cache by regenerate.
[2026-09-18T17:39:50.968] [DEBUG] debug-file - Update task entry:default@BuildJS input file:/Users/yujiantao/DevEcoStudioProjects/bang/entry/build/default/intermediates/res/default/ResourceTable.txt cache by regenerate.
[2026-09-18T17:39:50.968] [DEBUG] debug-file - Update task entry:default@BuildJS input file:/Users/yujiantao/DevEcoStudioProjects/bang/entry/build/default/intermediates/res/default/ark_module.json cache by regenerate.
[2026-09-18T17:39:50.968] [DEBUG] debug-file - Update task entry:default@BuildJS input file:/Users/yujiantao/DevEcoStudioProjects/bang/entry/build/default/intermediates/res/default/resources/base/profile cache by regenerate.
[2026-09-18T17:39:50.968] [DEBUG] debug-file - Update task entry:default@BuildJS input file:/Users/yujiantao/DevEcoStudioProjects/bang/entry/build/default/intermediates/loader/default/pkgContextInfo.json cache by regenerate.
[2026-09-18T17:39:50.968] [DEBUG] debug-file - Update task entry:default@BuildJS output file:/Users/yujiantao/DevEcoStudioProjects/bang/entry/build/default/intermediates/loader_out/default/js cache.
[2026-09-18T17:39:50.968] [DEBUG] debug-file - Incremental task entry:default@BuildJS post-execution cost:2 ms .
[2026-09-18T17:39:50.968] [DEBUG] debug-file - There is no need to refresh cache, since the incremental task entry:default@CacheNativeLibs is up-to-date.
[2026-09-18T17:39:50.968] [DEBUG] debug-file - There is no need to refresh cache, since the incremental task entry:default@GeneratePkgModuleJson is up-to-date.
[2026-09-18T17:39:50.968] [DEBUG] debug-file - Incremental task entry:default@ProcessCompiledResources post-execution cost:1 ms .
[2026-09-18T17:39:50.968] [DEBUG] debug-file - Update task entry:default@PackageHap input file:/Users/yujiantao/DevEcoStudioProjects/bang/entry/build/default/intermediates/stripped_native_libs/default cache by regenerate.
[2026-09-18T17:39:50.968] [DEBUG] debug-file - Update task entry:default@PackageHap input file:/Users/yujiantao/DevEcoStudioProjects/bang/entry/build/default/intermediates/res/default/module.json cache by regenerate.
[2026-09-18T17:39:50.969] [DEBUG] debug-file - Update task entry:default@PackageHap input file:/Users/yujiantao/DevEcoStudioProjects/bang/entry/build/default/intermediates/res/default/resources cache by regenerate.
[2026-09-18T17:39:50.970] [DEBUG] debug-file - Update task entry:default@PackageHap input file:/Users/yujiantao/DevEcoStudioProjects/bang/entry/build/default/intermediates/res/default/resources.index cache by regenerate.
[2026-09-18T17:39:50.970] [DEBUG] debug-file - Update task entry:default@PackageHap input file:/Users/yujiantao/DevEcoStudioProjects/bang/entry/build/default/outputs/default/pack.info cache by regenerate.
[2026-09-18T17:39:50.970] [DEBUG] debug-file - Update task entry:default@PackageHap input file:/Users/yujiantao/DevEcoStudioProjects/bang/entry/build/default/intermediates/loader_out/default/ets cache from map.
[2026-09-18T17:39:50.970] [DEBUG] debug-file - Update task entry:default@PackageHap input file:/Users/yujiantao/DevEcoStudioProjects/bang/entry/build/default/intermediates/loader/default/pkgContextInfo.json cache by regenerate.
[2026-09-18T17:39:50.970] [DEBUG] debug-file - Update task entry:default@PackageHap input file:/Users/yujiantao/DevEcoStudioProjects/bang/entry/build/default/intermediates/loader_out/default/ets/sourceMaps.map cache by regenerate.
[2026-09-18T17:39:50.970] [DEBUG] debug-file - Update task entry:default@PackageHap input file:/Users/yujiantao/DevEcoStudioProjects/bang/entry/build/default/generated/profile/default/BuildProfile.ets cache by regenerate.
[2026-09-18T17:39:50.970] [DEBUG] debug-file - Update task entry:default@PackageHap output file:/Users/yujiantao/DevEcoStudioProjects/bang/entry/build/default/outputs/default/entry-default-unsigned.hap cache.
[2026-09-18T17:39:50.970] [DEBUG] debug-file - Update task entry:default@PackageHap output file:/Users/yujiantao/DevEcoStudioProjects/bang/entry/build/default/intermediates/source_map/default/sourceMaps.map cache.
[2026-09-18T17:39:50.970] [DEBUG] debug-file - Update task entry:default@PackageHap output file:/Users/yujiantao/DevEcoStudioProjects/bang/entry/build/default/outputs/default/mapping/sourceMaps.map cache.
[2026-09-18T17:39:50.970] [DEBUG] debug-file - Incremental task entry:default@PackageHap post-execution cost:2 ms .
[2026-09-18T17:39:50.970] [DEBUG] debug-file - Update task entry:default@SignHap input file:/Users/yujiantao/.ohos/config/auto_bang_7YrzqJE1rIOdvZ_BTS9A9UF3By8y4SWYB3-MGJb9VSs=.cer cache by regenerate.
[2026-09-18T17:39:50.970] [DEBUG] debug-file - Update task entry:default@SignHap input file:/Users/yujiantao/.ohos/config/auto_bang_7YrzqJE1rIOdvZ_BTS9A9UF3By8y4SWYB3-MGJb9VSs=.p7b cache by regenerate.
[2026-09-18T17:39:50.970] [DEBUG] debug-file - Update task entry:default@SignHap input file:/Users/yujiantao/.ohos/config/auto_bang_7YrzqJE1rIOdvZ_BTS9A9UF3By8y4SWYB3-MGJb9VSs=.p12 cache by regenerate.
[2026-09-18T17:39:50.970] [DEBUG] debug-file - Update task entry:default@SignHap input file:/Users/yujiantao/DevEcoStudioProjects/bang/entry/build/default/outputs/default/entry-default-unsigned.hap cache from map.
[2026-09-18T17:39:50.970] [DEBUG] debug-file - Update task entry:default@SignHap output file:/Users/yujiantao/DevEcoStudioProjects/bang/entry/build/default/outputs/default/entry-default-signed.hap cache.
[2026-09-18T17:39:50.970] [DEBUG] debug-file - Incremental task entry:default@SignHap post-execution cost:1 ms .
[2026-09-18T17:39:50.970] [DEBUG] debug-file - Update task entry:default@CollectDebugSymbol input file:/Users/yujiantao/DevEcoStudioProjects/bang/entry/build/default/intermediates/loader_out/default/ets/sourceMaps.map cache by regenerate.
[2026-09-18T17:39:50.970] [DEBUG] debug-file - Update task entry:default@CollectDebugSymbol input file:/Users/yujiantao/DevEcoStudioProjects/bang/entry/build/default/intermediates/libs/default cache by regenerate.
[2026-09-18T17:39:50.970] [DEBUG] debug-file - Update task entry:default@CollectDebugSymbol output file:/Users/yujiantao/DevEcoStudioProjects/bang/entry/build/default/outputs/default/symbol cache.
[2026-09-18T17:39:50.970] [DEBUG] debug-file - Incremental task entry:default@CollectDebugSymbol post-execution cost:1 ms .
[2026-09-18T17:39:50.979] [DEBUG] debug-file - Cleanup worker 6.
[2026-09-18T17:39:50.979] [DEBUG] debug-file - Worker 6 has been cleaned up.
[2026-09-18T17:39:50.979] [DEBUG] debug-file - Current idle worker size: 1.
[2026-09-18T17:39:50.979] [DEBUG] debug-file - Current resident worker size: 2.
[2026-09-18T17:39:50.979] [DEBUG] debug-file - hvigor build process will be closed.
[2026-09-18T17:39:50.980] [DEBUG] debug-file - java daemon socket close code:1000 reason:close by user
[2026-09-18T17:39:50.988] [DEBUG] debug-file - worker[6] exits with exit code 1.
[2026-09-18T17:39:50.991] [DEBUG] debug-file - session manager: send message to worker process.
[2026-09-18T17:39:50.991] [DEBUG] debug-file - session manager: send message to worker process.
[2026-09-18T17:39:50.992] [DEBUG] debug-file - watch worker: worker id should be larger than 0. Nothing will be sent to any worker thread.
[2026-09-18T17:39:50.993] [DEBUG] debug-file - watch worker: worker id should be larger than 0. Nothing will be sent to any worker thread.
[2026-09-18T17:40:04.397] [DEBUG] debug-file - env: nodejsVersion=v22.21.1
[2026-09-18T17:40:04.600] [DEBUG] debug-file - Hvigor init with startParameters:{
  hvigorfileTypeCheck: false,
  parallelExecution: true,
  incrementalExecution: true,
  printStackTrace: false,
  daemon: false,
  analyze: 0,
  logLevel: Level { level: 20000, levelStr: 'INFO', colour: 'green' },
  optimizationStrategy: 'memory',
  hotCompile: undefined,
  hotReloadBuild: undefined,
  customizedParam: undefined
}
[2026-09-18T17:40:05.699] [DEBUG] debug-file - hvigorfile, require result:  { default: { system: [Function: appTasks], plugins: [] } }
[2026-09-18T17:40:05.702] [DEBUG] debug-file - Starting plugin build process
[2026-09-18T17:40:05.820] [DEBUG] debug-file - App plugin register hook start...
[2026-09-18T17:40:05.821] [DEBUG] debug-file - Start initialize project's product build option map with build mode debug.
[2026-09-18T17:40:05.828] [DEBUG] debug-file - Start recording SDK configuration permission data.
[2026-09-18T17:40:05.823] [DEBUG] debug-file - Obtain build option for product 'default'in this build.
[2026-09-18T17:40:05.862] [DEBUG] debug-file - failed to load cangjie to dynamically generate schemas: Error: Cannot find module '@ohos/cangjie-build-support/index'
Require stack:
- /Applications/DevEco-Studio.app/Contents/tools/hvigor/hvigor-ohos-plugin/src/plugin/hooks/cangjie-register.js
- /Applications/DevEco-Studio.app/Contents/tools/hvigor/hvigor-ohos-plugin/src/plugin/strategy/stage-init-strategy.js
- /Applications/DevEco-Studio.app/Contents/tools/hvigor/hvigor-ohos-plugin/src/plugin/builder/abstract-plugin-builder.js
- /Applications/DevEco-Studio.app/Contents/tools/hvigor/hvigor-ohos-plugin/src/plugin/builder/app-plugin-builder.js
- /Applications/DevEco-Studio.app/Contents/tools/hvigor/hvigor-ohos-plugin/src/plugin/factory/plugin-factory.js
- /Applications/DevEco-Studio.app/Contents/tools/hvigor/hvigor-ohos-plugin/index.js
- /Users/yujiantao/DevEcoStudioProjects/bang/hvigorfile.ts
- /Applications/DevEco-Studio.app/Contents/tools/hvigor/hvigor/src/base/internal/lifecycle/configuration.js
- /Applications/DevEco-Studio.app/Contents/tools/hvigor/hvigor/src/base/boot/index.js
- /Applications/DevEco-Studio.app/Contents/tools/hvigor/hvigor/src/cli/main/cli.js
- /Applications/DevEco-Studio.app/Contents/tools/hvigor/hvigor/bin/hvigor.js
[2026-09-18T17:40:05.851] [DEBUG] debug-file - Project task initialization takes 4 ms 
[2026-09-18T17:40:05.871] [DEBUG] debug-file - Start initialize module-target build option map, moduleName=entry, buildMode=debug
[2026-09-18T17:40:05.878] [DEBUG] debug-file - start to load updatedOhPackageInfo to the disk
[2026-09-18T17:40:05.890] [DEBUG] debug-file - Executing task :entry:default@PreBuild
[2026-09-18T17:40:05.883] [DEBUG] debug-file - Start to initialize dependency information.
[2026-09-18T17:40:05.994] [DEBUG] debug-file - Executing task :entry:default@GenerateMetadata
[2026-09-18T17:40:05.999] [DEBUG] debug-file - Executing task :entry:default@CreateBuildProfile
[2026-09-18T17:40:06.002] [DEBUG] debug-file - Executing task :entry:default@GeneratePkgContextInfo
[2026-09-18T17:40:06.011] [DEBUG] debug-file - Executing task :entry:default@ProcessIntegratedHsp
[2026-09-18T17:40:06.000] [DEBUG] debug-file - Executing task :entry:default@PreCheckSyscap
[2026-09-18T17:40:06.012] [DEBUG] debug-file - Executing task :entry:default@BuildNativeWithCmake
[2026-09-18T17:40:06.012] [DEBUG] debug-file - Executing task :entry:default@MakePackInfo
[2026-09-18T17:40:06.039] [DEBUG] debug-file - Executing task :entry:default@ProcessProfile
[2026-09-18T17:40:06.042] [DEBUG] debug-file - Executing task :entry:default@ProcessRouterMap
[2026-09-18T17:40:06.014] [DEBUG] debug-file - Executing task :entry:default@SyscapTransform
[2026-09-18T17:40:06.047] [DEBUG] debug-file - Executing task :entry:default@ProcessShareConfig
[2026-09-18T17:40:06.050] [DEBUG] debug-file - Executing task :entry:default@ProcessStartupConfig
[2026-09-18T17:40:06.062] [DEBUG] debug-file - Executing task :entry:default@ProcessResource
[2026-09-18T17:40:06.066] [DEBUG] debug-file - Executing task :entry:default@GenerateLoaderJson
[2026-09-18T17:40:06.079] [DEBUG] debug-file - Executing task :entry:default@CompileResource
[2026-09-18T17:40:06.053] [DEBUG] debug-file - Executing task :entry:default@BuildNativeWithNinja
[2026-09-18T17:40:06.090] [DEBUG] debug-file - Executing task :entry:default@CompileArkTS
[2026-09-18T17:40:06.108] [DEBUG] debug-file - Create  resident worker with id: 0.
[2026-09-18T17:40:06.087] [DEBUG] debug-file - Executing task :entry:default@DoNativeStrip
[2026-09-18T17:40:06.076] [DEBUG] debug-file - Executing task :entry:default@ProcessLibs
[2026-09-18T17:40:06.129] [DEBUG] debug-file - Executing task :entry:default@BuildJS
[2026-09-18T17:40:06.133] [DEBUG] debug-file - Executing task :entry:default@CacheNativeLibs
[2026-09-18T17:40:05.877] [DEBUG] debug-file - project has submodules:entry
[2026-09-18T17:40:04.398] [DEBUG] debug-file - env: hvigor-config.json5 content = {
  modelVersion: '5.0.0',
  dependencies: {},
  execution: {},
  logging: {},
  debugging: {},
  nodeOptions: {}
}
[2026-09-18T17:40:04.605] [DEBUG] debug-file - Cache service initialization finished in 5 ms 
[2026-09-18T17:40:05.699] [DEBUG] debug-file - hvigorfile, binding system plugins [Function: appTasks]
[2026-09-18T17:40:05.702] [DEBUG] debug-file - App plugin prepare start...
[2026-09-18T17:40:05.820] [DEBUG] debug-file - App plugin register hook end...
[2026-09-18T17:40:05.821] [DEBUG] debug-file - Picking option from product 'default' with build mode 'debug'.
[2026-09-18T17:40:05.847] [DEBUG] debug-file - Sdk init in 22 ms 
[2026-09-18T17:40:05.824] [DEBUG] debug-file - /Users/yujiantao/DevEcoStudioProjects/bang/build/cache/default/remote_hsp/remoteHspCache.json not exists.
[2026-09-18T17:40:05.851] [DEBUG] debug-file - hvigorfile, begin to bind custom plugins...
[2026-09-18T17:40:05.871] [DEBUG] debug-file - Target 'default' config initialized
[2026-09-18T17:40:05.880] [DEBUG] debug-file - load to the disk finished
[2026-09-18T17:40:05.892] [DEBUG] debug-file - Task 'entry:default@PreBuild' cost while wrapping incremental declarations: 1 ms 
[2026-09-18T17:40:05.883] [DEBUG] debug-file - Module entry Collected Dependency: 
[2026-09-18T17:40:05.994] [DEBUG] debug-file - Task 'entry:default@GenerateMetadata' cost while wrapping incremental declarations: 1 ms 
[2026-09-18T17:40:05.999] [DEBUG] debug-file - Task 'entry:default@CreateBuildProfile' cost while wrapping incremental declarations: 1 ms 
[2026-09-18T17:40:06.007] [DEBUG] debug-file - Task 'entry:default@GeneratePkgContextInfo' cost while wrapping incremental declarations: 1 ms 
[2026-09-18T17:40:06.011] [DEBUG] debug-file - entry:default@ProcessIntegratedHsp is not up-to-date, since the output file '/Users/yujiantao/DevEcoStudioProjects/bang/build/cache/default/integrated_hsp/integratedHspCache.json' does not exist.
[2026-09-18T17:40:06.001] [DEBUG] debug-file - entry : default@PreCheckSyscap cost memory 0.0196075439453125
[2026-09-18T17:40:06.012] [DEBUG] debug-file - entry : default@BuildNativeWithCmake cost memory 0.0174102783203125
[2026-09-18T17:40:06.013] [DEBUG] debug-file - Incremental task entry:default@MakePackInfo pre-execution cost: 1 ms .
[2026-09-18T17:40:06.040] [DEBUG] debug-file - Task 'entry:default@ProcessProfile' cost while wrapping incremental declarations: 1 ms 
[2026-09-18T17:40:06.046] [DEBUG] debug-file - Incremental task entry:default@ProcessRouterMap pre-execution cost: 4 ms .
[2026-09-18T17:40:06.015] [DEBUG] debug-file - File: '/Users/yujiantao/DevEcoStudioProjects/bang/entry/src/main/syscap.json' from 'sysCapJsonPath' is not exists, just ignore.
[2026-09-18T17:40:06.049] [DEBUG] debug-file - Incremental task entry:default@ProcessShareConfig pre-execution cost: 1 ms .
[2026-09-18T17:40:06.051] [DEBUG] debug-file - Task 'entry:default@ProcessStartupConfig' cost while wrapping incremental declarations: 1 ms 
[2026-09-18T17:40:06.062] [DEBUG] debug-file - Task 'entry:default@ProcessResource' cost while wrapping incremental declarations: 1 ms 
[2026-09-18T17:40:06.067] [DEBUG] debug-file - Task 'entry:default@GenerateLoaderJson' cost while wrapping incremental declarations: 1 ms 
[2026-09-18T17:40:06.086] [DEBUG] debug-file - Incremental task entry:default@CompileResource pre-execution cost: 6 ms .
[2026-09-18T17:40:06.091] [DEBUG] debug-file - obfuscationOptions: undefined
[2026-09-18T17:40:06.110] [DEBUG] debug-file - Create  resident worker with id: 1.
[2026-09-18T17:40:06.087] [DEBUG] debug-file - File: '/Users/yujiantao/DevEcoStudioProjects/bang/entry/build/default/intermediates/binxo/default' from 'doBinxoNativeLibs' is not exists, just ignore.
[2026-09-18T17:40:06.133] [DEBUG] debug-file - File: '/Users/yujiantao/DevEcoStudioProjects/bang/entry/build/default/intermediates/binxo/default' from 'cacheBinxoNativeLibs' is not exists, just ignore.
[2026-09-18T17:40:06.129] [DEBUG] debug-file - Task 'entry:default@BuildJS' cost while wrapping incremental declarations: 1 ms 
[2026-09-18T17:40:06.054] [DEBUG] debug-file - entry : default@BuildNativeWithNinja cost memory 0.02374267578125
[2026-09-18T17:40:05.877] [DEBUG] debug-file - module:entry no need to execute packageHap
[2026-09-18T17:40:06.077] [DEBUG] debug-file - Incremental task entry:default@ProcessLibs pre-execution cost: 1 ms .
[2026-09-18T17:40:04.399] [DEBUG] debug-file - env: daemon=false
[2026-09-18T17:40:04.608] [DEBUG] debug-file - hvigorfile, resolving /Users/yujiantao/DevEcoStudioProjects/bang/hvigorfile.ts
[2026-09-18T17:40:05.702] [DEBUG] debug-file - App plugin prepare end...
[2026-09-18T17:40:05.820] [DEBUG] debug-file - Plugin build process completed
[2026-09-18T17:40:05.821] [DEBUG] debug-file - Product 'default' build option initialized
[2026-09-18T17:40:05.826] [DEBUG] debug-file - Local scan or download HarmonyOS sdk components toolchains,ets,js,native,previewer
[2026-09-18T17:40:05.851] [DEBUG] debug-file - hvigorfile, no custom plugins were found in /Users/yujiantao/DevEcoStudioProjects/bang/hvigorfile.ts
[2026-09-18T17:40:05.871] [DEBUG] debug-file - Module 'entry' target 'default' build option initialized
[2026-09-18T17:40:05.880] [DEBUG] debug-file - Start to initialize dependency information.
[2026-09-18T17:40:05.895] [DEBUG] debug-file - entry:default@PreBuild is not up-to-date, since the task snapshots are different.
[2026-09-18T17:40:05.883] [DEBUG] debug-file - Module entry's total dependency: 0
[2026-09-18T17:40:05.995] [DEBUG] debug-file - Incremental task entry:default@GenerateMetadata pre-execution cost: 1 ms .
[2026-09-18T17:40:06.000] [DEBUG] debug-file - Incremental task entry:default@CreateBuildProfile pre-execution cost: 1 ms .
[2026-09-18T17:40:06.007] [DEBUG] debug-file - Incremental task entry:default@GeneratePkgContextInfo pre-execution cost: 1 ms .
[2026-09-18T17:40:06.011] [DEBUG] debug-file - Incremental task entry:default@ProcessIntegratedHsp pre-execution cost: 1 ms .
[2026-09-18T17:40:06.001] [DEBUG] debug-file - runTaskFromQueue task cost before running: 1 s 407 ms 
[2026-09-18T17:40:06.012] [DEBUG] debug-file - runTaskFromQueue task cost before running: 1 s 418 ms 
[2026-09-18T17:40:06.013] [DEBUG] debug-file - entry : default@MakePackInfo cost memory 0.1209564208984375
[2026-09-18T17:40:06.041] [DEBUG] debug-file - Incremental task entry:default@ProcessProfile pre-execution cost: 1 ms .
[2026-09-18T17:40:06.046] [DEBUG] debug-file - entry : default@ProcessRouterMap cost memory 0.1484832763671875
[2026-09-18T17:40:06.015] [DEBUG] debug-file - Task 'entry:default@SyscapTransform' cost while wrapping incremental declarations: 1 ms 
[2026-09-18T17:40:06.049] [DEBUG] debug-file - entry : default@ProcessShareConfig cost memory 0.1253662109375
[2026-09-18T17:40:06.051] [DEBUG] debug-file - entry:default@ProcessStartupConfig is not up-to-date, since the output file '/Users/yujiantao/DevEcoStudioProjects/bang/entry/build/default/intermediates/startup/default/startup_config.json' does not exist.
[2026-09-18T17:40:06.063] [DEBUG] debug-file - Incremental task entry:default@ProcessResource pre-execution cost: 1 ms .
[2026-09-18T17:40:06.070] [DEBUG] debug-file - Incremental task entry:default@GenerateLoaderJson pre-execution cost: 2 ms .
[2026-09-18T17:40:06.086] [DEBUG] debug-file - entry : default@CompileResource cost memory 0.7048263549804688
[2026-09-18T17:40:06.092] [DEBUG] debug-file - Task 'entry:default@CompileArkTS' cost while wrapping incremental declarations: 1 ms 
[2026-09-18T17:40:06.113] [DEBUG] debug-file - default@CompileArkTS work[0] is submitted.
[2026-09-18T17:40:06.087] [DEBUG] debug-file - Task 'entry:default@DoNativeStrip' cost while wrapping incremental declarations: 1 ms 
[2026-09-18T17:40:06.133] [DEBUG] debug-file - Task 'entry:default@CacheNativeLibs' cost while wrapping incremental declarations: 1 ms 
[2026-09-18T17:40:06.131] [DEBUG] debug-file - entry : default@BuildJS cost memory 0.1498870849609375
[2026-09-18T17:40:06.054] [DEBUG] debug-file - runTaskFromQueue task cost before running: 1 s 460 ms 
[2026-09-18T17:40:06.077] [DEBUG] debug-file - entry : default@ProcessLibs cost memory 0.09592437744140625
[2026-09-18T17:40:04.399] [DEBUG] debug-file - no-daemon, use the parent process.execArgv --max-old-space-size=8192,--max-semi-space-size=16,--expose-gc
[2026-09-18T17:40:05.702] [DEBUG] debug-file - App plugin creating...
[2026-09-18T17:40:05.821] [DEBUG] debug-file - End initialize project's product build option map with build mode 'debug'.
[2026-09-18T17:40:05.827] [DEBUG] debug-file - Local scan or download hmscore sdk components toolchains,ets,native
[2026-09-18T17:40:05.851] [DEBUG] debug-file - hvigorfile, resolve finished /Users/yujiantao/DevEcoStudioProjects/bang/hvigorfile.ts
[2026-09-18T17:40:05.871] [DEBUG] debug-file - End initialize module-target build option map, moduleName=entry
[2026-09-18T17:40:05.881] [DEBUG] debug-file - Module bang Collected Dependency: 
[2026-09-18T17:40:05.895] [DEBUG] debug-file - Incremental task entry:default@PreBuild pre-execution cost: 2 ms .
[2026-09-18T17:40:05.885] [DEBUG] debug-file - Configuration phase cost:1 s 281 ms 
[2026-09-18T17:40:05.995] [DEBUG] debug-file - entry : default@GenerateMetadata cost memory 0.1338958740234375
[2026-09-18T17:40:06.000] [DEBUG] debug-file - entry : default@CreateBuildProfile cost memory 0.11328125
[2026-09-18T17:40:06.008] [DEBUG] debug-file - entry : default@GeneratePkgContextInfo cost memory 0.35810089111328125
[2026-09-18T17:40:06.011] [DEBUG] debug-file - entry : default@ProcessIntegratedHsp cost memory 0.055633544921875
[2026-09-18T17:40:06.001] [INFO] debug-file - Finished :entry:default@PreCheckSyscap... after 1 ms 
[2026-09-18T17:40:06.012] [INFO] debug-file - Finished :entry:default@BuildNativeWithCmake... after 1 ms 
[2026-09-18T17:40:06.013] [INFO] debug-file - UP-TO-DATE :entry:default@MakePackInfo...  
[2026-09-18T17:40:06.041] [DEBUG] debug-file - entry : default@ProcessProfile cost memory 0.15407562255859375
[2026-09-18T17:40:06.046] [INFO] debug-file - UP-TO-DATE :entry:default@ProcessRouterMap...  
[2026-09-18T17:40:06.037] [DEBUG] debug-file - entry:default@SyscapTransform is not up-to-date, since the output file '/Users/yujiantao/DevEcoStudioProjects/bang/entry/build/default/intermediates/syscap/default/rpcid.sc' does not exist.
[2026-09-18T17:40:06.050] [INFO] debug-file - UP-TO-DATE :entry:default@ProcessShareConfig...  
[2026-09-18T17:40:06.051] [DEBUG] debug-file - Incremental task entry:default@ProcessStartupConfig pre-execution cost: 1 ms .
[2026-09-18T17:40:06.063] [DEBUG] debug-file - entry : default@ProcessResource cost memory 0.12500762939453125
[2026-09-18T17:40:06.070] [DEBUG] debug-file - entry : default@GenerateLoaderJson cost memory 0.46140289306640625
[2026-09-18T17:40:06.086] [INFO] debug-file - UP-TO-DATE :entry:default@CompileResource...  
[2026-09-18T17:40:06.097] [DEBUG] debug-file - entry:default@CompileArkTS is not up-to-date, since the input file '/Users/yujiantao/DevEcoStudioProjects/bang/entry/src/main/ets' has been changed.
[2026-09-18T17:40:06.114] [DEBUG] debug-file - default@CompileArkTS work[0] is pushed to ready queue.
[2026-09-18T17:40:06.088] [DEBUG] debug-file - Incremental task entry:default@DoNativeStrip pre-execution cost: 1 ms .
[2026-09-18T17:40:06.133] [DEBUG] debug-file - Incremental task entry:default@CacheNativeLibs pre-execution cost: 1 ms .
[2026-09-18T17:40:06.131] [DEBUG] debug-file - runTaskFromQueue task cost before running: 1 s 537 ms 
[2026-09-18T17:40:06.054] [INFO] debug-file - Finished :entry:default@BuildNativeWithNinja... after 1 ms 
[2026-09-18T17:40:06.077] [INFO] debug-file - UP-TO-DATE :entry:default@ProcessLibs...  
[2026-09-18T17:40:05.852] [DEBUG] debug-file - hvigorfile, resolving /Users/yujiantao/DevEcoStudioProjects/bang/entry/hvigorfile.ts
[2026-09-18T17:40:05.871] [DEBUG] debug-file - Start initialize module-target build option map, moduleName=entry, buildMode=release
[2026-09-18T17:40:05.881] [DEBUG] debug-file - Module bang's total dependency: 0
[2026-09-18T17:40:05.988] [DEBUG] debug-file - current product is not Atomic service.
[2026-09-18T17:40:05.887] [DEBUG] debug-file - Configuration task cost before running: 1 s 293 ms 
[2026-09-18T17:40:05.995] [INFO] debug-file - UP-TO-DATE :entry:default@GenerateMetadata...  
[2026-09-18T17:40:06.000] [INFO] debug-file - UP-TO-DATE :entry:default@CreateBuildProfile...  
[2026-09-18T17:40:06.008] [INFO] debug-file - UP-TO-DATE :entry:default@GeneratePkgContextInfo...  
[2026-09-18T17:40:06.011] [DEBUG] debug-file - runTaskFromQueue task cost before running: 1 s 417 ms 
[2026-09-18T17:40:06.041] [INFO] debug-file - UP-TO-DATE :entry:default@ProcessProfile...  
[2026-09-18T17:40:06.038] [DEBUG] debug-file - Incremental task entry:default@SyscapTransform pre-execution cost: 23 ms .
[2026-09-18T17:40:06.052] [DEBUG] debug-file - entry : default@ProcessStartupConfig cost memory 0.1121063232421875
[2026-09-18T17:40:06.063] [INFO] debug-file - UP-TO-DATE :entry:default@ProcessResource...  
[2026-09-18T17:40:06.073] [INFO] debug-file - UP-TO-DATE :entry:default@GenerateLoaderJson...  
[2026-09-18T17:40:06.097] [DEBUG] debug-file - Incremental task entry:default@CompileArkTS pre-execution cost: 5 ms .
[2026-09-18T17:40:06.114] [DEBUG] debug-file - A work dispatched to worker[7] failed because unable to get work from ready queue.
[2026-09-18T17:40:06.088] [DEBUG] debug-file - entry : default@DoNativeStrip cost memory 0.0743560791015625
[2026-09-18T17:40:06.133] [DEBUG] debug-file - entry : default@CacheNativeLibs cost memory 0.08727264404296875
[2026-09-18T17:40:06.132] [INFO] debug-file - Finished :entry:default@BuildJS... after 3 ms 
[2026-09-18T17:40:06.055] [DEBUG] debug-file - restool module names: entry; moduleName=entry, taskName=default@ProcessResource
[2026-09-18T17:40:06.078] [DEBUG] debug-file - restool module names: entry; moduleName=entry, taskName=default@CompileResource
[2026-09-18T17:40:05.860] [DEBUG] debug-file - hvigorfile, require result:  { default: { system: [Function: hapTasks], plugins: [] } }
[2026-09-18T17:40:05.988] [DEBUG] debug-file - Use tool [darwin: JAVA_HOME, CLASSPATH]
 [
  { JAVA_HOME: '/opt/homebrew/opt/openjdk@17' },
  { CLASSPATH: undefined }
]
[2026-09-18T17:40:05.996] [DEBUG] debug-file - Executing task :entry:default@ConfigureCmake
[2026-09-18T17:40:05.872] [DEBUG] debug-file - Target 'default' config initialized
[2026-09-18T17:40:06.011] [INFO] debug-file - Finished :entry:default@ProcessIntegratedHsp... after 1 ms 
[2026-09-18T17:40:06.008] [DEBUG] debug-file - Executing task :entry:default@GeneratePkgSdkInfo
[2026-09-18T17:40:06.038] [DEBUG] debug-file - entry : default@SyscapTransform cost memory 0.13787078857421875
[2026-09-18T17:40:06.052] [DEBUG] debug-file - runTaskFromQueue task cost before running: 1 s 458 ms 
[2026-09-18T17:40:06.114] [DEBUG] debug-file - A work dispatched to worker[6] failed because unable to get work from ready queue.
[2026-09-18T17:40:06.088] [INFO] debug-file - UP-TO-DATE :entry:default@DoNativeStrip...  
[2026-09-18T17:40:06.134] [INFO] debug-file - UP-TO-DATE :entry:default@CacheNativeLibs...  
[2026-09-18T17:40:06.105] [DEBUG] debug-file - build config:
[2026-09-18T17:40:05.860] [DEBUG] debug-file - hvigorfile, binding system plugins [Function: hapTasks]
[2026-09-18T17:40:05.988] [DEBUG] debug-file - Use tool [darwin: NODE_HOME]
 [ { NODE_HOME: undefined } ]
[2026-09-18T17:40:05.996] [DEBUG] debug-file - entry : default@ConfigureCmake cost memory 0.015625
[2026-09-18T17:40:05.872] [DEBUG] debug-file - Module 'entry' target 'default' build option initialized
[2026-09-18T17:40:06.009] [DEBUG] debug-file - Task 'entry:default@GeneratePkgSdkInfo' cost while wrapping incremental declarations: 1 ms 
[2026-09-18T17:40:06.038] [DEBUG] debug-file - runTaskFromQueue task cost before running: 1 s 444 ms 
[2026-09-18T17:40:06.052] [INFO] debug-file - Finished :entry:default@ProcessStartupConfig... after 2 ms 
[2026-09-18T17:40:06.105] [DEBUG] debug-file - {
  moduleType: 'entry',
  perf: 0,
  targetName: '.default',
  packageManagerType: 'ohpm',
  localPropertiesPath: '/Users/yujiantao/DevEcoStudioProjects/bang/local.properties',
  isPreview: false,
  isOhosTest: false,
  isLocalTest: false,
  buildMode: 'Debug',
  hotReloadBuild: undefined,
  watchMode: 'false',
  aceProfilePath: '/Users/yujiantao/DevEcoStudioProjects/bang/entry/build/default/intermediates/res/default/resources/base/profile',
  etsLoaderPath: '/Applications/DevEco-Studio.app/Contents/sdk/default/openharmony/ets/build-tools/ets-loader',
  modulePath: '/Users/yujiantao/DevEcoStudioProjects/bang/entry',
  testFrameworkPar: {
    testMode: undefined,
    coveragePathFilter: undefined,
    coverageMode: undefined
  },
  needCoverageInsert: false,
  debugLine: false,
  projectTopDir: '/Users/yujiantao/DevEcoStudioProjects/bang',
  compileSdkVersion: 24,
  compatibleSdkVersion: 12,
  originCompatibleSdkVersion: '5.0.0(12)',
  compatibleSdkVersionStage: 'beta1',
  bundleName: 'c***g',
  etsLoaderVersion: '6.1.1.125',
  etsLoaderReleaseType: 'Release',
  aotCompileMode: 'type',
  apPath: '/Users/yujiantao/DevEcoStudioProjects/bang/entry/modules.ap',
  entryModuleName: 'entry',
  entryModuleVersion: '1.0.0',
  entryPackageName: 'entry',
  allModuleNameHash: 'a0f1f6b39c100346c0a0d6c2c78f06287901f29efd59bf9215abebb99973443a',
  externalApiPaths: [ '/Applications/DevEco-Studio.app/Contents/sdk/default/hms/ets' ],
  compilerTypes: [],
  isCrossplatform: false,
  hvigorPluginFile: undefined,
  compilePluginPath: undefined,
  buildGeneratedProfilePath: '/Users/yujiantao/DevEcoStudioProjects/bang/entry/build/default/generated/profile/default',
  bundleType: 'app',
  arkTSVersion: undefined,
  apiVersion: 24,
  needCompleteSourcesMap: false,
  isFaMode: false,
  buildDir: '/Users/yujiantao/DevEcoStudioProjects/bang/entry/build',
  deviceTypes: [ 'phone', 'tablet', '2in1', 'wearable' ],
  pkgContextInfo: {
    entry: {
      packageName: 'entry',
      bundleName: '*****',
      moduleName: '',
      version: '',
      entryPath: 'src/main/',
      isSO: false,
      dependencyAlias: ''
    }
  },
  ohPackagePathMap: {},
  dependencyAliasMap: {},
  permission: {
    requestPermissions: [ [Object], [Object], [Object], [Object] ],
    definePermissions: undefined
  },
  useGetCurrentBundleName: false,
  projectArkOption: undefined,
  sourceMapDir: undefined,
  branchElimination: false,
  transformLib: undefined,
  tsImportSendable: false,
  resolveConflictMode: true,
  depName2RootPath: {},
  depName2DepInfo: {},
  depName2OhExports: {},
  rootPathSet: [ '/Users/yujiantao/DevEcoStudioProjects/bang' ],
  useNativeResolver: true,
  shouldEmitJs: true,
  useTscResolve: false,
  singleFileEmit: false,
  userProjectConfig: {
    autoLazyImport: false,
    allowEmptyBundleName: false,
    reExportCheckMode: 'noCheck',
    executionMode: 'memory',
    usePathPlaceholder: false,
    writeRollupCache: true,
    isExpandImportEnabled: false,
    expandImportExclude: '',
    lazyImportExclude: '',
    lazyImportInclude: '',
    ignoreCrossplatformCheck: false,
    isHarDeduplicateEnabled: false,
    skipOhModulesLint: false,
    enableStrictCheckOHModule: false,
    disableSendableCheckRules: [],
    useDeclarationFileSignature: false,
    customizedOptions: undefined,
    integratedHsp: false,
    isPreloadSoEnabled: false
  },
  executionMode: 'memory',
  arkCompileCachePath: '/Users/yujiantao/DevEcoStudioProjects/bang/entry/build/default/cache/default/default@CompileArkTS/esmodule',
  autoLazyFilter: undefined,
  isHarDeduplicateEnabled: false,
  intermediateHarDuplicateDirPath: '/Users/yujiantao/DevEcoStudioProjects/bang/entry/build/default/intermediates/har_duplicate/default',
  autoLazyImport: false,
  allowEmptyBundleName: false,
  reExportCheckMode: 'noCheck',
  usePathPlaceholder: false,
  writeRollupCache: true,
  isExpandImportEnabled: false,
  expandImportExclude: '',
  lazyImportExclude: '',
  lazyImportInclude: '',
  ignoreCrossplatformCheck: false,
  skipOhModulesLint: false,
  enableStrictCheckOHModule: false,
  disableSendableCheckRules: [],
  useDeclarationFileSignature: false,
  customizedOptions: undefined,
  integratedHsp: false,
  isPreloadSoEnabled: false,
  strictMode: {
    caseSensitiveCheck: true,
    useNormalizedOHMUrl: true,
    noExternalImportByPath: true
  },
  useNormalizedOHMUrl: true,
  caseSensitiveCheck: true,
  strictCheckerOnly: false,
  aceModuleJsonPath: '/Users/yujiantao/DevEcoStudioProjects/bang/entry/build/default/intermediates/res/default/ark_module.json',
  appResource: '/Users/yujiantao/DevEcoStudioProjects/bang/entry/build/default/intermediates/res/default/ResourceTable.txt',
  rawFileResource: '/Users/yujiantao/DevEcoStudioProjects/bang/entry/build/default/intermediates/res/default/resources/rawfile',
  resourceTableHash: 'e9a7d39e4c0834ee806c9512474476824fbde80b6bf661c30b39b52146d38e7e',
  runtimeOS: 'HarmonyOS',
  sdkInfo: 'false:24:6.1.1.125:Release',
  aceModuleRoot: '/Users/yujiantao/DevEcoStudioProjects/bang/entry/src/main/ets',
  compileMode: 'esmodule',
  aceSuperVisualPath: '/Users/yujiantao/DevEcoStudioProjects/bang/entry/src/main/supervisual',
  aceBuildJson: '/Users/yujiantao/DevEcoStudioProjects/bang/entry/build/default/intermediates/loader/default/loader.json',
  cachePath: '/Users/yujiantao/DevEcoStudioProjects/bang/entry/build/default/cache/default/default@CompileArkTS/esmodule/debug',
  aceModuleBuild: '/Users/yujiantao/DevEcoStudioProjects/bang/entry/build/default/intermediates/loader_out/default/ets',
  supportChunks: true,
  declaredFilesPath: undefined,
  shouldCollectDirectImportees: false,
  isByteCodeHarOptimize: false,
  expandImportPath: undefined,
  resourceTableTs: '/Users/yujiantao/DevEcoStudioProjects/bang/entry/build/default/generated/r/default/ResourceTable.ts',
  moduleMetaInfoFiles: [
    {
      filePath: '/Users/yujiantao/DevEcoStudioProjects/bang/entry/build/default/generated/r/default/ResourceTable.ts',
      ohmurl: '&entry/build/generated/r/ResourceTable&'
    }
  ],
  pkgNameToPkgBriefInfo: {
    entry: {
      pkgRoot: '/Users/yujiantao/DevEcoStudioProjects/bang/entry',
      originalSourceRoots: undefined,
      sourceRoots: [Array],
      pkgName: 'entry'
    }
  },
  projectModel: {
    '/Users/yujiantao/DevEcoStudioProjects/bang/entry/src/main': {
      moduleName: 'entry',
      modulePkgPath: '/Users/yujiantao/DevEcoStudioProjects/bang/entry',
      belongProjectPath: '/Users/yujiantao/DevEcoStudioProjects/bang'
    },
    '/Users/yujiantao/DevEcoStudioProjects/bang/entry': {
      moduleName: 'entry',
      modulePkgPath: '/Users/yujiantao/DevEcoStudioProjects/bang/entry',
      belongProjectPath: '/Users/yujiantao/DevEcoStudioProjects/bang'
    },
    '/Users/yujiantao/DevEcoStudioProjects/bang': {
      moduleName: 'bang',
      modulePkgPath: '/Users/yujiantao/DevEcoStudioProjects/bang',
      belongProjectPath: '/Users/yujiantao/DevEcoStudioProjects/bang'
    }
  },
  pkgJsonFileHash: '40b1841bbf357057c65feb3ac28ea243d081eae1882bb847cf02bca9ce23c51d',
  allModulePaths: [ '/Users/yujiantao/DevEcoStudioProjects/bang/entry' ],
  routerMap: {},
  obfuscationOptions: undefined,
  byteCodeHarToDependencyKeys: undefined,
  compileBlockPkg: [],
  mockParams: {
    decorator: '@MockSetup',
    packageName: '@ohos/hamock',
    etsSourceRootPath: 'src/main/ets',
    mockConfigPath: undefined,
    mockConfigKey2ModuleInfo: {},
    source2ModuleIdMap: {}
  },
  copyCodeResourceEnable: false,
  copyCodeResourceExcludes: [],
  copyCodeResourceIncludes: undefined,
  uiTransformOptimization: false,
  sdkPath: '/Applications/DevEco-Studio.app/Contents/sdk',
  needPreloadSoFileSet: {},
  preloadSoFilePath: '/Users/yujiantao/DevEcoStudioProjects/bang/entry/build/default/intermediates/preload/default/preload.json',
  useSourceHash: false,
  localModuleParamMap: {},
  otherPaths: {
    'entry/*': [ '../*', '../../../build/default/generated/profile/default/*' ]
  },
  collectImportersConfig: undefined
}
[2026-09-18T17:40:06.114] [DEBUG] debug-file - A work dispatched to worker[5] failed because unable to get work from ready queue.
[2026-09-18T17:40:05.860] [DEBUG] debug-file - Starting plugin build process
[2026-09-18T17:40:05.988] [DEBUG] debug-file - entry : default@PreBuild cost memory 6.0161285400390625
[2026-09-18T17:40:05.996] [DEBUG] debug-file - runTaskFromQueue task cost before running: 1 s 402 ms 
[2026-09-18T17:40:05.872] [DEBUG] debug-file - End initialize module-target build option map, moduleName=entry
[2026-09-18T17:40:06.009] [DEBUG] debug-file - entry : default@GeneratePkgSdkInfo cost memory 0.13362884521484375
[2026-09-18T17:40:06.038] [INFO] debug-file - Finished :entry:default@SyscapTransform... after 24 ms 
[2026-09-18T17:40:06.106] [DEBUG] debug-file - Compile arkts with external api path: /Applications/DevEco-Studio.app/Contents/sdk/default/hms/ets
[2026-09-18T17:40:06.114] [DEBUG] debug-file - Create  resident worker with id: 4.
[2026-09-18T17:40:05.988] [DEBUG] debug-file - runTaskFromQueue task cost before running: 1 s 394 ms 
[2026-09-18T17:40:05.996] [INFO] debug-file - Finished :entry:default@ConfigureCmake... after 1 ms 
[2026-09-18T17:40:05.861] [DEBUG] debug-file - Hap plugin creating...
[2026-09-18T17:40:05.872] [DEBUG] debug-file - Start initialize module-target build option map, moduleName=entry, buildMode=debug
[2026-09-18T17:40:06.009] [DEBUG] debug-file - runTaskFromQueue task cost before running: 1 s 415 ms 
[2026-09-18T17:40:06.106] [DEBUG] debug-file - Since there is no instance or instance is terminated, create a new worker pool.
[2026-09-18T17:40:06.117] [DEBUG] debug-file - default@CompileArkTS work[0] has been dispatched to worker[4].
[2026-09-18T17:40:05.990] [INFO] debug-file - Finished :entry:default@PreBuild... after 99 ms 
[2026-09-18T17:40:05.996] [DEBUG] debug-file - Executing task :entry:default@MergeProfile
[2026-09-18T17:40:06.010] [INFO] debug-file - Finished :entry:default@GeneratePkgSdkInfo... after 1 ms 
[2026-09-18T17:40:06.106] [DEBUG] debug-file - Worker pool is initialized with config:  {
  minPoolNum: 2,
  maxPoolNum: undefined,
  maxCoreSize: undefined,
  cacheCapacity: undefined,
  cacheTtl: undefined
}
[2026-09-18T17:40:06.117] [DEBUG] debug-file - default@CompileArkTS work[0] is dispatched.
[2026-09-18T17:40:05.991] [DEBUG] debug-file - Executing task :entry:default@CreateModuleInfo
[2026-09-18T17:40:05.996] [DEBUG] debug-file - Task 'entry:default@MergeProfile' cost while wrapping incremental declarations: 1 ms 
[2026-09-18T17:40:06.119] [DEBUG] debug-file - entry : default@CompileArkTS cost memory 2.0309219360351562
[2026-09-18T17:40:05.872] [DEBUG] debug-file - Target 'default' config initialized
[2026-09-18T17:40:05.991] [DEBUG] debug-file - Task 'entry:default@CreateModuleInfo' cost while wrapping incremental declarations: 1 ms 
[2026-09-18T17:40:05.997] [DEBUG] debug-file - Incremental task entry:default@MergeProfile pre-execution cost: 1 ms .
[2026-09-18T17:40:05.872] [DEBUG] debug-file - Module 'entry' target 'default' build option initialized
[2026-09-18T17:40:05.992] [DEBUG] debug-file - entry : default@CreateModuleInfo cost memory 0.05460357666015625
[2026-09-18T17:40:05.997] [DEBUG] debug-file - entry : default@MergeProfile cost memory 0.14031219482421875
[2026-09-18T17:40:05.872] [DEBUG] debug-file - End initialize module-target build option map, moduleName=entry
[2026-09-18T17:40:05.992] [DEBUG] debug-file - runTaskFromQueue task cost before running: 1 s 398 ms 
[2026-09-18T17:40:05.997] [INFO] debug-file - UP-TO-DATE :entry:default@MergeProfile...  
[2026-09-18T17:40:05.872] [DEBUG] debug-file - Obtain build option for module 'entry' target 'default'in this build.
[2026-09-18T17:40:05.992] [INFO] debug-file - Finished :entry:default@CreateModuleInfo... after 1 ms 
[2026-09-18T17:40:05.876] [DEBUG] debug-file - Module entry task initialization takes 4 ms 
[2026-09-18T17:40:05.876] [DEBUG] debug-file - Hap plugin register hook start...
[2026-09-18T17:40:05.876] [DEBUG] debug-file - Hap plugin register hook end...
[2026-09-18T17:40:05.876] [DEBUG] debug-file - Plugin build process completed
[2026-09-18T17:40:05.876] [DEBUG] debug-file - hvigorfile, begin to bind custom plugins...
[2026-09-18T17:40:05.876] [DEBUG] debug-file - hvigorfile, no custom plugins were found in /Users/yujiantao/DevEcoStudioProjects/bang/entry/hvigorfile.ts
[2026-09-18T17:40:05.876] [DEBUG] debug-file - hvigorfile, resolve finished /Users/yujiantao/DevEcoStudioProjects/bang/entry/hvigorfile.ts
[2026-09-18T17:40:12.472] [WARN] debug-file - [33mWARN: [33m[33mArkTS:WARN File: /Users/yujiantao/DevEcoStudioProjects/bang/entry/src/main/ets/service/SystemTrainingService.ets:98:75
 The system capacity of this api 'resultCode' is not supported on all devices
[39m[39m
[33mWARN: [33m[33mArkTS:WARN File: /Users/yujiantao/DevEcoStudioProjects/bang/entry/src/main/ets/service/SystemTrainingService.ets:98:105
 The system capacity of this api 'message' is not supported on all devices
[39m[39m
[33mWARN: [33m[33mArkTS:WARN File: /Users/yujiantao/DevEcoStudioProjects/bang/entry/src/main/ets/service/SystemTrainingService.ets:156:53
 The system capacity of this api 'liveViewManager' is not supported on all devices
[39m[39m
[33mWARN: [33m[33mArkTS:WARN File: /Users/yujiantao/DevEcoStudioProjects/bang/entry/src/main/ets/service/SystemTrainingService.ets:156:69
 The system capacity of this api 'isLiveViewEnabled' is not supported on all devices
[39m[39m
[33mWARN: [33m[33mArkTS:WARN File: /Users/yujiantao/DevEcoStudioProjects/bang/entry/src/main/ets/service/SystemTrainingService.ets:271:51
 The system capacity of this api 'liveViewManager' is not supported on all devices
[39m[39m
[33mWARN: [33m[33mArkTS:WARN File: /Users/yujiantao/DevEcoStudioProjects/bang/entry/src/main/ets/service/SystemTrainingService.ets:271:67
 The system capacity of this api 'stopLiveView' is not supported on all devices
[39m[39m
[33mWARN: [33m[33mArkTS:WARN File: /Users/yujiantao/DevEcoStudioProjects/bang/entry/src/main/ets/service/SystemTrainingService.ets:304:22
 The system capacity of this api 'liveViewManager' is not supported on all devices
[39m[39m
[33mWARN: [33m[33mArkTS:WARN File: /Users/yujiantao/DevEcoStudioProjects/bang/entry/src/main/ets/service/SystemTrainingService.ets:304:38
 The system capacity of this api 'getActiveLiveView' is not supported on all devices
[39m[39m
[33mWARN: [33m[33mArkTS:WARN File: /Users/yujiantao/DevEcoStudioProjects/bang/entry/src/main/ets/service/SystemTrainingService.ets:311:43
 The system capacity of this api 'sequence' is not supported on all devices
[39m[39m
[33mWARN: [33m[33mArkTS:WARN File: /Users/yujiantao/DevEcoStudioProjects/bang/entry/src/main/ets/service/SystemTrainingService.ets:311:79
 The system capacity of this api 'sequence' is not supported on all devices
[39m[39m
[33mWARN: [33m[33mArkTS:WARN File: /Users/yujiantao/DevEcoStudioProjects/bang/entry/src/main/ets/service/SystemTrainingService.ets:315:51
 The system capacity of this api 'liveViewManager' is not supported on all devices
[39m[39m
[33mWARN: [33m[33mArkTS:WARN File: /Users/yujiantao/DevEcoStudioProjects/bang/entry/src/main/ets/service/SystemTrainingService.ets:315:67
 The system capacity of this api 'stopLiveView' is not supported on all devices
[39m[39m
[33mWARN: [33m[33mArkTS:WARN File: /Users/yujiantao/DevEcoStudioProjects/bang/entry/src/main/ets/service/SystemTrainingService.ets:335:107
 The system capacity of this api 'liveViewManager' is not supported on all devices
[39m[39m
[33mWARN: [33m[33mArkTS:WARN File: /Users/yujiantao/DevEcoStudioProjects/bang/entry/src/main/ets/service/SystemTrainingService.ets:335:123
 The system capacity of this api 'startLiveView' is not supported on all devices
[39m[39m
[33mWARN: [33m[33mArkTS:WARN File: /Users/yujiantao/DevEcoStudioProjects/bang/entry/src/main/ets/service/SystemTrainingService.ets:336:27
 The system capacity of this api 'resultCode' is not supported on all devices
[39m[39m
[33mWARN: [33m[33mArkTS:WARN File: /Users/yujiantao/DevEcoStudioProjects/bang/entry/src/main/ets/service/SystemTrainingService.ets:337:69
 The system capacity of this api 'resultCode' is not supported on all devices
[39m[39m
[33mWARN: [33m[33mArkTS:WARN File: /Users/yujiantao/DevEcoStudioProjects/bang/entry/src/main/ets/service/SystemTrainingService.ets:337:104
 The system capacity of this api 'message' is not supported on all devices
[39m[39m
[33mWARN: [33m[33mArkTS:WARN File: /Users/yujiantao/DevEcoStudioProjects/bang/entry/src/main/ets/service/SystemTrainingService.ets:340:88
 The system capacity of this api 'resultCode' is not supported on all devices
[39m[39m
[33mWARN: [33m[33mArkTS:WARN File: /Users/yujiantao/DevEcoStudioProjects/bang/entry/src/main/ets/service/SystemTrainingService.ets:348:109
 The system capacity of this api 'liveViewManager' is not supported on all devices
[39m[39m
[33mWARN: [33m[33mArkTS:WARN File: /Users/yujiantao/DevEcoStudioProjects/bang/entry/src/main/ets/service/SystemTrainingService.ets:348:125
 The system capacity of this api 'startLiveView' is not supported on all devices
[39m[39m
[33mWARN: [33m[33mArkTS:WARN File: /Users/yujiantao/DevEcoStudioProjects/bang/entry/src/main/ets/service/SystemTrainingService.ets:349:29
 The system capacity of this api 'resultCode' is not supported on all devices
[39m[39m
[33mWARN: [33m[33mArkTS:WARN File: /Users/yujiantao/DevEcoStudioProjects/bang/entry/src/main/ets/service/SystemTrainingService.ets:350:77
 The system capacity of this api 'resultCode' is not supported on all devices
[39m[39m
[33mWARN: [33m[33mArkTS:WARN File: /Users/yujiantao/DevEcoStudioProjects/bang/entry/src/main/ets/service/SystemTrainingService.ets:350:112
 The system capacity of this api 'message' is not supported on all devices
[39m[39m
[33mWARN: [33m[33mArkTS:WARN File: /Users/yujiantao/DevEcoStudioProjects/bang/entry/src/main/ets/service/SystemTrainingService.ets:353:96
 The system capacity of this api 'resultCode' is not supported on all devices
[39m[39m
[33mWARN: [33m[33mArkTS:WARN File: /Users/yujiantao/DevEcoStudioProjects/bang/entry/src/main/ets/service/SystemTrainingService.ets:362:98
 The system capacity of this api 'liveViewManager' is not supported on all devices
[39m[39m
[33mWARN: [33m[33mArkTS:WARN File: /Users/yujiantao/DevEcoStudioProjects/bang/entry/src/main/ets/service/SystemTrainingService.ets:362:114
 The system capacity of this api 'updateLiveView' is not supported on all devices
[39m[39m
[33mWARN: [33m[33mArkTS:WARN File: /Users/yujiantao/DevEcoStudioProjects/bang/entry/src/main/ets/service/SystemTrainingService.ets:363:18
 The system capacity of this api 'resultCode' is not supported on all devices
[39m[39m
[33mWARN: [33m[33mArkTS:WARN File: /Users/yujiantao/DevEcoStudioProjects/bang/entry/src/main/ets/service/SystemTrainingService.ets:364:61
 The system capacity of this api 'resultCode' is not supported on all devices
[39m[39m
[33mWARN: [33m[33mArkTS:WARN File: /Users/yujiantao/DevEcoStudioProjects/bang/entry/src/main/ets/service/SystemTrainingService.ets:364:91
 The system capacity of this api 'message' is not supported on all devices
[39m[39m
[33mWARN: [33m[33mArkTS:WARN File: /Users/yujiantao/DevEcoStudioProjects/bang/entry/src/main/ets/service/SystemTrainingService.ets:366:80
 The system capacity of this api 'resultCode' is not supported on all devices
[39m[39m
[33mWARN: [33m[33mArkTS:WARN File: /Users/yujiantao/DevEcoStudioProjects/bang/entry/src/main/ets/service/SystemTrainingService.ets:375:58
 The system capacity of this api 'liveViewManager' is not supported on all devices
[39m[39m
[33mWARN: [33m[33mArkTS:WARN File: /Users/yujiantao/DevEcoStudioProjects/bang/entry/src/main/ets/service/SystemTrainingService.ets:375:74
 The system capacity of this api 'getActiveLiveView' is not supported on all devices
[39m[39m
[33mWARN: [33m[33mArkTS:WARN File: /Users/yujiantao/DevEcoStudioProjects/bang/entry/src/main/ets/service/SystemTrainingService.ets:376:49
 The system capacity of this api 'sequence' is not supported on all devices
[39m[39m
[33mWARN: [33m[33mArkTS:WARN File: /Users/yujiantao/DevEcoStudioProjects/bang/entry/src/main/ets/service/SystemTrainingService.ets:376:85
 The system capacity of this api 'sequence' is not supported on all devices
[39m[39m
[33mWARN: [33m[33mArkTS:WARN File: /Users/yujiantao/DevEcoStudioProjects/bang/entry/src/main/ets/service/SystemTrainingService.ets:381:110
 The system capacity of this api 'liveViewManager' is not supported on all devices
[39m[39m
[33mWARN: [33m[33mArkTS:WARN File: /Users/yujiantao/DevEcoStudioProjects/bang/entry/src/main/ets/service/SystemTrainingService.ets:381:126
 The system capacity of this api 'updateLiveView' is not supported on all devices
[39m[39m
[33mWARN: [33m[33mArkTS:WARN File: /Users/yujiantao/DevEcoStudioProjects/bang/entry/src/main/ets/service/SystemTrainingService.ets:382:30
 The system capacity of this api 'resultCode' is not supported on all devices
[39m[39m
[33mWARN: [33m[33mArkTS:WARN File: /Users/yujiantao/DevEcoStudioProjects/bang/entry/src/main/ets/service/SystemTrainingService.ets:384:101
 The system capacity of this api 'resultCode' is not supported on all devices
[39m[39m
[33mWARN: [33m[33mArkTS:WARN File: /Users/yujiantao/DevEcoStudioProjects/bang/entry/src/main/ets/service/SystemTrainingService.ets:387:71
 The system capacity of this api 'resultCode' is not supported on all devices
[39m[39m
[33mWARN: [33m[33mArkTS:WARN File: /Users/yujiantao/DevEcoStudioProjects/bang/entry/src/main/ets/service/SystemTrainingService.ets:387:109
 The system capacity of this api 'message' is not supported on all devices
[39m[39m
[33mWARN: [33m[33mArkTS:WARN File: /Users/yujiantao/DevEcoStudioProjects/bang/entry/src/main/ets/service/SystemTrainingService.ets:602:19
 The system capacity of this api 'liveViewManager' is not supported on all devices
[39m[39m
[33mWARN: [33m[33mArkTS:WARN File: /Users/yujiantao/DevEcoStudioProjects/bang/entry/src/main/ets/service/SystemTrainingService.ets:602:35
 The system capacity of this api 'ExtensionType' is not supported on all devices
[39m[39m
[33mWARN: [33m[33mArkTS:WARN File: /Users/yujiantao/DevEcoStudioProjects/bang/entry/src/main/ets/service/SystemTrainingService.ets:602:49
 The system capacity of this api 'EXTENSION_TYPE_CAPSULE_TEXT' is not supported on all devices
[39m[39m
[33mWARN: [33m[33mArkTS:WARN File: /Users/yujiantao/DevEcoStudioProjects/bang/entry/src/main/ets/service/SystemTrainingService.ets:606:25
 The system capacity of this api 'liveViewManager' is not supported on all devices
[39m[39m
[33mWARN: [33m[33mArkTS:WARN File: /Users/yujiantao/DevEcoStudioProjects/bang/entry/src/main/ets/service/SystemTrainingService.ets:606:41
 The system capacity of this api 'LayoutType' is not supported on all devices
[39m[39m
[33mWARN: [33m[33mArkTS:WARN File: /Users/yujiantao/DevEcoStudioProjects/bang/entry/src/main/ets/service/SystemTrainingService.ets:606:52
 The system capacity of this api 'LAYOUT_TYPE_PROGRESS' is not supported on all devices
[39m[39m
[33mWARN: [33m[33mArkTS:WARN File: /Users/yujiantao/DevEcoStudioProjects/bang/entry/src/main/ets/service/SystemTrainingService.ets:610:28
 The system capacity of this api 'liveViewManager' is not supported on all devices
[39m[39m
[33mWARN: [33m[33mArkTS:WARN File: /Users/yujiantao/DevEcoStudioProjects/bang/entry/src/main/ets/service/SystemTrainingService.ets:610:44
 The system capacity of this api 'IndicatorType' is not supported on all devices
[39m[39m
[33mWARN: [33m[33mArkTS:WARN File: /Users/yujiantao/DevEcoStudioProjects/bang/entry/src/main/ets/service/SystemTrainingService.ets:610:58
 The system capacity of this api 'INDICATOR_TYPE_UNDISPLAYED' is not supported on all devices
[39m[39m
[33mWARN: [33m[33mArkTS:WARN File: /Users/yujiantao/DevEcoStudioProjects/bang/entry/src/main/ets/service/SystemTrainingService.ets:611:23
 The system capacity of this api 'liveViewManager' is not supported on all devices
[39m[39m
[33mWARN: [33m[33mArkTS:WARN File: /Users/yujiantao/DevEcoStudioProjects/bang/entry/src/main/ets/service/SystemTrainingService.ets:611:39
 The system capacity of this api 'LineType' is not supported on all devices
[39m[39m
[33mWARN: [33m[33mArkTS:WARN File: /Users/yujiantao/DevEcoStudioProjects/bang/entry/src/main/ets/service/SystemTrainingService.ets:611:48
 The system capacity of this api 'LINE_TYPE_THICK_SOLID_LINE' is not supported on all devices
[39m[39m
[33mWARN: [33m[33mArkTS:WARN File: /Users/yujiantao/DevEcoStudioProjects/bang/entry/src/main/ets/service/SystemTrainingService.ets:623:17
 The system capacity of this api 'liveViewManager' is not supported on all devices
[39m[39m
[33mWARN: [33m[33mArkTS:WARN File: /Users/yujiantao/DevEcoStudioProjects/bang/entry/src/main/ets/service/SystemTrainingService.ets:623:33
 The system capacity of this api 'CapsuleType' is not supported on all devices
[39m[39m
[33mWARN: [33m[33mArkTS:WARN File: /Users/yujiantao/DevEcoStudioProjects/bang/entry/src/main/ets/service/SystemTrainingService.ets:623:45
 The system capacity of this api 'CAPSULE_TYPE_TIMER' is not supported on all devices
[39m[39m
[33mWARN: [33m[33mArkTS:WARN File: /Users/yujiantao/DevEcoStudioProjects/bang/entry/src/main/ets/service/VoiceService.ets:118:27
 The system capacity of this api 'stop' is not supported on all devices
[39m[39m
[33mWARN: [33m[33mArkTS:WARN File: /Users/yujiantao/DevEcoStudioProjects/bang/entry/src/main/ets/service/VoiceService.ets:189:31
 The system capacity of this api 'shutdown' is not supported on all devices
[39m[39m
[33mWARN: [33m[33mArkTS:WARN File: /Users/yujiantao/DevEcoStudioProjects/bang/entry/src/main/ets/service/VoiceService.ets:191:37
 The system capacity of this api 'textToSpeech' is not supported on all devices
[39m[39m
[33mWARN: [33m[33mArkTS:WARN File: /Users/yujiantao/DevEcoStudioProjects/bang/entry/src/main/ets/service/VoiceService.ets:191:50
 The system capacity of this api 'createEngine' is not supported on all devices
[39m[39m
[33mWARN: [33m[33mArkTS:WARN File: /Users/yujiantao/DevEcoStudioProjects/bang/entry/src/main/ets/service/VoiceService.ets:203:29
 The system capacity of this api 'setListener' is not supported on all devices
[39m[39m
[33mWARN: [33m[33mArkTS:WARN File: /Users/yujiantao/DevEcoStudioProjects/bang/entry/src/main/ets/service/VoiceService.ets:213:27
 The system capacity of this api 'speak' is not supported on all devices
[39m[39m

[2026-09-18T17:40:12.473] [DEBUG] debug-file - Ark compile task finished.finished time is 1499774359609875
[2026-09-18T17:40:12.477] [DEBUG] debug-file - worker[4] has one work done.
[2026-09-18T17:40:12.480] [DEBUG] debug-file - default@CompileArkTS work[0] done.
[2026-09-18T17:40:12.494] [DEBUG] debug-file - Executing task :entry:default@PackageHap
[2026-09-18T17:40:12.500] [DEBUG] debug-file - default@PackageHap work[1] is submitted.
[2026-09-18T17:40:12.483] [INFO] debug-file - Finished :entry:default@CompileArkTS... after 5 s 190 ms 
[2026-09-18T17:40:12.497] [DEBUG] debug-file - entry:default@PackageHap is not up-to-date, since the input file '/Users/yujiantao/DevEcoStudioProjects/bang/entry/build/default/intermediates/loader_out/default/ets' has been changed.
[2026-09-18T17:40:12.500] [DEBUG] debug-file - default@PackageHap work[1] is pushed to ready queue.
[2026-09-18T17:40:12.487] [DEBUG] debug-file - Executing task :entry:default@GeneratePkgModuleJson
[2026-09-18T17:40:12.497] [DEBUG] debug-file - Incremental task entry:default@PackageHap pre-execution cost: 3 ms .
[2026-09-18T17:40:12.500] [DEBUG] debug-file - default@PackageHap work[1] is not dispatched.
[2026-09-18T17:40:12.487] [DEBUG] debug-file - File: '/Users/yujiantao/DevEcoStudioProjects/bang/entry/build/default/intermediates/preload/default/preload.json' from 'preloadSoJsonPath' is not exists, just ignore.
[2026-09-18T17:40:12.499] [DEBUG] debug-file - Use tool [/Applications/DevEco-Studio.app/Contents/sdk/default/openharmony/toolchains/lib/app_packing_tool.jar]
 [
  'java',
  '-Dfile.encoding=utf-8',
  '-jar',
  '/Applications/DevEco-Studio.app/Contents/sdk/default/openharmony/toolchains/lib/app_packing_tool.jar',
  '--mode',
  'hap',
  '--force',
  'true',
  '--lib-path',
  '/Users/yujiantao/DevEcoStudioProjects/bang/entry/build/default/intermediates/stripped_native_libs/default',
  '--json-path',
  '/Users/yujiantao/DevEcoStudioProjects/bang/entry/build/default/intermediates/package/default/module.json',
  '--resources-path',
  '/Users/yujiantao/DevEcoStudioProjects/bang/entry/build/default/intermediates/res/default/resources',
  '--index-path',
  '/Users/yujiantao/DevEcoStudioProjects/bang/entry/build/default/intermediates/res/default/resources.index',
  '--pack-info-path',
  '/Users/yujiantao/DevEcoStudioProjects/bang/entry/build/default/outputs/default/pack.info',
  '--out-path',
  '/Users/yujiantao/DevEcoStudioProjects/bang/entry/build/default/outputs/default/entry-default-unsigned.hap',
  '--ets-path',
  '/Users/yujiantao/DevEcoStudioProjects/bang/entry/build/default/intermediates/loader_out/default/ets',
  '--pkg-context-path',
  '/Users/yujiantao/DevEcoStudioProjects/bang/entry/build/default/intermediates/loader/default/pkgContextInfo.json'
]
[2026-09-18T17:40:12.501] [DEBUG] debug-file - entry : default@PackageHap cost memory 0.589508056640625
[2026-09-18T17:40:12.487] [DEBUG] debug-file - Error occurs while handling @Input 'shouldDeduplicateHar': The "data" argument must be of type string or an instance of Buffer, TypedArray, or DataView. Received undefined
[2026-09-18T17:40:12.487] [DEBUG] debug-file - Task 'entry:default@GeneratePkgModuleJson' cost while wrapping incremental declarations: 1 ms 
[2026-09-18T17:40:12.488] [DEBUG] debug-file - Incremental task entry:default@GeneratePkgModuleJson pre-execution cost: 1 ms .
[2026-09-18T17:40:12.488] [DEBUG] debug-file - entry : default@GeneratePkgModuleJson cost memory 0.3228302001953125
[2026-09-18T17:40:12.489] [INFO] debug-file - UP-TO-DATE :entry:default@GeneratePkgModuleJson...  
[2026-09-18T17:40:12.489] [DEBUG] debug-file - Executing task :entry:default@ProcessCompiledResources
[2026-09-18T17:40:12.489] [DEBUG] debug-file - File: '/Users/yujiantao/DevEcoStudioProjects/bang/entry/build/default/intermediates/preload/default/preload.json' from 'preloadSoJsonPath' is not exists, just ignore.
[2026-09-18T17:40:12.489] [DEBUG] debug-file - Task 'entry:default@ProcessCompiledResources' cost while wrapping incremental declarations: 1 ms 
[2026-09-18T17:40:12.490] [DEBUG] debug-file - entry : default@ProcessCompiledResources cost memory 0.0521392822265625
[2026-09-18T17:40:12.490] [DEBUG] debug-file - runTaskFromQueue task cost before running: 7 s 896 ms 
[2026-09-18T17:40:12.491] [INFO] debug-file - Finished :entry:default@ProcessCompiledResources... after 2 ms 
[2026-09-18T17:40:12.682] [DEBUG] debug-file - default@PackageHap work[1] has been dispatched to worker[4].
[2026-09-18T17:40:12.684] [DEBUG] debug-file - current process  memoryUsage: {
  rss: 421888000,
  heapTotal: 363134976,
  heapUsed: 320833360,
  external: 5304894,
  arrayBuffers: 396174
} os memoryUsage :15.881988525390625
[2026-09-18T17:40:12.702] [DEBUG] debug-file - A work dispatched to worker[7] failed because unable to get work from ready queue.
[2026-09-18T17:40:12.702] [DEBUG] debug-file - A work dispatched to worker[6] failed because unable to get work from ready queue.
[2026-09-18T17:40:12.702] [DEBUG] debug-file - A work dispatched to worker[5] failed because unable to get work from ready queue.
[2026-09-18T17:40:12.702] [DEBUG] debug-file - A work dispatched to worker[4] failed because of worker busy.
[2026-09-18T17:40:12.702] [DEBUG] debug-file - A work dispatched to worker[3] failed because unable to get work from ready queue.
[2026-09-18T17:40:12.702] [DEBUG] debug-file - A work dispatched to worker[2] failed because unable to get work from ready queue.
[2026-09-18T17:40:12.702] [DEBUG] debug-file - A work dispatched to worker[1] failed because unable to get work from ready queue.
[2026-09-18T17:40:12.702] [DEBUG] debug-file - A work dispatched to worker[0] failed because unable to get work from ready queue.
[2026-09-18T17:40:13.188] [DEBUG] debug-file - worker[4] has one work done.
[2026-09-18T17:40:13.188] [DEBUG] debug-file - default@PackageHap work[1] done.
[2026-09-18T17:40:13.196] [DEBUG] debug-file - Executing task :entry:default@SignHap
[2026-09-18T17:40:13.206] [DEBUG] debug-file - current process  memoryUsage: {
  rss: 347815936,
  heapTotal: 166248448,
  heapUsed: 135437560,
  external: 3851769,
  arrayBuffers: 131542
} os memoryUsage :15.847640991210938
[2026-09-18T17:40:13.189] [INFO] debug-file - Finished :entry:default@PackageHap... after 513 ms 
[2026-09-18T17:40:13.190] [DEBUG] debug-file - Executing task :entry:default@PackingCheck
[2026-09-18T17:40:13.197] [DEBUG] debug-file - entry:default@SignHap is not up-to-date, since the input file '/Users/yujiantao/DevEcoStudioProjects/bang/entry/build/default/outputs/default/entry-default-unsigned.hap' has been changed.
[2026-09-18T17:40:13.195] [DEBUG] debug-file - entry : default@PackingCheck cost memory 0.6691055297851562
[2026-09-18T17:40:13.197] [DEBUG] debug-file - Incremental task entry:default@SignHap pre-execution cost: 1 ms .
[2026-09-18T17:40:13.195] [DEBUG] debug-file - runTaskFromQueue task cost before running: 8 s 601 ms 
[2026-09-18T17:40:13.195] [INFO] debug-file - Finished :entry:default@PackingCheck... after 6 ms 
[2026-09-18T17:40:13.695] [DEBUG] debug-file - 09-18 17:40:13.695  INFO - Start verify-profile

[2026-09-18T17:40:13.876] [DEBUG] debug-file - 09-18 17:40:13.876  INFO - verify-profile success

[2026-09-18T17:40:13.895] [DEBUG] debug-file - current process  memoryUsage: {
  rss: 275841024,
  heapTotal: 166248448,
  heapUsed: 135855344,
  external: 3851881,
  arrayBuffers: 131654
} os memoryUsage :15.827789306640625
[2026-09-18T17:40:14.393] [DEBUG] debug-file - 09-18 17:40:14.393  INFO - Start sign-app

[2026-09-18T17:40:14.688] [DEBUG] debug-file - 09-18 17:40:14.685  INFO - certificate in profile: 俞建涛(1389902721670239361)\,Development

[2026-09-18T17:40:14.782] [DEBUG] debug-file - 09-18 17:40:14.781  INFO - Start to sign code.

[2026-09-18T17:40:14.793] [DEBUG] debug-file - 09-18 17:40:14.791  INFO - profile type is: debug

[2026-09-18T17:40:14.821] [DEBUG] debug-file - 09-18 17:40:14.820  INFO - /Users/yujiantao/.ohos/config/auto_bang_7YrzqJE1rIOdvZ_BTS9A9UF3By8y4SWYB3-MGJb9VSs=.p12 is exist. Try to load it with given passwd

[2026-09-18T17:40:14.924] [DEBUG] debug-file - 09-18 17:40:14.923  INFO - Create a sign info successfully.

[2026-09-18T17:40:14.933] [DEBUG] debug-file - 09-18 17:40:14.933  INFO - Create a sign info successfully.

[2026-09-18T17:40:14.938] [DEBUG] debug-file - 09-18 17:40:14.937  INFO - No native libs.

[2026-09-18T17:40:14.939] [DEBUG] debug-file - 09-18 17:40:14.939  INFO - Sign successfully.

[2026-09-18T17:40:14.951] [DEBUG] debug-file - 09-18 17:40:14.950  INFO - Add sign data in sign info list success.

[2026-09-18T17:40:14.953] [DEBUG] debug-file - 09-18 17:40:14.953  INFO - Generate signing block success, begin write it to output file

[2026-09-18T17:40:14.954] [DEBUG] debug-file - 09-18 17:40:14.954  INFO - Sign Hap success!

[2026-09-18T17:40:14.954] [DEBUG] debug-file - 09-18 17:40:14.954  INFO - sign-app success

[2026-09-18T17:40:14.965] [DEBUG] debug-file - entry : default@SignHap cost memory -22.383331298828125
[2026-09-18T17:40:14.966] [DEBUG] debug-file - runTaskFromQueue task cost before running: 10 s 371 ms 
[2026-09-18T17:40:14.971] [DEBUG] debug-file - Executing task :entry:default@CollectDebugSymbol
[2026-09-18T17:40:14.967] [INFO] debug-file - Finished :entry:default@SignHap... after 1 s 770 ms 
[2026-09-18T17:40:14.971] [DEBUG] debug-file - entry : default@CollectDebugSymbol cost memory 0.0801239013671875
[2026-09-18T17:40:14.971] [DEBUG] debug-file - runTaskFromQueue task cost before running: 10 s 377 ms 
[2026-09-18T17:40:14.971] [INFO] debug-file - Finished :entry:default@CollectDebugSymbol... after 1 ms 
[2026-09-18T17:40:14.972] [DEBUG] debug-file - Executing task :entry:assembleHap
[2026-09-18T17:40:14.972] [DEBUG] debug-file - entry : assembleHap cost memory 0.01287841796875
[2026-09-18T17:40:14.972] [DEBUG] debug-file - runTaskFromQueue task cost before running: 10 s 378 ms 
[2026-09-18T17:40:14.972] [INFO] debug-file - Finished :entry:assembleHap... after 1 ms 
[2026-09-18T17:40:14.974] [INFO] debug-file - BUILD SUCCESSFUL in 10 s 380 ms 
[2026-09-18T17:40:14.975] [DEBUG] debug-file - Update task entry:default@PreBuild input file:/Users/yujiantao/DevEcoStudioProjects/bang/AppScope/app.json5 cache by regenerate.
[2026-09-18T17:40:14.975] [DEBUG] debug-file - Update task entry:default@PreBuild input file:/Users/yujiantao/DevEcoStudioProjects/bang/entry/src/main/module.json5 cache by regenerate.
[2026-09-18T17:40:14.975] [DEBUG] debug-file - Update task entry:default@PreBuild input file:/Users/yujiantao/DevEcoStudioProjects/bang/build-profile.json5 cache by regenerate.
[2026-09-18T17:40:14.975] [DEBUG] debug-file - Update task entry:default@PreBuild input file:/Users/yujiantao/DevEcoStudioProjects/bang/entry/build-profile.json5 cache by regenerate.
[2026-09-18T17:40:14.975] [DEBUG] debug-file - Update task entry:default@PreBuild input file:/Users/yujiantao/DevEcoStudioProjects/bang/entry/src/main/resources/base/profile/main_pages.json cache by regenerate.
[2026-09-18T17:40:14.975] [DEBUG] debug-file - Update task entry:default@PreBuild input file:/Users/yujiantao/DevEcoStudioProjects/bang/hvigor/hvigor-config.json5 cache by regenerate.
[2026-09-18T17:40:14.975] [DEBUG] debug-file - Update task entry:default@PreBuild input file:/Users/yujiantao/DevEcoStudioProjects/bang/entry/oh-package.json5 cache by regenerate.
[2026-09-18T17:40:14.975] [DEBUG] debug-file - Update task entry:default@PreBuild input file:/Users/yujiantao/DevEcoStudioProjects/bang/oh-package.json5 cache by regenerate.
[2026-09-18T17:40:14.975] [DEBUG] debug-file - Incremental task entry:default@PreBuild post-execution cost:1 ms .
[2026-09-18T17:40:14.975] [DEBUG] debug-file - Update task entry:default@CreateModuleInfo output file:/Users/yujiantao/DevEcoStudioProjects/bang/entry/build/default/generated/profile/default/ModuleInfo.ts cache.
[2026-09-18T17:40:14.975] [DEBUG] debug-file - Incremental task entry:default@CreateModuleInfo post-execution cost:1 ms .
[2026-09-18T17:40:14.975] [DEBUG] debug-file - There is no need to refresh cache, since the incremental task entry:default@GenerateMetadata is up-to-date.
[2026-09-18T17:40:14.975] [DEBUG] debug-file - There is no need to refresh cache, since the incremental task entry:default@MergeProfile is up-to-date.
[2026-09-18T17:40:14.975] [DEBUG] debug-file - There is no need to refresh cache, since the incremental task entry:default@CreateBuildProfile is up-to-date.
[2026-09-18T17:40:14.975] [DEBUG] debug-file - There is no need to refresh cache, since the incremental task entry:default@GeneratePkgContextInfo is up-to-date.
[2026-09-18T17:40:14.975] [DEBUG] debug-file - Update task entry:default@GeneratePkgSdkInfo output file:/Users/yujiantao/DevEcoStudioProjects/bang/entry/build/default/intermediates/loader/default/pkgSdkInfo.json cache.
[2026-09-18T17:40:14.975] [DEBUG] debug-file - Incremental task entry:default@GeneratePkgSdkInfo post-execution cost:1 ms .
[2026-09-18T17:40:14.975] [DEBUG] debug-file - Update task entry:default@ProcessIntegratedHsp output file:/Users/yujiantao/DevEcoStudioProjects/bang/build/cache/default/integrated_hsp/integratedHspCache.json cache.
[2026-09-18T17:40:14.975] [DEBUG] debug-file - Incremental task entry:default@ProcessIntegratedHsp post-execution cost:1 ms .
[2026-09-18T17:40:14.975] [DEBUG] debug-file - There is no need to refresh cache, since the incremental task entry:default@MakePackInfo is up-to-date.
[2026-09-18T17:40:14.975] [DEBUG] debug-file - Update task entry:default@SyscapTransform input file:/Applications/DevEco-Studio.app/Contents/sdk/default/openharmony/toolchains/syscap_tool cache by regenerate.
[2026-09-18T17:40:14.975] [DEBUG] debug-file - Update task entry:default@SyscapTransform input file:/Applications/DevEco-Studio.app/Contents/sdk/default/openharmony/ets/api/device-define cache by regenerate.
[2026-09-18T17:40:14.976] [DEBUG] debug-file - Update task entry:default@SyscapTransform output file:/Users/yujiantao/DevEcoStudioProjects/bang/entry/build/default/intermediates/syscap/default/rpcid.sc cache.
[2026-09-18T17:40:14.976] [DEBUG] debug-file - Incremental task entry:default@SyscapTransform post-execution cost:1 ms .
[2026-09-18T17:40:14.976] [DEBUG] debug-file - There is no need to refresh cache, since the incremental task entry:default@ProcessProfile is up-to-date.
[2026-09-18T17:40:14.976] [DEBUG] debug-file - There is no need to refresh cache, since the incremental task entry:default@ProcessRouterMap is up-to-date.
[2026-09-18T17:40:14.976] [DEBUG] debug-file - There is no need to refresh cache, since the incremental task entry:default@ProcessShareConfig is up-to-date.
[2026-09-18T17:40:14.976] [DEBUG] debug-file - Update task entry:default@ProcessStartupConfig input file:/Users/yujiantao/DevEcoStudioProjects/bang/entry/build/default/intermediates/loader/default/pkgContextInfo.json cache by regenerate.
[2026-09-18T17:40:14.976] [DEBUG] debug-file - Update task entry:default@ProcessStartupConfig output file:/Users/yujiantao/DevEcoStudioProjects/bang/entry/build/default/intermediates/startup/default/startup_config.json cache.
[2026-09-18T17:40:14.976] [DEBUG] debug-file - Incremental task entry:default@ProcessStartupConfig post-execution cost:1 ms .
[2026-09-18T17:40:14.976] [DEBUG] debug-file - There is no need to refresh cache, since the incremental task entry:default@ProcessResource is up-to-date.
[2026-09-18T17:40:14.976] [DEBUG] debug-file - There is no need to refresh cache, since the incremental task entry:default@GenerateLoaderJson is up-to-date.
[2026-09-18T17:40:14.976] [DEBUG] debug-file - There is no need to refresh cache, since the incremental task entry:default@ProcessLibs is up-to-date.
[2026-09-18T17:40:14.976] [DEBUG] debug-file - There is no need to refresh cache, since the incremental task entry:default@CompileResource is up-to-date.
[2026-09-18T17:40:14.976] [DEBUG] debug-file - There is no need to refresh cache, since the incremental task entry:default@DoNativeStrip is up-to-date.
[2026-09-18T17:40:14.977] [DEBUG] debug-file - Update task entry:default@CompileArkTS input file:/Users/yujiantao/DevEcoStudioProjects/bang/entry/build/default/intermediates/loader/default cache by regenerate.
[2026-09-18T17:40:14.977] [DEBUG] debug-file - Update task entry:default@CompileArkTS input file:/Users/yujiantao/DevEcoStudioProjects/bang/entry/build/default/intermediates/res/default/resources/rawfile cache by regenerate.
[2026-09-18T17:40:14.979] [DEBUG] debug-file - Update task entry:default@CompileArkTS input file:/Users/yujiantao/DevEcoStudioProjects/bang/entry/build/default/intermediates/res/default/ResourceTable.txt cache by regenerate.
[2026-09-18T17:40:14.979] [DEBUG] debug-file - Update task entry:default@CompileArkTS input file:/Users/yujiantao/DevEcoStudioProjects/bang/entry/build/default/intermediates/res/default/ark_module.json cache by regenerate.
[2026-09-18T17:40:14.979] [DEBUG] debug-file - Update task entry:default@CompileArkTS input file:/Users/yujiantao/DevEcoStudioProjects/bang/entry/build/default/intermediates/res/default/resources/base/profile cache by regenerate.
[2026-09-18T17:40:14.979] [DEBUG] debug-file - Update task entry:default@CompileArkTS input file:/Users/yujiantao/DevEcoStudioProjects/bang/entry/src/main/ets cache from map.
[2026-09-18T17:40:14.979] [DEBUG] debug-file - Update task entry:default@CompileArkTS input file:/Users/yujiantao/DevEcoStudioProjects/bang/entry/build/default/intermediates/loader/default/pkgContextInfo.json cache by regenerate.
[2026-09-18T17:40:14.979] [DEBUG] debug-file - Update task entry:default@CompileArkTS input file:/Users/yujiantao/DevEcoStudioProjects/bang/entry/build/default/generated/profile/default/BuildProfile.ets cache by regenerate.
[2026-09-18T17:40:14.979] [DEBUG] debug-file - Update task entry:default@CompileArkTS output file:/Users/yujiantao/DevEcoStudioProjects/bang/entry/build/default/intermediates/loader_out/default/ets cache.
[2026-09-18T17:40:14.979] [DEBUG] debug-file - Incremental task entry:default@CompileArkTS post-execution cost:4 ms .
[2026-09-18T17:40:14.979] [DEBUG] debug-file - Update task entry:default@BuildJS input file:/Users/yujiantao/DevEcoStudioProjects/bang/entry/build/default/intermediates/loader/default cache by regenerate.
[2026-09-18T17:40:14.979] [DEBUG] debug-file - Update task entry:default@BuildJS input file:/Users/yujiantao/DevEcoStudioProjects/bang/entry/build/default/intermediates/res/default/resources/rawfile cache by regenerate.
[2026-09-18T17:40:14.980] [DEBUG] debug-file - Update task entry:default@BuildJS input file:/Users/yujiantao/DevEcoStudioProjects/bang/entry/build/default/intermediates/res/default/ResourceTable.txt cache by regenerate.
[2026-09-18T17:40:14.980] [DEBUG] debug-file - Update task entry:default@BuildJS input file:/Users/yujiantao/DevEcoStudioProjects/bang/entry/build/default/intermediates/res/default/ark_module.json cache by regenerate.
[2026-09-18T17:40:14.980] [DEBUG] debug-file - Update task entry:default@BuildJS input file:/Users/yujiantao/DevEcoStudioProjects/bang/entry/build/default/intermediates/res/default/resources/base/profile cache by regenerate.
[2026-09-18T17:40:14.980] [DEBUG] debug-file - Update task entry:default@BuildJS input file:/Users/yujiantao/DevEcoStudioProjects/bang/entry/build/default/intermediates/loader/default/pkgContextInfo.json cache by regenerate.
[2026-09-18T17:40:14.980] [DEBUG] debug-file - Update task entry:default@BuildJS output file:/Users/yujiantao/DevEcoStudioProjects/bang/entry/build/default/intermediates/loader_out/default/js cache.
[2026-09-18T17:40:14.980] [DEBUG] debug-file - Incremental task entry:default@BuildJS post-execution cost:2 ms .
[2026-09-18T17:40:14.980] [DEBUG] debug-file - There is no need to refresh cache, since the incremental task entry:default@CacheNativeLibs is up-to-date.
[2026-09-18T17:40:14.980] [DEBUG] debug-file - There is no need to refresh cache, since the incremental task entry:default@GeneratePkgModuleJson is up-to-date.
[2026-09-18T17:40:14.980] [DEBUG] debug-file - Incremental task entry:default@ProcessCompiledResources post-execution cost:1 ms .
[2026-09-18T17:40:14.981] [DEBUG] debug-file - Update task entry:default@PackageHap input file:/Users/yujiantao/DevEcoStudioProjects/bang/entry/build/default/intermediates/stripped_native_libs/default cache by regenerate.
[2026-09-18T17:40:14.981] [DEBUG] debug-file - Update task entry:default@PackageHap input file:/Users/yujiantao/DevEcoStudioProjects/bang/entry/build/default/intermediates/res/default/module.json cache by regenerate.
[2026-09-18T17:40:14.981] [DEBUG] debug-file - Update task entry:default@PackageHap input file:/Users/yujiantao/DevEcoStudioProjects/bang/entry/build/default/intermediates/res/default/resources cache by regenerate.
[2026-09-18T17:40:14.982] [DEBUG] debug-file - Update task entry:default@PackageHap input file:/Users/yujiantao/DevEcoStudioProjects/bang/entry/build/default/intermediates/res/default/resources.index cache by regenerate.
[2026-09-18T17:40:14.983] [DEBUG] debug-file - Update task entry:default@PackageHap input file:/Users/yujiantao/DevEcoStudioProjects/bang/entry/build/default/outputs/default/pack.info cache by regenerate.
[2026-09-18T17:40:14.983] [DEBUG] debug-file - Update task entry:default@PackageHap input file:/Users/yujiantao/DevEcoStudioProjects/bang/entry/build/default/intermediates/loader_out/default/ets cache from map.
[2026-09-18T17:40:14.983] [DEBUG] debug-file - Update task entry:default@PackageHap input file:/Users/yujiantao/DevEcoStudioProjects/bang/entry/build/default/intermediates/loader/default/pkgContextInfo.json cache by regenerate.
[2026-09-18T17:40:14.983] [DEBUG] debug-file - Update task entry:default@PackageHap input file:/Users/yujiantao/DevEcoStudioProjects/bang/entry/build/default/intermediates/loader_out/default/ets/sourceMaps.map cache by regenerate.
[2026-09-18T17:40:14.983] [DEBUG] debug-file - Update task entry:default@PackageHap input file:/Users/yujiantao/DevEcoStudioProjects/bang/entry/build/default/generated/profile/default/BuildProfile.ets cache by regenerate.
[2026-09-18T17:40:14.983] [DEBUG] debug-file - Update task entry:default@PackageHap output file:/Users/yujiantao/DevEcoStudioProjects/bang/entry/build/default/outputs/default/entry-default-unsigned.hap cache.
[2026-09-18T17:40:14.983] [DEBUG] debug-file - Update task entry:default@PackageHap output file:/Users/yujiantao/DevEcoStudioProjects/bang/entry/build/default/intermediates/source_map/default/sourceMaps.map cache.
[2026-09-18T17:40:14.984] [DEBUG] debug-file - Update task entry:default@PackageHap output file:/Users/yujiantao/DevEcoStudioProjects/bang/entry/build/default/outputs/default/mapping/sourceMaps.map cache.
[2026-09-18T17:40:14.984] [DEBUG] debug-file - Incremental task entry:default@PackageHap post-execution cost:4 ms .
[2026-09-18T17:40:14.984] [DEBUG] debug-file - Update task entry:default@SignHap input file:/Users/yujiantao/.ohos/config/auto_bang_7YrzqJE1rIOdvZ_BTS9A9UF3By8y4SWYB3-MGJb9VSs=.cer cache by regenerate.
[2026-09-18T17:40:14.984] [DEBUG] debug-file - Update task entry:default@SignHap input file:/Users/yujiantao/.ohos/config/auto_bang_7YrzqJE1rIOdvZ_BTS9A9UF3By8y4SWYB3-MGJb9VSs=.p7b cache by regenerate.
[2026-09-18T17:40:14.984] [DEBUG] debug-file - Update task entry:default@SignHap input file:/Users/yujiantao/.ohos/config/auto_bang_7YrzqJE1rIOdvZ_BTS9A9UF3By8y4SWYB3-MGJb9VSs=.p12 cache by regenerate.
[2026-09-18T17:40:14.984] [DEBUG] debug-file - Update task entry:default@SignHap input file:/Users/yujiantao/DevEcoStudioProjects/bang/entry/build/default/outputs/default/entry-default-unsigned.hap cache from map.
[2026-09-18T17:40:14.984] [DEBUG] debug-file - Update task entry:default@SignHap output file:/Users/yujiantao/DevEcoStudioProjects/bang/entry/build/default/outputs/default/entry-default-signed.hap cache.
[2026-09-18T17:40:14.984] [DEBUG] debug-file - Incremental task entry:default@SignHap post-execution cost:1 ms .
[2026-09-18T17:40:14.984] [DEBUG] debug-file - Update task entry:default@CollectDebugSymbol input file:/Users/yujiantao/DevEcoStudioProjects/bang/entry/build/default/intermediates/loader_out/default/ets/sourceMaps.map cache by regenerate.
[2026-09-18T17:40:14.984] [DEBUG] debug-file - Update task entry:default@CollectDebugSymbol input file:/Users/yujiantao/DevEcoStudioProjects/bang/entry/build/default/intermediates/libs/default cache by regenerate.
[2026-09-18T17:40:14.984] [DEBUG] debug-file - Update task entry:default@CollectDebugSymbol output file:/Users/yujiantao/DevEcoStudioProjects/bang/entry/build/default/outputs/default/symbol cache.
[2026-09-18T17:40:14.984] [DEBUG] debug-file - Incremental task entry:default@CollectDebugSymbol post-execution cost:1 ms .
[2026-09-18T17:40:14.993] [DEBUG] debug-file - Current worker pool is stopped or closed.
[2026-09-18T17:40:14.993] [DEBUG] debug-file - Clear worker 0.
[2026-09-18T17:40:14.993] [DEBUG] debug-file - Worker 0 has been cleared.
[2026-09-18T17:40:14.993] [DEBUG] debug-file - Current idle worker size: 2.
[2026-09-18T17:40:14.993] [DEBUG] debug-file - Current busy worker size: 0.
[2026-09-18T17:40:14.993] [DEBUG] debug-file - Clear worker 1.
[2026-09-18T17:40:14.993] [DEBUG] debug-file - Worker 1 has been cleared.
[2026-09-18T17:40:14.993] [DEBUG] debug-file - Current idle worker size: 1.
[2026-09-18T17:40:14.993] [DEBUG] debug-file - Current busy worker size: 0.
[2026-09-18T17:40:14.993] [DEBUG] debug-file - Clear worker 4.
[2026-09-18T17:40:14.993] [DEBUG] debug-file - Worker 4 has been cleared.
[2026-09-18T17:40:14.993] [DEBUG] debug-file - Current idle worker size: 0.
[2026-09-18T17:40:14.993] [DEBUG] debug-file - Current busy worker size: 0.
[2026-09-18T17:40:14.994] [DEBUG] debug-file - hvigor build process will be closed.
[2026-09-18T17:40:14.998] [DEBUG] debug-file - Current worker pool is terminated.
[2026-09-18T17:40:15.001] [DEBUG] debug-file - worker[1] exits with exit code 1.
[2026-09-18T17:40:15.008] [DEBUG] debug-file - worker[0] exits with exit code 1.
[2026-09-18T17:40:15.058] [DEBUG] debug-file - worker[4] exits with exit code 1.
[2026-09-18T17:42:25.156] [DEBUG] debug-file - env: nodejsVersion=v22.21.1
[2026-09-18T17:42:25.345] [DEBUG] debug-file - Hvigor init with startParameters:{
  hvigorfileTypeCheck: false,
  parallelExecution: true,
  incrementalExecution: true,
  printStackTrace: false,
  daemon: false,
  analyze: 0,
  logLevel: Level { level: 20000, levelStr: 'INFO', colour: 'green' },
  optimizationStrategy: 'memory',
  hotCompile: undefined,
  hotReloadBuild: undefined,
  customizedParam: undefined
}
[2026-09-18T17:42:26.242] [DEBUG] debug-file - hvigorfile, require result:  { default: { system: [Function: appTasks], plugins: [] } }
[2026-09-18T17:42:26.243] [DEBUG] debug-file - Starting plugin build process
[2026-09-18T17:42:26.344] [DEBUG] debug-file - App plugin register hook start...
[2026-09-18T17:42:26.345] [DEBUG] debug-file - Start initialize project's product build option map with build mode debug.
[2026-09-18T17:42:26.351] [DEBUG] debug-file - Start recording SDK configuration permission data.
[2026-09-18T17:42:26.346] [DEBUG] debug-file - Obtain build option for product 'default'in this build.
[2026-09-18T17:42:26.372] [DEBUG] debug-file - Project task initialization takes 3 ms 
[2026-09-18T17:42:26.377] [DEBUG] debug-file - failed to load cangjie to dynamically generate schemas: Error: Cannot find module '@ohos/cangjie-build-support/index'
Require stack:
- /Applications/DevEco-Studio.app/Contents/tools/hvigor/hvigor-ohos-plugin/src/plugin/hooks/cangjie-register.js
- /Applications/DevEco-Studio.app/Contents/tools/hvigor/hvigor-ohos-plugin/src/plugin/strategy/stage-init-strategy.js
- /Applications/DevEco-Studio.app/Contents/tools/hvigor/hvigor-ohos-plugin/src/plugin/builder/abstract-plugin-builder.js
- /Applications/DevEco-Studio.app/Contents/tools/hvigor/hvigor-ohos-plugin/src/plugin/builder/app-plugin-builder.js
- /Applications/DevEco-Studio.app/Contents/tools/hvigor/hvigor-ohos-plugin/src/plugin/factory/plugin-factory.js
- /Applications/DevEco-Studio.app/Contents/tools/hvigor/hvigor-ohos-plugin/index.js
- /Users/yujiantao/DevEcoStudioProjects/bang/hvigorfile.ts
- /Applications/DevEco-Studio.app/Contents/tools/hvigor/hvigor/src/base/internal/lifecycle/configuration.js
- /Applications/DevEco-Studio.app/Contents/tools/hvigor/hvigor/src/base/boot/index.js
- /Applications/DevEco-Studio.app/Contents/tools/hvigor/hvigor/src/cli/main/cli.js
- /Applications/DevEco-Studio.app/Contents/tools/hvigor/hvigor/bin/hvigor.js
[2026-09-18T17:42:26.381] [DEBUG] debug-file - Start initialize module-target build option map, moduleName=entry, buildMode=debug
[2026-09-18T17:42:26.385] [DEBUG] debug-file - project has submodules:entry
[2026-09-18T17:42:26.390] [DEBUG] debug-file - Start to initialize dependency information.
[2026-09-18T17:42:26.395] [DEBUG] debug-file - Executing task :entry:default@PreBuild
[2026-09-18T17:42:26.407] [DEBUG] debug-file - Executing task :entry:default@CreateBuildProfile
[2026-09-18T17:42:26.408] [DEBUG] debug-file - Executing task :entry:default@PreCheckSyscap
[2026-09-18T17:42:26.410] [DEBUG] debug-file - Executing task :entry:default@GeneratePkgContextInfo
[2026-09-18T17:42:26.386] [DEBUG] debug-file - start to load updatedOhPackageInfo to the disk
[2026-09-18T17:42:26.418] [DEBUG] debug-file - Executing task :entry:default@BuildNativeWithCmake
[2026-09-18T17:42:26.419] [DEBUG] debug-file - Executing task :entry:default@MakePackInfo
[2026-09-18T17:42:26.420] [DEBUG] debug-file - Executing task :entry:default@SyscapTransform
[2026-09-18T17:42:26.403] [DEBUG] debug-file - Executing task :entry:default@GenerateMetadata
[2026-09-18T17:42:26.440] [DEBUG] debug-file - Executing task :entry:default@ProcessProfile
[2026-09-18T17:42:26.445] [DEBUG] debug-file - Executing task :entry:default@ProcessShareConfig
[2026-09-18T17:42:26.443] [DEBUG] debug-file - Executing task :entry:default@ProcessRouterMap
[2026-09-18T17:42:26.446] [DEBUG] debug-file - Executing task :entry:default@ProcessStartupConfig
[2026-09-18T17:42:26.448] [DEBUG] debug-file - Executing task :entry:default@BuildNativeWithNinja
[2026-09-18T17:42:26.451] [DEBUG] debug-file - Executing task :entry:default@ProcessResource
[2026-09-18T17:42:26.454] [DEBUG] debug-file - Executing task :entry:default@GenerateLoaderJson
[2026-09-18T17:42:26.464] [DEBUG] debug-file - Executing task :entry:default@CompileResource
[2026-09-18T17:42:26.460] [DEBUG] debug-file - Executing task :entry:default@ProcessLibs
[2026-09-18T17:42:26.477] [DEBUG] debug-file - Executing task :entry:default@DoNativeStrip
[2026-09-18T17:42:26.513] [DEBUG] debug-file - Executing task :entry:default@BuildJS
[2026-09-18T17:42:26.498] [DEBUG] debug-file - Create  resident worker with id: 0.
[2026-09-18T17:42:26.518] [DEBUG] debug-file - Executing task :entry:default@CacheNativeLibs
[2026-09-18T17:42:25.157] [DEBUG] debug-file - env: hvigor-config.json5 content = {
  modelVersion: '5.0.0',
  dependencies: {},
  execution: {},
  logging: {},
  debugging: {},
  nodeOptions: {}
}
[2026-09-18T17:42:26.478] [DEBUG] debug-file - Executing task :entry:default@CompileArkTS
[2026-09-18T17:42:26.417] [DEBUG] debug-file - Executing task :entry:default@ProcessIntegratedHsp
[2026-09-18T17:42:25.350] [DEBUG] debug-file - Cache service initialization finished in 5 ms 
[2026-09-18T17:42:26.243] [DEBUG] debug-file - App plugin prepare start...
[2026-09-18T17:42:26.344] [DEBUG] debug-file - App plugin register hook end...
[2026-09-18T17:42:26.242] [DEBUG] debug-file - hvigorfile, binding system plugins [Function: appTasks]
[2026-09-18T17:42:26.345] [DEBUG] debug-file - Picking option from product 'default' with build mode 'debug'.
[2026-09-18T17:42:26.369] [DEBUG] debug-file - Sdk init in 21 ms 
[2026-09-18T17:42:26.347] [DEBUG] debug-file - /Users/yujiantao/DevEcoStudioProjects/bang/build/cache/default/remote_hsp/remoteHspCache.json not exists.
[2026-09-18T17:42:26.372] [DEBUG] debug-file - hvigorfile, begin to bind custom plugins...
[2026-09-18T17:42:26.381] [DEBUG] debug-file - Target 'default' config initialized
[2026-09-18T17:42:26.390] [DEBUG] debug-file - Module entry Collected Dependency: 
[2026-09-18T17:42:26.398] [DEBUG] debug-file - Task 'entry:default@PreBuild' cost while wrapping incremental declarations: 1 ms 
[2026-09-18T17:42:26.407] [DEBUG] debug-file - Task 'entry:default@CreateBuildProfile' cost while wrapping incremental declarations: 1 ms 
[2026-09-18T17:42:26.409] [DEBUG] debug-file - entry : default@PreCheckSyscap cost memory 0.028076171875
[2026-09-18T17:42:26.414] [DEBUG] debug-file - Task 'entry:default@GeneratePkgContextInfo' cost while wrapping incremental declarations: 1 ms 
[2026-09-18T17:42:26.388] [DEBUG] debug-file - load to the disk finished
[2026-09-18T17:42:26.418] [DEBUG] debug-file - entry : default@BuildNativeWithCmake cost memory 0.017364501953125
[2026-09-18T17:42:26.420] [DEBUG] debug-file - Incremental task entry:default@MakePackInfo pre-execution cost: 1 ms .
[2026-09-18T17:42:26.421] [DEBUG] debug-file - File: '/Users/yujiantao/DevEcoStudioProjects/bang/entry/src/main/syscap.json' from 'sysCapJsonPath' is not exists, just ignore.
[2026-09-18T17:42:26.403] [DEBUG] debug-file - Task 'entry:default@GenerateMetadata' cost while wrapping incremental declarations: 1 ms 
[2026-09-18T17:42:26.441] [DEBUG] debug-file - Task 'entry:default@ProcessProfile' cost while wrapping incremental declarations: 1 ms 
[2026-09-18T17:42:26.445] [DEBUG] debug-file - Incremental task entry:default@ProcessShareConfig pre-execution cost: 1 ms .
[2026-09-18T17:42:26.443] [DEBUG] debug-file - Incremental task entry:default@ProcessRouterMap pre-execution cost: 1 ms .
[2026-09-18T17:42:26.446] [DEBUG] debug-file - Task 'entry:default@ProcessStartupConfig' cost while wrapping incremental declarations: 1 ms 
[2026-09-18T17:42:26.449] [DEBUG] debug-file - entry : default@BuildNativeWithNinja cost memory 0.0230560302734375
[2026-09-18T17:42:26.451] [DEBUG] debug-file - Task 'entry:default@ProcessResource' cost while wrapping incremental declarations: 1 ms 
[2026-09-18T17:42:26.385] [DEBUG] debug-file - module:entry no need to execute packageHap
[2026-09-18T17:42:26.454] [DEBUG] debug-file - Task 'entry:default@GenerateLoaderJson' cost while wrapping incremental declarations: 1 ms 
[2026-09-18T17:42:26.473] [DEBUG] debug-file - Incremental task entry:default@CompileResource pre-execution cost: 8 ms .
[2026-09-18T17:42:26.463] [DEBUG] debug-file - Incremental task entry:default@ProcessLibs pre-execution cost: 2 ms .
[2026-09-18T17:42:26.477] [DEBUG] debug-file - File: '/Users/yujiantao/DevEcoStudioProjects/bang/entry/build/default/intermediates/binxo/default' from 'doBinxoNativeLibs' is not exists, just ignore.
[2026-09-18T17:42:26.514] [DEBUG] debug-file - Task 'entry:default@BuildJS' cost while wrapping incremental declarations: 1 ms 
[2026-09-18T17:42:26.501] [DEBUG] debug-file - Create  resident worker with id: 1.
[2026-09-18T17:42:26.519] [DEBUG] debug-file - File: '/Users/yujiantao/DevEcoStudioProjects/bang/entry/build/default/intermediates/binxo/default' from 'cacheBinxoNativeLibs' is not exists, just ignore.
[2026-09-18T17:42:25.157] [DEBUG] debug-file - env: daemon=false
[2026-09-18T17:42:26.479] [DEBUG] debug-file - obfuscationOptions: undefined
[2026-09-18T17:42:26.417] [DEBUG] debug-file - entry:default@ProcessIntegratedHsp is not up-to-date, since the output file '/Users/yujiantao/DevEcoStudioProjects/bang/build/cache/default/integrated_hsp/integratedHspCache.json' does not exist.
[2026-09-18T17:42:25.351] [DEBUG] debug-file - hvigorfile, resolving /Users/yujiantao/DevEcoStudioProjects/bang/hvigorfile.ts
[2026-09-18T17:42:26.243] [DEBUG] debug-file - App plugin prepare end...
[2026-09-18T17:42:26.344] [DEBUG] debug-file - Plugin build process completed
[2026-09-18T17:42:26.345] [DEBUG] debug-file - Product 'default' build option initialized
[2026-09-18T17:42:26.349] [DEBUG] debug-file - Local scan or download HarmonyOS sdk components toolchains,ets,js,native,previewer
[2026-09-18T17:42:26.372] [DEBUG] debug-file - hvigorfile, no custom plugins were found in /Users/yujiantao/DevEcoStudioProjects/bang/hvigorfile.ts
[2026-09-18T17:42:26.382] [DEBUG] debug-file - Module 'entry' target 'default' build option initialized
[2026-09-18T17:42:26.390] [DEBUG] debug-file - Module entry's total dependency: 0
[2026-09-18T17:42:26.400] [DEBUG] debug-file - Incremental task entry:default@PreBuild pre-execution cost: 2 ms .
[2026-09-18T17:42:26.409] [DEBUG] debug-file - runTaskFromQueue task cost before running: 1 s 68 ms 
[2026-09-18T17:42:26.408] [DEBUG] debug-file - Incremental task entry:default@CreateBuildProfile pre-execution cost: 1 ms .
[2026-09-18T17:42:26.414] [DEBUG] debug-file - Incremental task entry:default@GeneratePkgContextInfo pre-execution cost: 1 ms .
[2026-09-18T17:42:26.388] [DEBUG] debug-file - Start to initialize dependency information.
[2026-09-18T17:42:26.418] [DEBUG] debug-file - runTaskFromQueue task cost before running: 1 s 77 ms 
[2026-09-18T17:42:26.420] [DEBUG] debug-file - entry : default@MakePackInfo cost memory 0.12136077880859375
[2026-09-18T17:42:26.421] [DEBUG] debug-file - Task 'entry:default@SyscapTransform' cost while wrapping incremental declarations: 1 ms 
[2026-09-18T17:42:26.404] [DEBUG] debug-file - Incremental task entry:default@GenerateMetadata pre-execution cost: 1 ms .
[2026-09-18T17:42:26.445] [DEBUG] debug-file - entry : default@ProcessShareConfig cost memory 0.12586212158203125
[2026-09-18T17:42:26.442] [DEBUG] debug-file - Incremental task entry:default@ProcessProfile pre-execution cost: 1 ms .
[2026-09-18T17:42:26.447] [DEBUG] debug-file - entry:default@ProcessStartupConfig is not up-to-date, since the output file '/Users/yujiantao/DevEcoStudioProjects/bang/entry/build/default/intermediates/startup/default/startup_config.json' does not exist.
[2026-09-18T17:42:26.449] [DEBUG] debug-file - runTaskFromQueue task cost before running: 1 s 108 ms 
[2026-09-18T17:42:26.452] [DEBUG] debug-file - Incremental task entry:default@ProcessResource pre-execution cost: 1 ms .
[2026-09-18T17:42:26.458] [DEBUG] debug-file - Incremental task entry:default@GenerateLoaderJson pre-execution cost: 2 ms .
[2026-09-18T17:42:26.473] [DEBUG] debug-file - entry : default@CompileResource cost memory 0.7053298950195312
[2026-09-18T17:42:26.463] [DEBUG] debug-file - entry : default@ProcessLibs cost memory 0.096099853515625
[2026-09-18T17:42:26.477] [DEBUG] debug-file - Task 'entry:default@DoNativeStrip' cost while wrapping incremental declarations: 1 ms 
[2026-09-18T17:42:26.516] [DEBUG] debug-file - entry : default@BuildJS cost memory 0.15621185302734375
[2026-09-18T17:42:26.503] [DEBUG] debug-file - default@CompileArkTS work[0] is submitted.
[2026-09-18T17:42:26.443] [DEBUG] debug-file - entry : default@ProcessRouterMap cost memory 0.1399383544921875
[2026-09-18T17:42:26.519] [DEBUG] debug-file - Task 'entry:default@CacheNativeLibs' cost while wrapping incremental declarations: 1 ms 
[2026-09-18T17:42:25.157] [DEBUG] debug-file - no-daemon, use the parent process.execArgv --max-old-space-size=8192,--max-semi-space-size=16,--expose-gc
[2026-09-18T17:42:26.480] [DEBUG] debug-file - Task 'entry:default@CompileArkTS' cost while wrapping incremental declarations: 1 ms 
[2026-09-18T17:42:26.417] [DEBUG] debug-file - Incremental task entry:default@ProcessIntegratedHsp pre-execution cost: 1 ms .
[2026-09-18T17:42:26.243] [DEBUG] debug-file - App plugin creating...
[2026-09-18T17:42:26.345] [DEBUG] debug-file - End initialize project's product build option map with build mode 'debug'.
[2026-09-18T17:42:26.350] [DEBUG] debug-file - Local scan or download hmscore sdk components toolchains,ets,native
[2026-09-18T17:42:26.372] [DEBUG] debug-file - hvigorfile, resolve finished /Users/yujiantao/DevEcoStudioProjects/bang/hvigorfile.ts
[2026-09-18T17:42:26.382] [DEBUG] debug-file - End initialize module-target build option map, moduleName=entry
[2026-09-18T17:42:26.392] [DEBUG] debug-file - Configuration phase cost:1 s 42 ms 
[2026-09-18T17:42:26.400] [DEBUG] debug-file - entry : default@PreBuild cost memory 0.7308120727539062
[2026-09-18T17:42:26.409] [INFO] debug-file - Finished :entry:default@PreCheckSyscap... after 1 ms 
[2026-09-18T17:42:26.408] [DEBUG] debug-file - entry : default@CreateBuildProfile cost memory 0.10201263427734375
[2026-09-18T17:42:26.414] [DEBUG] debug-file - entry : default@GeneratePkgContextInfo cost memory 0.35532379150390625
[2026-09-18T17:42:26.389] [DEBUG] debug-file - Module bang Collected Dependency: 
[2026-09-18T17:42:26.418] [INFO] debug-file - Finished :entry:default@BuildNativeWithCmake... after 1 ms 
[2026-09-18T17:42:26.420] [INFO] debug-file - UP-TO-DATE :entry:default@MakePackInfo...  
[2026-09-18T17:42:26.438] [DEBUG] debug-file - entry:default@SyscapTransform is not up-to-date, since the output file '/Users/yujiantao/DevEcoStudioProjects/bang/entry/build/default/intermediates/syscap/default/rpcid.sc' does not exist.
[2026-09-18T17:42:26.404] [DEBUG] debug-file - entry : default@GenerateMetadata cost memory 0.133697509765625
[2026-09-18T17:42:26.446] [INFO] debug-file - UP-TO-DATE :entry:default@ProcessShareConfig...  
[2026-09-18T17:42:26.442] [DEBUG] debug-file - entry : default@ProcessProfile cost memory 0.1500701904296875
[2026-09-18T17:42:26.447] [DEBUG] debug-file - Incremental task entry:default@ProcessStartupConfig pre-execution cost: 1 ms .
[2026-09-18T17:42:26.449] [INFO] debug-file - Finished :entry:default@BuildNativeWithNinja... after 1 ms 
[2026-09-18T17:42:26.452] [DEBUG] debug-file - entry : default@ProcessResource cost memory 0.13062286376953125
[2026-09-18T17:42:26.458] [DEBUG] debug-file - entry : default@GenerateLoaderJson cost memory 0.45993804931640625
[2026-09-18T17:42:26.475] [INFO] debug-file - UP-TO-DATE :entry:default@CompileResource...  
[2026-09-18T17:42:26.463] [INFO] debug-file - UP-TO-DATE :entry:default@ProcessLibs...  
[2026-09-18T17:42:26.477] [DEBUG] debug-file - Incremental task entry:default@DoNativeStrip pre-execution cost: 1 ms .
[2026-09-18T17:42:26.516] [DEBUG] debug-file - runTaskFromQueue task cost before running: 1 s 175 ms 
[2026-09-18T17:42:26.444] [INFO] debug-file - UP-TO-DATE :entry:default@ProcessRouterMap...  
[2026-09-18T17:42:26.503] [DEBUG] debug-file - default@CompileArkTS work[0] is pushed to ready queue.
[2026-09-18T17:42:26.520] [DEBUG] debug-file - Incremental task entry:default@CacheNativeLibs pre-execution cost: 1 ms .
[2026-09-18T17:42:26.486] [DEBUG] debug-file - entry:default@CompileArkTS is not up-to-date, since the input file '/Users/yujiantao/DevEcoStudioProjects/bang/entry/src/main/ets' has been changed.
[2026-09-18T17:42:26.417] [DEBUG] debug-file - entry : default@ProcessIntegratedHsp cost memory 0.05577850341796875
[2026-09-18T17:42:26.373] [DEBUG] debug-file - hvigorfile, resolving /Users/yujiantao/DevEcoStudioProjects/bang/entry/hvigorfile.ts
[2026-09-18T17:42:26.382] [DEBUG] debug-file - Start initialize module-target build option map, moduleName=entry, buildMode=release
[2026-09-18T17:42:26.393] [DEBUG] debug-file - Configuration task cost before running: 1 s 52 ms 
[2026-09-18T17:42:26.401] [INFO] debug-file - UP-TO-DATE :entry:default@PreBuild...  
[2026-09-18T17:42:26.408] [INFO] debug-file - UP-TO-DATE :entry:default@CreateBuildProfile...  
[2026-09-18T17:42:26.415] [INFO] debug-file - UP-TO-DATE :entry:default@GeneratePkgContextInfo...  
[2026-09-18T17:42:26.389] [DEBUG] debug-file - Module bang's total dependency: 0
[2026-09-18T17:42:26.438] [DEBUG] debug-file - Incremental task entry:default@SyscapTransform pre-execution cost: 18 ms .
[2026-09-18T17:42:26.404] [INFO] debug-file - UP-TO-DATE :entry:default@GenerateMetadata...  
[2026-09-18T17:42:26.442] [INFO] debug-file - UP-TO-DATE :entry:default@ProcessProfile...  
[2026-09-18T17:42:26.447] [DEBUG] debug-file - entry : default@ProcessStartupConfig cost memory 0.11125946044921875
[2026-09-18T17:42:26.449] [DEBUG] debug-file - restool module names: entry; moduleName=entry, taskName=default@ProcessResource
[2026-09-18T17:42:26.452] [INFO] debug-file - UP-TO-DATE :entry:default@ProcessResource...  
[2026-09-18T17:42:26.459] [INFO] debug-file - UP-TO-DATE :entry:default@GenerateLoaderJson...  
[2026-09-18T17:42:26.464] [DEBUG] debug-file - restool module names: entry; moduleName=entry, taskName=default@CompileResource
[2026-09-18T17:42:26.477] [DEBUG] debug-file - entry : default@DoNativeStrip cost memory 0.074188232421875
[2026-09-18T17:42:26.517] [INFO] debug-file - Finished :entry:default@BuildJS... after 3 ms 
[2026-09-18T17:42:26.504] [DEBUG] debug-file - A work dispatched to worker[7] failed because unable to get work from ready queue.
[2026-09-18T17:42:26.521] [DEBUG] debug-file - entry : default@CacheNativeLibs cost memory 0.32245635986328125
[2026-09-18T17:42:26.486] [DEBUG] debug-file - Incremental task entry:default@CompileArkTS pre-execution cost: 6 ms .
[2026-09-18T17:42:26.418] [DEBUG] debug-file - runTaskFromQueue task cost before running: 1 s 77 ms 
[2026-09-18T17:42:26.382] [DEBUG] debug-file - Target 'default' config initialized
[2026-09-18T17:42:26.401] [DEBUG] debug-file - Executing task :entry:default@CreateModuleInfo
[2026-09-18T17:42:26.415] [DEBUG] debug-file - Executing task :entry:default@GeneratePkgSdkInfo
[2026-09-18T17:42:26.376] [DEBUG] debug-file - hvigorfile, require result:  { default: { system: [Function: hapTasks], plugins: [] } }
[2026-09-18T17:42:26.439] [DEBUG] debug-file - entry : default@SyscapTransform cost memory 0.12429046630859375
[2026-09-18T17:42:26.405] [DEBUG] debug-file - Executing task :entry:default@ConfigureCmake
[2026-09-18T17:42:26.447] [DEBUG] debug-file - runTaskFromQueue task cost before running: 1 s 107 ms 
[2026-09-18T17:42:26.477] [INFO] debug-file - UP-TO-DATE :entry:default@DoNativeStrip...  
[2026-09-18T17:42:26.504] [DEBUG] debug-file - A work dispatched to worker[6] failed because unable to get work from ready queue.
[2026-09-18T17:42:26.521] [INFO] debug-file - UP-TO-DATE :entry:default@CacheNativeLibs...  
[2026-09-18T17:42:26.496] [DEBUG] debug-file - build config:
[2026-09-18T17:42:26.418] [INFO] debug-file - Finished :entry:default@ProcessIntegratedHsp... after 1 ms 
[2026-09-18T17:42:26.382] [DEBUG] debug-file - Module 'entry' target 'default' build option initialized
[2026-09-18T17:42:26.416] [DEBUG] debug-file - Task 'entry:default@GeneratePkgSdkInfo' cost while wrapping incremental declarations: 1 ms 
[2026-09-18T17:42:26.376] [DEBUG] debug-file - hvigorfile, binding system plugins [Function: hapTasks]
[2026-09-18T17:42:26.439] [DEBUG] debug-file - runTaskFromQueue task cost before running: 1 s 98 ms 
[2026-09-18T17:42:26.405] [DEBUG] debug-file - entry : default@ConfigureCmake cost memory 0.0163116455078125
[2026-09-18T17:42:26.401] [DEBUG] debug-file - Task 'entry:default@CreateModuleInfo' cost while wrapping incremental declarations: 1 ms 
[2026-09-18T17:42:26.504] [DEBUG] debug-file - A work dispatched to worker[5] failed because unable to get work from ready queue.
[2026-09-18T17:42:26.496] [DEBUG] debug-file - {
  moduleType: 'entry',
  perf: 0,
  targetName: '.default',
  packageManagerType: 'ohpm',
  localPropertiesPath: '/Users/yujiantao/DevEcoStudioProjects/bang/local.properties',
  isPreview: false,
  isOhosTest: false,
  isLocalTest: false,
  buildMode: 'Debug',
  hotReloadBuild: undefined,
  watchMode: 'false',
  aceProfilePath: '/Users/yujiantao/DevEcoStudioProjects/bang/entry/build/default/intermediates/res/default/resources/base/profile',
  etsLoaderPath: '/Applications/DevEco-Studio.app/Contents/sdk/default/openharmony/ets/build-tools/ets-loader',
  modulePath: '/Users/yujiantao/DevEcoStudioProjects/bang/entry',
  testFrameworkPar: {
    testMode: undefined,
    coveragePathFilter: undefined,
    coverageMode: undefined
  },
  needCoverageInsert: false,
  debugLine: false,
  projectTopDir: '/Users/yujiantao/DevEcoStudioProjects/bang',
  compileSdkVersion: 24,
  compatibleSdkVersion: 12,
  originCompatibleSdkVersion: '5.0.0(12)',
  compatibleSdkVersionStage: 'beta1',
  bundleName: 'c***g',
  etsLoaderVersion: '6.1.1.125',
  etsLoaderReleaseType: 'Release',
  aotCompileMode: 'type',
  apPath: '/Users/yujiantao/DevEcoStudioProjects/bang/entry/modules.ap',
  entryModuleName: 'entry',
  entryModuleVersion: '1.0.0',
  entryPackageName: 'entry',
  allModuleNameHash: 'a0f1f6b39c100346c0a0d6c2c78f06287901f29efd59bf9215abebb99973443a',
  externalApiPaths: [ '/Applications/DevEco-Studio.app/Contents/sdk/default/hms/ets' ],
  compilerTypes: [],
  isCrossplatform: false,
  hvigorPluginFile: undefined,
  compilePluginPath: undefined,
  buildGeneratedProfilePath: '/Users/yujiantao/DevEcoStudioProjects/bang/entry/build/default/generated/profile/default',
  bundleType: 'app',
  arkTSVersion: undefined,
  apiVersion: 24,
  needCompleteSourcesMap: false,
  isFaMode: false,
  buildDir: '/Users/yujiantao/DevEcoStudioProjects/bang/entry/build',
  deviceTypes: [ 'phone', 'tablet', '2in1', 'wearable' ],
  pkgContextInfo: {
    entry: {
      packageName: 'entry',
      bundleName: '*****',
      moduleName: '',
      version: '',
      entryPath: 'src/main/',
      isSO: false,
      dependencyAlias: ''
    }
  },
  ohPackagePathMap: {},
  dependencyAliasMap: {},
  permission: {
    requestPermissions: [ [Object], [Object], [Object], [Object] ],
    definePermissions: undefined
  },
  useGetCurrentBundleName: false,
  projectArkOption: undefined,
  sourceMapDir: undefined,
  branchElimination: false,
  transformLib: undefined,
  tsImportSendable: false,
  resolveConflictMode: true,
  depName2RootPath: {},
  depName2DepInfo: {},
  depName2OhExports: {},
  rootPathSet: [ '/Users/yujiantao/DevEcoStudioProjects/bang' ],
  useNativeResolver: true,
  shouldEmitJs: true,
  useTscResolve: false,
  singleFileEmit: false,
  userProjectConfig: {
    autoLazyImport: false,
    allowEmptyBundleName: false,
    reExportCheckMode: 'noCheck',
    executionMode: 'memory',
    usePathPlaceholder: false,
    writeRollupCache: true,
    isExpandImportEnabled: false,
    expandImportExclude: '',
    lazyImportExclude: '',
    lazyImportInclude: '',
    ignoreCrossplatformCheck: false,
    isHarDeduplicateEnabled: false,
    skipOhModulesLint: false,
    enableStrictCheckOHModule: false,
    disableSendableCheckRules: [],
    useDeclarationFileSignature: false,
    customizedOptions: undefined,
    integratedHsp: false,
    isPreloadSoEnabled: false
  },
  executionMode: 'memory',
  arkCompileCachePath: '/Users/yujiantao/DevEcoStudioProjects/bang/entry/build/default/cache/default/default@CompileArkTS/esmodule',
  autoLazyFilter: undefined,
  isHarDeduplicateEnabled: false,
  intermediateHarDuplicateDirPath: '/Users/yujiantao/DevEcoStudioProjects/bang/entry/build/default/intermediates/har_duplicate/default',
  autoLazyImport: false,
  allowEmptyBundleName: false,
  reExportCheckMode: 'noCheck',
  usePathPlaceholder: false,
  writeRollupCache: true,
  isExpandImportEnabled: false,
  expandImportExclude: '',
  lazyImportExclude: '',
  lazyImportInclude: '',
  ignoreCrossplatformCheck: false,
  skipOhModulesLint: false,
  enableStrictCheckOHModule: false,
  disableSendableCheckRules: [],
  useDeclarationFileSignature: false,
  customizedOptions: undefined,
  integratedHsp: false,
  isPreloadSoEnabled: false,
  strictMode: {
    caseSensitiveCheck: true,
    useNormalizedOHMUrl: true,
    noExternalImportByPath: true
  },
  useNormalizedOHMUrl: true,
  caseSensitiveCheck: true,
  strictCheckerOnly: false,
  aceModuleJsonPath: '/Users/yujiantao/DevEcoStudioProjects/bang/entry/build/default/intermediates/res/default/ark_module.json',
  appResource: '/Users/yujiantao/DevEcoStudioProjects/bang/entry/build/default/intermediates/res/default/ResourceTable.txt',
  rawFileResource: '/Users/yujiantao/DevEcoStudioProjects/bang/entry/build/default/intermediates/res/default/resources/rawfile',
  resourceTableHash: 'e9a7d39e4c0834ee806c9512474476824fbde80b6bf661c30b39b52146d38e7e',
  runtimeOS: 'HarmonyOS',
  sdkInfo: 'false:24:6.1.1.125:Release',
  aceModuleRoot: '/Users/yujiantao/DevEcoStudioProjects/bang/entry/src/main/ets',
  compileMode: 'esmodule',
  aceSuperVisualPath: '/Users/yujiantao/DevEcoStudioProjects/bang/entry/src/main/supervisual',
  aceBuildJson: '/Users/yujiantao/DevEcoStudioProjects/bang/entry/build/default/intermediates/loader/default/loader.json',
  cachePath: '/Users/yujiantao/DevEcoStudioProjects/bang/entry/build/default/cache/default/default@CompileArkTS/esmodule/debug',
  aceModuleBuild: '/Users/yujiantao/DevEcoStudioProjects/bang/entry/build/default/intermediates/loader_out/default/ets',
  supportChunks: true,
  declaredFilesPath: undefined,
  shouldCollectDirectImportees: false,
  isByteCodeHarOptimize: false,
  expandImportPath: undefined,
  resourceTableTs: '/Users/yujiantao/DevEcoStudioProjects/bang/entry/build/default/generated/r/default/ResourceTable.ts',
  moduleMetaInfoFiles: [
    {
      filePath: '/Users/yujiantao/DevEcoStudioProjects/bang/entry/build/default/generated/r/default/ResourceTable.ts',
      ohmurl: '&entry/build/generated/r/ResourceTable&'
    }
  ],
  pkgNameToPkgBriefInfo: {
    entry: {
      pkgRoot: '/Users/yujiantao/DevEcoStudioProjects/bang/entry',
      originalSourceRoots: undefined,
      sourceRoots: [Array],
      pkgName: 'entry'
    }
  },
  projectModel: {
    '/Users/yujiantao/DevEcoStudioProjects/bang/entry/src/main': {
      moduleName: 'entry',
      modulePkgPath: '/Users/yujiantao/DevEcoStudioProjects/bang/entry',
      belongProjectPath: '/Users/yujiantao/DevEcoStudioProjects/bang'
    },
    '/Users/yujiantao/DevEcoStudioProjects/bang/entry': {
      moduleName: 'entry',
      modulePkgPath: '/Users/yujiantao/DevEcoStudioProjects/bang/entry',
      belongProjectPath: '/Users/yujiantao/DevEcoStudioProjects/bang'
    },
    '/Users/yujiantao/DevEcoStudioProjects/bang': {
      moduleName: 'bang',
      modulePkgPath: '/Users/yujiantao/DevEcoStudioProjects/bang',
      belongProjectPath: '/Users/yujiantao/DevEcoStudioProjects/bang'
    }
  },
  pkgJsonFileHash: '40b1841bbf357057c65feb3ac28ea243d081eae1882bb847cf02bca9ce23c51d',
  allModulePaths: [ '/Users/yujiantao/DevEcoStudioProjects/bang/entry' ],
  routerMap: {},
  obfuscationOptions: undefined,
  byteCodeHarToDependencyKeys: undefined,
  compileBlockPkg: [],
  mockParams: {
    decorator: '@MockSetup',
    packageName: '@ohos/hamock',
    etsSourceRootPath: 'src/main/ets',
    mockConfigPath: undefined,
    mockConfigKey2ModuleInfo: {},
    source2ModuleIdMap: {}
  },
  copyCodeResourceEnable: false,
  copyCodeResourceExcludes: [],
  copyCodeResourceIncludes: undefined,
  uiTransformOptimization: false,
  sdkPath: '/Applications/DevEco-Studio.app/Contents/sdk',
  needPreloadSoFileSet: {},
  preloadSoFilePath: '/Users/yujiantao/DevEcoStudioProjects/bang/entry/build/default/intermediates/preload/default/preload.json',
  useSourceHash: false,
  localModuleParamMap: {},
  otherPaths: {
    'entry/*': [ '../*', '../../../build/default/generated/profile/default/*' ]
  },
  collectImportersConfig: undefined
}
[2026-09-18T17:42:26.448] [INFO] debug-file - Finished :entry:default@ProcessStartupConfig... after 2 ms 
[2026-09-18T17:42:26.382] [DEBUG] debug-file - End initialize module-target build option map, moduleName=entry
[2026-09-18T17:42:26.416] [DEBUG] debug-file - entry : default@GeneratePkgSdkInfo cost memory 0.1334991455078125
[2026-09-18T17:42:26.376] [DEBUG] debug-file - Starting plugin build process
[2026-09-18T17:42:26.439] [INFO] debug-file - Finished :entry:default@SyscapTransform... after 19 ms 
[2026-09-18T17:42:26.405] [DEBUG] debug-file - runTaskFromQueue task cost before running: 1 s 64 ms 
[2026-09-18T17:42:26.504] [DEBUG] debug-file - Create  resident worker with id: 4.
[2026-09-18T17:42:26.497] [DEBUG] debug-file - Compile arkts with external api path: /Applications/DevEco-Studio.app/Contents/sdk/default/hms/ets
[2026-09-18T17:42:26.382] [DEBUG] debug-file - Start initialize module-target build option map, moduleName=entry, buildMode=debug
[2026-09-18T17:42:26.416] [DEBUG] debug-file - runTaskFromQueue task cost before running: 1 s 75 ms 
[2026-09-18T17:42:26.402] [DEBUG] debug-file - entry : default@CreateModuleInfo cost memory 0.064422607421875
[2026-09-18T17:42:26.376] [DEBUG] debug-file - Hap plugin creating...
[2026-09-18T17:42:26.405] [INFO] debug-file - Finished :entry:default@ConfigureCmake... after 1 ms 
[2026-09-18T17:42:26.511] [DEBUG] debug-file - default@CompileArkTS work[0] has been dispatched to worker[4].
[2026-09-18T17:42:26.497] [DEBUG] debug-file - Since there is no instance or instance is terminated, create a new worker pool.
[2026-09-18T17:42:26.382] [DEBUG] debug-file - Target 'default' config initialized
[2026-09-18T17:42:26.416] [INFO] debug-file - Finished :entry:default@GeneratePkgSdkInfo... after 1 ms 
[2026-09-18T17:42:26.402] [DEBUG] debug-file - runTaskFromQueue task cost before running: 1 s 61 ms 
[2026-09-18T17:42:26.406] [DEBUG] debug-file - Executing task :entry:default@MergeProfile
[2026-09-18T17:42:26.497] [DEBUG] debug-file - Worker pool is initialized with config:  {
  minPoolNum: 2,
  maxPoolNum: undefined,
  maxCoreSize: undefined,
  cacheCapacity: undefined,
  cacheTtl: undefined
}
[2026-09-18T17:42:26.382] [DEBUG] debug-file - Module 'entry' target 'default' build option initialized
[2026-09-18T17:42:26.402] [INFO] debug-file - Finished :entry:default@CreateModuleInfo... after 1 ms 
[2026-09-18T17:42:26.511] [DEBUG] debug-file - default@CompileArkTS work[0] is dispatched.
[2026-09-18T17:42:26.406] [DEBUG] debug-file - Task 'entry:default@MergeProfile' cost while wrapping incremental declarations: 1 ms 
[2026-09-18T17:42:26.382] [DEBUG] debug-file - End initialize module-target build option map, moduleName=entry
[2026-09-18T17:42:26.511] [DEBUG] debug-file - entry : default@CompileArkTS cost memory -9.713737487792969
[2026-09-18T17:42:26.406] [DEBUG] debug-file - Incremental task entry:default@MergeProfile pre-execution cost: 1 ms .
[2026-09-18T17:42:26.382] [DEBUG] debug-file - Obtain build option for module 'entry' target 'default'in this build.
[2026-09-18T17:42:26.406] [DEBUG] debug-file - entry : default@MergeProfile cost memory 0.12314605712890625
[2026-09-18T17:42:26.385] [DEBUG] debug-file - Module entry task initialization takes 3 ms 
[2026-09-18T17:42:26.406] [INFO] debug-file - UP-TO-DATE :entry:default@MergeProfile...  
[2026-09-18T17:42:26.385] [DEBUG] debug-file - Hap plugin register hook start...
[2026-09-18T17:42:26.385] [DEBUG] debug-file - Hap plugin register hook end...
[2026-09-18T17:42:26.385] [DEBUG] debug-file - Plugin build process completed
[2026-09-18T17:42:26.385] [DEBUG] debug-file - hvigorfile, begin to bind custom plugins...
[2026-09-18T17:42:26.385] [DEBUG] debug-file - hvigorfile, no custom plugins were found in /Users/yujiantao/DevEcoStudioProjects/bang/entry/hvigorfile.ts
[2026-09-18T17:42:26.385] [DEBUG] debug-file - hvigorfile, resolve finished /Users/yujiantao/DevEcoStudioProjects/bang/entry/hvigorfile.ts
[2026-09-18T17:42:32.881] [WARN] debug-file - [33mWARN: [33m[33mArkTS:WARN File: /Users/yujiantao/DevEcoStudioProjects/bang/entry/src/main/ets/service/SystemTrainingService.ets:98:75
 The system capacity of this api 'resultCode' is not supported on all devices
[39m[39m
[33mWARN: [33m[33mArkTS:WARN File: /Users/yujiantao/DevEcoStudioProjects/bang/entry/src/main/ets/service/SystemTrainingService.ets:98:105
 The system capacity of this api 'message' is not supported on all devices
[39m[39m
[33mWARN: [33m[33mArkTS:WARN File: /Users/yujiantao/DevEcoStudioProjects/bang/entry/src/main/ets/service/SystemTrainingService.ets:156:53
 The system capacity of this api 'liveViewManager' is not supported on all devices
[39m[39m
[33mWARN: [33m[33mArkTS:WARN File: /Users/yujiantao/DevEcoStudioProjects/bang/entry/src/main/ets/service/SystemTrainingService.ets:156:69
 The system capacity of this api 'isLiveViewEnabled' is not supported on all devices
[39m[39m
[33mWARN: [33m[33mArkTS:WARN File: /Users/yujiantao/DevEcoStudioProjects/bang/entry/src/main/ets/service/SystemTrainingService.ets:271:51
 The system capacity of this api 'liveViewManager' is not supported on all devices
[39m[39m
[33mWARN: [33m[33mArkTS:WARN File: /Users/yujiantao/DevEcoStudioProjects/bang/entry/src/main/ets/service/SystemTrainingService.ets:271:67
 The system capacity of this api 'stopLiveView' is not supported on all devices
[39m[39m
[33mWARN: [33m[33mArkTS:WARN File: /Users/yujiantao/DevEcoStudioProjects/bang/entry/src/main/ets/service/SystemTrainingService.ets:304:22
 The system capacity of this api 'liveViewManager' is not supported on all devices
[39m[39m
[33mWARN: [33m[33mArkTS:WARN File: /Users/yujiantao/DevEcoStudioProjects/bang/entry/src/main/ets/service/SystemTrainingService.ets:304:38
 The system capacity of this api 'getActiveLiveView' is not supported on all devices
[39m[39m
[33mWARN: [33m[33mArkTS:WARN File: /Users/yujiantao/DevEcoStudioProjects/bang/entry/src/main/ets/service/SystemTrainingService.ets:311:43
 The system capacity of this api 'sequence' is not supported on all devices
[39m[39m
[33mWARN: [33m[33mArkTS:WARN File: /Users/yujiantao/DevEcoStudioProjects/bang/entry/src/main/ets/service/SystemTrainingService.ets:311:79
 The system capacity of this api 'sequence' is not supported on all devices
[39m[39m
[33mWARN: [33m[33mArkTS:WARN File: /Users/yujiantao/DevEcoStudioProjects/bang/entry/src/main/ets/service/SystemTrainingService.ets:315:51
 The system capacity of this api 'liveViewManager' is not supported on all devices
[39m[39m
[33mWARN: [33m[33mArkTS:WARN File: /Users/yujiantao/DevEcoStudioProjects/bang/entry/src/main/ets/service/SystemTrainingService.ets:315:67
 The system capacity of this api 'stopLiveView' is not supported on all devices
[39m[39m
[33mWARN: [33m[33mArkTS:WARN File: /Users/yujiantao/DevEcoStudioProjects/bang/entry/src/main/ets/service/SystemTrainingService.ets:335:107
 The system capacity of this api 'liveViewManager' is not supported on all devices
[39m[39m
[33mWARN: [33m[33mArkTS:WARN File: /Users/yujiantao/DevEcoStudioProjects/bang/entry/src/main/ets/service/SystemTrainingService.ets:335:123
 The system capacity of this api 'startLiveView' is not supported on all devices
[39m[39m
[33mWARN: [33m[33mArkTS:WARN File: /Users/yujiantao/DevEcoStudioProjects/bang/entry/src/main/ets/service/SystemTrainingService.ets:336:27
 The system capacity of this api 'resultCode' is not supported on all devices
[39m[39m
[33mWARN: [33m[33mArkTS:WARN File: /Users/yujiantao/DevEcoStudioProjects/bang/entry/src/main/ets/service/SystemTrainingService.ets:337:69
 The system capacity of this api 'resultCode' is not supported on all devices
[39m[39m
[33mWARN: [33m[33mArkTS:WARN File: /Users/yujiantao/DevEcoStudioProjects/bang/entry/src/main/ets/service/SystemTrainingService.ets:337:104
 The system capacity of this api 'message' is not supported on all devices
[39m[39m
[33mWARN: [33m[33mArkTS:WARN File: /Users/yujiantao/DevEcoStudioProjects/bang/entry/src/main/ets/service/SystemTrainingService.ets:340:88
 The system capacity of this api 'resultCode' is not supported on all devices
[39m[39m
[33mWARN: [33m[33mArkTS:WARN File: /Users/yujiantao/DevEcoStudioProjects/bang/entry/src/main/ets/service/SystemTrainingService.ets:348:109
 The system capacity of this api 'liveViewManager' is not supported on all devices
[39m[39m
[33mWARN: [33m[33mArkTS:WARN File: /Users/yujiantao/DevEcoStudioProjects/bang/entry/src/main/ets/service/SystemTrainingService.ets:348:125
 The system capacity of this api 'startLiveView' is not supported on all devices
[39m[39m
[33mWARN: [33m[33mArkTS:WARN File: /Users/yujiantao/DevEcoStudioProjects/bang/entry/src/main/ets/service/SystemTrainingService.ets:349:29
 The system capacity of this api 'resultCode' is not supported on all devices
[39m[39m
[33mWARN: [33m[33mArkTS:WARN File: /Users/yujiantao/DevEcoStudioProjects/bang/entry/src/main/ets/service/SystemTrainingService.ets:350:77
 The system capacity of this api 'resultCode' is not supported on all devices
[39m[39m
[33mWARN: [33m[33mArkTS:WARN File: /Users/yujiantao/DevEcoStudioProjects/bang/entry/src/main/ets/service/SystemTrainingService.ets:350:112
 The system capacity of this api 'message' is not supported on all devices
[39m[39m
[33mWARN: [33m[33mArkTS:WARN File: /Users/yujiantao/DevEcoStudioProjects/bang/entry/src/main/ets/service/SystemTrainingService.ets:353:96
 The system capacity of this api 'resultCode' is not supported on all devices
[39m[39m
[33mWARN: [33m[33mArkTS:WARN File: /Users/yujiantao/DevEcoStudioProjects/bang/entry/src/main/ets/service/SystemTrainingService.ets:362:98
 The system capacity of this api 'liveViewManager' is not supported on all devices
[39m[39m
[33mWARN: [33m[33mArkTS:WARN File: /Users/yujiantao/DevEcoStudioProjects/bang/entry/src/main/ets/service/SystemTrainingService.ets:362:114
 The system capacity of this api 'updateLiveView' is not supported on all devices
[39m[39m
[33mWARN: [33m[33mArkTS:WARN File: /Users/yujiantao/DevEcoStudioProjects/bang/entry/src/main/ets/service/SystemTrainingService.ets:363:18
 The system capacity of this api 'resultCode' is not supported on all devices
[39m[39m
[33mWARN: [33m[33mArkTS:WARN File: /Users/yujiantao/DevEcoStudioProjects/bang/entry/src/main/ets/service/SystemTrainingService.ets:364:61
 The system capacity of this api 'resultCode' is not supported on all devices
[39m[39m
[33mWARN: [33m[33mArkTS:WARN File: /Users/yujiantao/DevEcoStudioProjects/bang/entry/src/main/ets/service/SystemTrainingService.ets:364:91
 The system capacity of this api 'message' is not supported on all devices
[39m[39m
[33mWARN: [33m[33mArkTS:WARN File: /Users/yujiantao/DevEcoStudioProjects/bang/entry/src/main/ets/service/SystemTrainingService.ets:366:80
 The system capacity of this api 'resultCode' is not supported on all devices
[39m[39m
[33mWARN: [33m[33mArkTS:WARN File: /Users/yujiantao/DevEcoStudioProjects/bang/entry/src/main/ets/service/SystemTrainingService.ets:375:58
 The system capacity of this api 'liveViewManager' is not supported on all devices
[39m[39m
[33mWARN: [33m[33mArkTS:WARN File: /Users/yujiantao/DevEcoStudioProjects/bang/entry/src/main/ets/service/SystemTrainingService.ets:375:74
 The system capacity of this api 'getActiveLiveView' is not supported on all devices
[39m[39m
[33mWARN: [33m[33mArkTS:WARN File: /Users/yujiantao/DevEcoStudioProjects/bang/entry/src/main/ets/service/SystemTrainingService.ets:376:49
 The system capacity of this api 'sequence' is not supported on all devices
[39m[39m
[33mWARN: [33m[33mArkTS:WARN File: /Users/yujiantao/DevEcoStudioProjects/bang/entry/src/main/ets/service/SystemTrainingService.ets:376:85
 The system capacity of this api 'sequence' is not supported on all devices
[39m[39m
[33mWARN: [33m[33mArkTS:WARN File: /Users/yujiantao/DevEcoStudioProjects/bang/entry/src/main/ets/service/SystemTrainingService.ets:381:110
 The system capacity of this api 'liveViewManager' is not supported on all devices
[39m[39m
[33mWARN: [33m[33mArkTS:WARN File: /Users/yujiantao/DevEcoStudioProjects/bang/entry/src/main/ets/service/SystemTrainingService.ets:381:126
 The system capacity of this api 'updateLiveView' is not supported on all devices
[39m[39m
[33mWARN: [33m[33mArkTS:WARN File: /Users/yujiantao/DevEcoStudioProjects/bang/entry/src/main/ets/service/SystemTrainingService.ets:382:30
 The system capacity of this api 'resultCode' is not supported on all devices
[39m[39m
[33mWARN: [33m[33mArkTS:WARN File: /Users/yujiantao/DevEcoStudioProjects/bang/entry/src/main/ets/service/SystemTrainingService.ets:384:101
 The system capacity of this api 'resultCode' is not supported on all devices
[39m[39m
[33mWARN: [33m[33mArkTS:WARN File: /Users/yujiantao/DevEcoStudioProjects/bang/entry/src/main/ets/service/SystemTrainingService.ets:387:71
 The system capacity of this api 'resultCode' is not supported on all devices
[39m[39m
[33mWARN: [33m[33mArkTS:WARN File: /Users/yujiantao/DevEcoStudioProjects/bang/entry/src/main/ets/service/SystemTrainingService.ets:387:109
 The system capacity of this api 'message' is not supported on all devices
[39m[39m
[33mWARN: [33m[33mArkTS:WARN File: /Users/yujiantao/DevEcoStudioProjects/bang/entry/src/main/ets/service/SystemTrainingService.ets:602:19
 The system capacity of this api 'liveViewManager' is not supported on all devices
[39m[39m
[33mWARN: [33m[33mArkTS:WARN File: /Users/yujiantao/DevEcoStudioProjects/bang/entry/src/main/ets/service/SystemTrainingService.ets:602:35
 The system capacity of this api 'ExtensionType' is not supported on all devices
[39m[39m
[33mWARN: [33m[33mArkTS:WARN File: /Users/yujiantao/DevEcoStudioProjects/bang/entry/src/main/ets/service/SystemTrainingService.ets:602:49
 The system capacity of this api 'EXTENSION_TYPE_CAPSULE_TEXT' is not supported on all devices
[39m[39m
[33mWARN: [33m[33mArkTS:WARN File: /Users/yujiantao/DevEcoStudioProjects/bang/entry/src/main/ets/service/SystemTrainingService.ets:606:25
 The system capacity of this api 'liveViewManager' is not supported on all devices
[39m[39m
[33mWARN: [33m[33mArkTS:WARN File: /Users/yujiantao/DevEcoStudioProjects/bang/entry/src/main/ets/service/SystemTrainingService.ets:606:41
 The system capacity of this api 'LayoutType' is not supported on all devices
[39m[39m
[33mWARN: [33m[33mArkTS:WARN File: /Users/yujiantao/DevEcoStudioProjects/bang/entry/src/main/ets/service/SystemTrainingService.ets:606:52
 The system capacity of this api 'LAYOUT_TYPE_PROGRESS' is not supported on all devices
[39m[39m
[33mWARN: [33m[33mArkTS:WARN File: /Users/yujiantao/DevEcoStudioProjects/bang/entry/src/main/ets/service/SystemTrainingService.ets:610:28
 The system capacity of this api 'liveViewManager' is not supported on all devices
[39m[39m
[33mWARN: [33m[33mArkTS:WARN File: /Users/yujiantao/DevEcoStudioProjects/bang/entry/src/main/ets/service/SystemTrainingService.ets:610:44
 The system capacity of this api 'IndicatorType' is not supported on all devices
[39m[39m
[33mWARN: [33m[33mArkTS:WARN File: /Users/yujiantao/DevEcoStudioProjects/bang/entry/src/main/ets/service/SystemTrainingService.ets:610:58
 The system capacity of this api 'INDICATOR_TYPE_UNDISPLAYED' is not supported on all devices
[39m[39m
[33mWARN: [33m[33mArkTS:WARN File: /Users/yujiantao/DevEcoStudioProjects/bang/entry/src/main/ets/service/SystemTrainingService.ets:611:23
 The system capacity of this api 'liveViewManager' is not supported on all devices
[39m[39m
[33mWARN: [33m[33mArkTS:WARN File: /Users/yujiantao/DevEcoStudioProjects/bang/entry/src/main/ets/service/SystemTrainingService.ets:611:39
 The system capacity of this api 'LineType' is not supported on all devices
[39m[39m
[33mWARN: [33m[33mArkTS:WARN File: /Users/yujiantao/DevEcoStudioProjects/bang/entry/src/main/ets/service/SystemTrainingService.ets:611:48
 The system capacity of this api 'LINE_TYPE_THICK_SOLID_LINE' is not supported on all devices
[39m[39m
[33mWARN: [33m[33mArkTS:WARN File: /Users/yujiantao/DevEcoStudioProjects/bang/entry/src/main/ets/service/SystemTrainingService.ets:623:17
 The system capacity of this api 'liveViewManager' is not supported on all devices
[39m[39m
[33mWARN: [33m[33mArkTS:WARN File: /Users/yujiantao/DevEcoStudioProjects/bang/entry/src/main/ets/service/SystemTrainingService.ets:623:33
 The system capacity of this api 'CapsuleType' is not supported on all devices
[39m[39m
[33mWARN: [33m[33mArkTS:WARN File: /Users/yujiantao/DevEcoStudioProjects/bang/entry/src/main/ets/service/SystemTrainingService.ets:623:45
 The system capacity of this api 'CAPSULE_TYPE_TIMER' is not supported on all devices
[39m[39m
[33mWARN: [33m[33mArkTS:WARN File: /Users/yujiantao/DevEcoStudioProjects/bang/entry/src/main/ets/service/VoiceService.ets:118:27
 The system capacity of this api 'stop' is not supported on all devices
[39m[39m
[33mWARN: [33m[33mArkTS:WARN File: /Users/yujiantao/DevEcoStudioProjects/bang/entry/src/main/ets/service/VoiceService.ets:189:31
 The system capacity of this api 'shutdown' is not supported on all devices
[39m[39m
[33mWARN: [33m[33mArkTS:WARN File: /Users/yujiantao/DevEcoStudioProjects/bang/entry/src/main/ets/service/VoiceService.ets:191:37
 The system capacity of this api 'textToSpeech' is not supported on all devices
[39m[39m
[33mWARN: [33m[33mArkTS:WARN File: /Users/yujiantao/DevEcoStudioProjects/bang/entry/src/main/ets/service/VoiceService.ets:191:50
 The system capacity of this api 'createEngine' is not supported on all devices
[39m[39m
[33mWARN: [33m[33mArkTS:WARN File: /Users/yujiantao/DevEcoStudioProjects/bang/entry/src/main/ets/service/VoiceService.ets:203:29
 The system capacity of this api 'setListener' is not supported on all devices
[39m[39m
[33mWARN: [33m[33mArkTS:WARN File: /Users/yujiantao/DevEcoStudioProjects/bang/entry/src/main/ets/service/VoiceService.ets:213:27
 The system capacity of this api 'speak' is not supported on all devices
[39m[39m

[2026-09-18T17:42:32.882] [DEBUG] debug-file - Ark compile task finished.finished time is 1499914768438333
[2026-09-18T17:42:32.888] [DEBUG] debug-file - worker[4] has one work done.
[2026-09-18T17:42:32.895] [DEBUG] debug-file - default@CompileArkTS work[0] done.
[2026-09-18T17:42:32.923] [DEBUG] debug-file - Executing task :entry:default@PackageHap
[2026-09-18T17:42:32.928] [DEBUG] debug-file - default@PackageHap work[1] is submitted.
[2026-09-18T17:42:32.899] [DEBUG] debug-file - A work dispatched to worker[4] failed because unable to get work from ready queue.
[2026-09-18T17:42:32.927] [DEBUG] debug-file - entry:default@PackageHap is not up-to-date, since the input file '/Users/yujiantao/DevEcoStudioProjects/bang/entry/build/default/intermediates/loader_out/default/ets' has been changed.
[2026-09-18T17:42:32.928] [DEBUG] debug-file - default@PackageHap work[1] is pushed to ready queue.
[2026-09-18T17:42:32.913] [INFO] debug-file - Finished :entry:default@CompileArkTS... after 5 s 463 ms 
[2026-09-18T17:42:32.927] [DEBUG] debug-file - Incremental task entry:default@PackageHap pre-execution cost: 3 ms .
[2026-09-18T17:42:32.915] [DEBUG] debug-file - Executing task :entry:default@GeneratePkgModuleJson
[2026-09-18T17:42:32.928] [DEBUG] debug-file - A work dispatched to worker[7] failed because unable to get work from ready queue.
[2026-09-18T17:42:32.927] [DEBUG] debug-file - Use tool [/Applications/DevEco-Studio.app/Contents/sdk/default/openharmony/toolchains/lib/app_packing_tool.jar]
 [
  'java',
  '-Dfile.encoding=utf-8',
  '-jar',
  '/Applications/DevEco-Studio.app/Contents/sdk/default/openharmony/toolchains/lib/app_packing_tool.jar',
  '--mode',
  'hap',
  '--force',
  'true',
  '--lib-path',
  '/Users/yujiantao/DevEcoStudioProjects/bang/entry/build/default/intermediates/stripped_native_libs/default',
  '--json-path',
  '/Users/yujiantao/DevEcoStudioProjects/bang/entry/build/default/intermediates/package/default/module.json',
  '--resources-path',
  '/Users/yujiantao/DevEcoStudioProjects/bang/entry/build/default/intermediates/res/default/resources',
  '--index-path',
  '/Users/yujiantao/DevEcoStudioProjects/bang/entry/build/default/intermediates/res/default/resources.index',
  '--pack-info-path',
  '/Users/yujiantao/DevEcoStudioProjects/bang/entry/build/default/outputs/default/pack.info',
  '--out-path',
  '/Users/yujiantao/DevEcoStudioProjects/bang/entry/build/default/outputs/default/entry-default-unsigned.hap',
  '--ets-path',
  '/Users/yujiantao/DevEcoStudioProjects/bang/entry/build/default/intermediates/loader_out/default/ets',
  '--pkg-context-path',
  '/Users/yujiantao/DevEcoStudioProjects/bang/entry/build/default/intermediates/loader/default/pkgContextInfo.json'
]
[2026-09-18T17:42:32.915] [DEBUG] debug-file - File: '/Users/yujiantao/DevEcoStudioProjects/bang/entry/build/default/intermediates/preload/default/preload.json' from 'preloadSoJsonPath' is not exists, just ignore.
[2026-09-18T17:42:32.928] [DEBUG] debug-file - Create  resident worker with id: 6.
[2026-09-18T17:42:32.916] [DEBUG] debug-file - Error occurs while handling @Input 'shouldDeduplicateHar': The "data" argument must be of type string or an instance of Buffer, TypedArray, or DataView. Received undefined
[2026-09-18T17:42:32.929] [DEBUG] debug-file - default@PackageHap work[1] has been dispatched to worker[6].
[2026-09-18T17:42:32.916] [DEBUG] debug-file - Task 'entry:default@GeneratePkgModuleJson' cost while wrapping incremental declarations: 1 ms 
[2026-09-18T17:42:32.929] [DEBUG] debug-file - default@PackageHap work[1] is dispatched.
[2026-09-18T17:42:32.916] [DEBUG] debug-file - Incremental task entry:default@GeneratePkgModuleJson pre-execution cost: 1 ms .
[2026-09-18T17:42:32.931] [DEBUG] debug-file - entry : default@PackageHap cost memory 0.6803665161132812
[2026-09-18T17:42:32.917] [DEBUG] debug-file - entry : default@GeneratePkgModuleJson cost memory 0.07772064208984375
[2026-09-18T17:42:32.917] [INFO] debug-file - UP-TO-DATE :entry:default@GeneratePkgModuleJson...  
[2026-09-18T17:42:32.917] [DEBUG] debug-file - Executing task :entry:default@ProcessCompiledResources
[2026-09-18T17:42:32.917] [DEBUG] debug-file - File: '/Users/yujiantao/DevEcoStudioProjects/bang/entry/build/default/intermediates/preload/default/preload.json' from 'preloadSoJsonPath' is not exists, just ignore.
[2026-09-18T17:42:32.917] [DEBUG] debug-file - Task 'entry:default@ProcessCompiledResources' cost while wrapping incremental declarations: 1 ms 
[2026-09-18T17:42:32.918] [DEBUG] debug-file - entry : default@ProcessCompiledResources cost memory 0.05231475830078125
[2026-09-18T17:42:32.918] [DEBUG] debug-file - runTaskFromQueue task cost before running: 7 s 577 ms 
[2026-09-18T17:42:32.918] [INFO] debug-file - Finished :entry:default@ProcessCompiledResources... after 1 ms 
[2026-09-18T17:42:33.488] [DEBUG] debug-file - current process  memoryUsage: {
  rss: 400310272,
  heapTotal: 78184448,
  heapUsed: 54211272,
  external: 3666901,
  arrayBuffers: 18667
} os memoryUsage :15.879287719726562
[2026-09-18T17:42:33.933] [DEBUG] debug-file - worker[6] has one work done.
[2026-09-18T17:42:33.934] [DEBUG] debug-file - default@PackageHap work[1] done.
[2026-09-18T17:42:33.942] [DEBUG] debug-file - Executing task :entry:default@SignHap
[2026-09-18T17:42:33.935] [DEBUG] debug-file - Executing task :entry:default@PackingCheck
[2026-09-18T17:42:33.952] [DEBUG] debug-file - current process  memoryUsage: {
  rss: 387858432,
  heapTotal: 160284672,
  heapUsed: 131036224,
  external: 3851769,
  arrayBuffers: 131542
} os memoryUsage :15.826324462890625
[2026-09-18T17:42:33.934] [DEBUG] debug-file - A work dispatched to worker[6] failed because unable to get work from ready queue.
[2026-09-18T17:42:33.942] [DEBUG] debug-file - entry:default@SignHap is not up-to-date, since the input file '/Users/yujiantao/DevEcoStudioProjects/bang/entry/build/default/outputs/default/entry-default-unsigned.hap' has been changed.
[2026-09-18T17:42:33.940] [DEBUG] debug-file - entry : default@PackingCheck cost memory 0.672393798828125
[2026-09-18T17:42:33.934] [INFO] debug-file - Finished :entry:default@PackageHap... after 456 ms 
[2026-09-18T17:42:33.942] [DEBUG] debug-file - Incremental task entry:default@SignHap pre-execution cost: 1 ms .
[2026-09-18T17:42:33.940] [DEBUG] debug-file - runTaskFromQueue task cost before running: 8 s 599 ms 
[2026-09-18T17:42:33.940] [INFO] debug-file - Finished :entry:default@PackingCheck... after 5 ms 
[2026-09-18T17:42:34.361] [DEBUG] debug-file - 09-18 17:42:34.360  INFO - Start verify-profile

[2026-09-18T17:42:34.862] [DEBUG] debug-file - 09-18 17:42:34.860  INFO - verify-profile success

[2026-09-18T17:42:34.875] [DEBUG] debug-file - current process  memoryUsage: {
  rss: 181796864,
  heapTotal: 160284672,
  heapUsed: 131442816,
  external: 3851881,
  arrayBuffers: 131654
} os memoryUsage :15.872817993164062
[2026-09-18T17:42:35.696] [DEBUG] debug-file - 09-18 17:42:35.695  INFO - Start sign-app

[2026-09-18T17:42:35.915] [DEBUG] debug-file - 09-18 17:42:35.914  INFO - certificate in profile: 俞建涛(1389902721670239361)\,Development

[2026-09-18T17:42:35.966] [DEBUG] debug-file - 09-18 17:42:35.966  INFO - Start to sign code.

[2026-09-18T17:42:35.969] [DEBUG] debug-file - 09-18 17:42:35.969  INFO - profile type is: debug

[2026-09-18T17:42:35.991] [DEBUG] debug-file - 09-18 17:42:35.991  INFO - /Users/yujiantao/.ohos/config/auto_bang_7YrzqJE1rIOdvZ_BTS9A9UF3By8y4SWYB3-MGJb9VSs=.p12 is exist. Try to load it with given passwd

[2026-09-18T17:42:36.133] [DEBUG] debug-file - 09-18 17:42:36.132  INFO - Create a sign info successfully.

[2026-09-18T17:42:36.148] [DEBUG] debug-file - 09-18 17:42:36.148  INFO - Create a sign info successfully.

[2026-09-18T17:42:36.153] [DEBUG] debug-file - 09-18 17:42:36.153  INFO - No native libs.

[2026-09-18T17:42:36.155] [DEBUG] debug-file - 09-18 17:42:36.155  INFO - Sign successfully.

[2026-09-18T17:42:36.169] [DEBUG] debug-file - 09-18 17:42:36.168  INFO - Add sign data in sign info list success.

[2026-09-18T17:42:36.173] [DEBUG] debug-file - 09-18 17:42:36.172  INFO - Generate signing block success, begin write it to output file

[2026-09-18T17:42:36.173] [DEBUG] debug-file - 09-18 17:42:36.173  INFO - Sign Hap success!

[2026-09-18T17:42:36.173] [DEBUG] debug-file - 09-18 17:42:36.173  INFO - sign-app success

[2026-09-18T17:42:36.197] [DEBUG] debug-file - entry : default@SignHap cost memory 1.056854248046875
[2026-09-18T17:42:36.197] [DEBUG] debug-file - runTaskFromQueue task cost before running: 10 s 856 ms 
[2026-09-18T17:42:36.200] [DEBUG] debug-file - Executing task :entry:default@CollectDebugSymbol
[2026-09-18T17:42:36.198] [INFO] debug-file - Finished :entry:default@SignHap... after 2 s 256 ms 
[2026-09-18T17:42:36.201] [DEBUG] debug-file - entry : default@CollectDebugSymbol cost memory 0.089599609375
[2026-09-18T17:42:36.201] [DEBUG] debug-file - runTaskFromQueue task cost before running: 10 s 860 ms 
[2026-09-18T17:42:36.201] [INFO] debug-file - Finished :entry:default@CollectDebugSymbol... after 1 ms 
[2026-09-18T17:42:36.201] [DEBUG] debug-file - Executing task :entry:assembleHap
[2026-09-18T17:42:36.201] [DEBUG] debug-file - entry : assembleHap cost memory 0.01583099365234375
[2026-09-18T17:42:36.201] [DEBUG] debug-file - runTaskFromQueue task cost before running: 10 s 860 ms 
[2026-09-18T17:42:36.201] [INFO] debug-file - Finished :entry:assembleHap... after 1 ms 
[2026-09-18T17:42:36.203] [INFO] debug-file - BUILD SUCCESSFUL in 10 s 862 ms 
[2026-09-18T17:42:36.204] [DEBUG] debug-file - There is no need to refresh cache, since the incremental task entry:default@PreBuild is up-to-date.
[2026-09-18T17:42:36.204] [DEBUG] debug-file - Update task entry:default@CreateModuleInfo output file:/Users/yujiantao/DevEcoStudioProjects/bang/entry/build/default/generated/profile/default/ModuleInfo.ts cache.
[2026-09-18T17:42:36.204] [DEBUG] debug-file - Incremental task entry:default@CreateModuleInfo post-execution cost:1 ms .
[2026-09-18T17:42:36.204] [DEBUG] debug-file - There is no need to refresh cache, since the incremental task entry:default@GenerateMetadata is up-to-date.
[2026-09-18T17:42:36.204] [DEBUG] debug-file - There is no need to refresh cache, since the incremental task entry:default@MergeProfile is up-to-date.
[2026-09-18T17:42:36.204] [DEBUG] debug-file - There is no need to refresh cache, since the incremental task entry:default@CreateBuildProfile is up-to-date.
[2026-09-18T17:42:36.204] [DEBUG] debug-file - There is no need to refresh cache, since the incremental task entry:default@GeneratePkgContextInfo is up-to-date.
[2026-09-18T17:42:36.204] [DEBUG] debug-file - Update task entry:default@GeneratePkgSdkInfo output file:/Users/yujiantao/DevEcoStudioProjects/bang/entry/build/default/intermediates/loader/default/pkgSdkInfo.json cache.
[2026-09-18T17:42:36.204] [DEBUG] debug-file - Incremental task entry:default@GeneratePkgSdkInfo post-execution cost:1 ms .
[2026-09-18T17:42:36.205] [DEBUG] debug-file - Update task entry:default@ProcessIntegratedHsp output file:/Users/yujiantao/DevEcoStudioProjects/bang/build/cache/default/integrated_hsp/integratedHspCache.json cache.
[2026-09-18T17:42:36.205] [DEBUG] debug-file - Incremental task entry:default@ProcessIntegratedHsp post-execution cost:1 ms .
[2026-09-18T17:42:36.205] [DEBUG] debug-file - There is no need to refresh cache, since the incremental task entry:default@MakePackInfo is up-to-date.
[2026-09-18T17:42:36.205] [DEBUG] debug-file - Update task entry:default@SyscapTransform input file:/Applications/DevEco-Studio.app/Contents/sdk/default/openharmony/toolchains/syscap_tool cache by regenerate.
[2026-09-18T17:42:36.205] [DEBUG] debug-file - Update task entry:default@SyscapTransform input file:/Applications/DevEco-Studio.app/Contents/sdk/default/openharmony/ets/api/device-define cache by regenerate.
[2026-09-18T17:42:36.205] [DEBUG] debug-file - Update task entry:default@SyscapTransform output file:/Users/yujiantao/DevEcoStudioProjects/bang/entry/build/default/intermediates/syscap/default/rpcid.sc cache.
[2026-09-18T17:42:36.206] [DEBUG] debug-file - Incremental task entry:default@SyscapTransform post-execution cost:1 ms .
[2026-09-18T17:42:36.206] [DEBUG] debug-file - There is no need to refresh cache, since the incremental task entry:default@ProcessProfile is up-to-date.
[2026-09-18T17:42:36.206] [DEBUG] debug-file - There is no need to refresh cache, since the incremental task entry:default@ProcessRouterMap is up-to-date.
[2026-09-18T17:42:36.206] [DEBUG] debug-file - There is no need to refresh cache, since the incremental task entry:default@ProcessShareConfig is up-to-date.
[2026-09-18T17:42:36.206] [DEBUG] debug-file - Update task entry:default@ProcessStartupConfig input file:/Users/yujiantao/DevEcoStudioProjects/bang/entry/build/default/intermediates/loader/default/pkgContextInfo.json cache by regenerate.
[2026-09-18T17:42:36.206] [DEBUG] debug-file - Update task entry:default@ProcessStartupConfig output file:/Users/yujiantao/DevEcoStudioProjects/bang/entry/build/default/intermediates/startup/default/startup_config.json cache.
[2026-09-18T17:42:36.206] [DEBUG] debug-file - Incremental task entry:default@ProcessStartupConfig post-execution cost:1 ms .
[2026-09-18T17:42:36.206] [DEBUG] debug-file - There is no need to refresh cache, since the incremental task entry:default@ProcessResource is up-to-date.
[2026-09-18T17:42:36.206] [DEBUG] debug-file - There is no need to refresh cache, since the incremental task entry:default@GenerateLoaderJson is up-to-date.
[2026-09-18T17:42:36.206] [DEBUG] debug-file - There is no need to refresh cache, since the incremental task entry:default@ProcessLibs is up-to-date.
[2026-09-18T17:42:36.206] [DEBUG] debug-file - There is no need to refresh cache, since the incremental task entry:default@CompileResource is up-to-date.
[2026-09-18T17:42:36.206] [DEBUG] debug-file - There is no need to refresh cache, since the incremental task entry:default@DoNativeStrip is up-to-date.
[2026-09-18T17:42:36.206] [DEBUG] debug-file - Update task entry:default@CompileArkTS input file:/Users/yujiantao/DevEcoStudioProjects/bang/entry/build/default/intermediates/loader/default cache by regenerate.
[2026-09-18T17:42:36.207] [DEBUG] debug-file - Update task entry:default@CompileArkTS input file:/Users/yujiantao/DevEcoStudioProjects/bang/entry/build/default/intermediates/res/default/resources/rawfile cache by regenerate.
[2026-09-18T17:42:36.208] [DEBUG] debug-file - Update task entry:default@CompileArkTS input file:/Users/yujiantao/DevEcoStudioProjects/bang/entry/build/default/intermediates/res/default/ResourceTable.txt cache by regenerate.
[2026-09-18T17:42:36.208] [DEBUG] debug-file - Update task entry:default@CompileArkTS input file:/Users/yujiantao/DevEcoStudioProjects/bang/entry/build/default/intermediates/res/default/ark_module.json cache by regenerate.
[2026-09-18T17:42:36.208] [DEBUG] debug-file - Update task entry:default@CompileArkTS input file:/Users/yujiantao/DevEcoStudioProjects/bang/entry/build/default/intermediates/res/default/resources/base/profile cache by regenerate.
[2026-09-18T17:42:36.208] [DEBUG] debug-file - Update task entry:default@CompileArkTS input file:/Users/yujiantao/DevEcoStudioProjects/bang/entry/src/main/ets cache from map.
[2026-09-18T17:42:36.208] [DEBUG] debug-file - Update task entry:default@CompileArkTS input file:/Users/yujiantao/DevEcoStudioProjects/bang/entry/build/default/intermediates/loader/default/pkgContextInfo.json cache by regenerate.
[2026-09-18T17:42:36.208] [DEBUG] debug-file - Update task entry:default@CompileArkTS input file:/Users/yujiantao/DevEcoStudioProjects/bang/entry/build/default/generated/profile/default/BuildProfile.ets cache by regenerate.
[2026-09-18T17:42:36.208] [DEBUG] debug-file - Update task entry:default@CompileArkTS output file:/Users/yujiantao/DevEcoStudioProjects/bang/entry/build/default/intermediates/loader_out/default/ets cache.
[2026-09-18T17:42:36.208] [DEBUG] debug-file - Incremental task entry:default@CompileArkTS post-execution cost:3 ms .
[2026-09-18T17:42:36.209] [DEBUG] debug-file - Update task entry:default@BuildJS input file:/Users/yujiantao/DevEcoStudioProjects/bang/entry/build/default/intermediates/loader/default cache by regenerate.
[2026-09-18T17:42:36.209] [DEBUG] debug-file - Update task entry:default@BuildJS input file:/Users/yujiantao/DevEcoStudioProjects/bang/entry/build/default/intermediates/res/default/resources/rawfile cache by regenerate.
[2026-09-18T17:42:36.210] [DEBUG] debug-file - Update task entry:default@BuildJS input file:/Users/yujiantao/DevEcoStudioProjects/bang/entry/build/default/intermediates/res/default/ResourceTable.txt cache by regenerate.
[2026-09-18T17:42:36.210] [DEBUG] debug-file - Update task entry:default@BuildJS input file:/Users/yujiantao/DevEcoStudioProjects/bang/entry/build/default/intermediates/res/default/ark_module.json cache by regenerate.
[2026-09-18T17:42:36.210] [DEBUG] debug-file - Update task entry:default@BuildJS input file:/Users/yujiantao/DevEcoStudioProjects/bang/entry/build/default/intermediates/res/default/resources/base/profile cache by regenerate.
[2026-09-18T17:42:36.210] [DEBUG] debug-file - Update task entry:default@BuildJS input file:/Users/yujiantao/DevEcoStudioProjects/bang/entry/build/default/intermediates/loader/default/pkgContextInfo.json cache by regenerate.
[2026-09-18T17:42:36.210] [DEBUG] debug-file - Update task entry:default@BuildJS output file:/Users/yujiantao/DevEcoStudioProjects/bang/entry/build/default/intermediates/loader_out/default/js cache.
[2026-09-18T17:42:36.210] [DEBUG] debug-file - Incremental task entry:default@BuildJS post-execution cost:2 ms .
[2026-09-18T17:42:36.210] [DEBUG] debug-file - There is no need to refresh cache, since the incremental task entry:default@CacheNativeLibs is up-to-date.
[2026-09-18T17:42:36.210] [DEBUG] debug-file - There is no need to refresh cache, since the incremental task entry:default@GeneratePkgModuleJson is up-to-date.
[2026-09-18T17:42:36.210] [DEBUG] debug-file - Incremental task entry:default@ProcessCompiledResources post-execution cost:1 ms .
[2026-09-18T17:42:36.210] [DEBUG] debug-file - Update task entry:default@PackageHap input file:/Users/yujiantao/DevEcoStudioProjects/bang/entry/build/default/intermediates/stripped_native_libs/default cache by regenerate.
[2026-09-18T17:42:36.210] [DEBUG] debug-file - Update task entry:default@PackageHap input file:/Users/yujiantao/DevEcoStudioProjects/bang/entry/build/default/intermediates/res/default/module.json cache by regenerate.
[2026-09-18T17:42:36.210] [DEBUG] debug-file - Update task entry:default@PackageHap input file:/Users/yujiantao/DevEcoStudioProjects/bang/entry/build/default/intermediates/res/default/resources cache by regenerate.
[2026-09-18T17:42:36.211] [DEBUG] debug-file - Update task entry:default@PackageHap input file:/Users/yujiantao/DevEcoStudioProjects/bang/entry/build/default/intermediates/res/default/resources.index cache by regenerate.
[2026-09-18T17:42:36.211] [DEBUG] debug-file - Update task entry:default@PackageHap input file:/Users/yujiantao/DevEcoStudioProjects/bang/entry/build/default/outputs/default/pack.info cache by regenerate.
[2026-09-18T17:42:36.211] [DEBUG] debug-file - Update task entry:default@PackageHap input file:/Users/yujiantao/DevEcoStudioProjects/bang/entry/build/default/intermediates/loader_out/default/ets cache from map.
[2026-09-18T17:42:36.211] [DEBUG] debug-file - Update task entry:default@PackageHap input file:/Users/yujiantao/DevEcoStudioProjects/bang/entry/build/default/intermediates/loader/default/pkgContextInfo.json cache by regenerate.
[2026-09-18T17:42:36.211] [DEBUG] debug-file - Update task entry:default@PackageHap input file:/Users/yujiantao/DevEcoStudioProjects/bang/entry/build/default/intermediates/loader_out/default/ets/sourceMaps.map cache by regenerate.
[2026-09-18T17:42:36.212] [DEBUG] debug-file - Update task entry:default@PackageHap input file:/Users/yujiantao/DevEcoStudioProjects/bang/entry/build/default/generated/profile/default/BuildProfile.ets cache by regenerate.
[2026-09-18T17:42:36.212] [DEBUG] debug-file - Update task entry:default@PackageHap output file:/Users/yujiantao/DevEcoStudioProjects/bang/entry/build/default/outputs/default/entry-default-unsigned.hap cache.
[2026-09-18T17:42:36.212] [DEBUG] debug-file - Update task entry:default@PackageHap output file:/Users/yujiantao/DevEcoStudioProjects/bang/entry/build/default/intermediates/source_map/default/sourceMaps.map cache.
[2026-09-18T17:42:36.212] [DEBUG] debug-file - Update task entry:default@PackageHap output file:/Users/yujiantao/DevEcoStudioProjects/bang/entry/build/default/outputs/default/mapping/sourceMaps.map cache.
[2026-09-18T17:42:36.212] [DEBUG] debug-file - Incremental task entry:default@PackageHap post-execution cost:2 ms .
[2026-09-18T17:42:36.212] [DEBUG] debug-file - Update task entry:default@SignHap input file:/Users/yujiantao/.ohos/config/auto_bang_7YrzqJE1rIOdvZ_BTS9A9UF3By8y4SWYB3-MGJb9VSs=.cer cache by regenerate.
[2026-09-18T17:42:36.212] [DEBUG] debug-file - Update task entry:default@SignHap input file:/Users/yujiantao/.ohos/config/auto_bang_7YrzqJE1rIOdvZ_BTS9A9UF3By8y4SWYB3-MGJb9VSs=.p7b cache by regenerate.
[2026-09-18T17:42:36.212] [DEBUG] debug-file - Update task entry:default@SignHap input file:/Users/yujiantao/.ohos/config/auto_bang_7YrzqJE1rIOdvZ_BTS9A9UF3By8y4SWYB3-MGJb9VSs=.p12 cache by regenerate.
[2026-09-18T17:42:36.212] [DEBUG] debug-file - Update task entry:default@SignHap input file:/Users/yujiantao/DevEcoStudioProjects/bang/entry/build/default/outputs/default/entry-default-unsigned.hap cache from map.
[2026-09-18T17:42:36.212] [DEBUG] debug-file - Update task entry:default@SignHap output file:/Users/yujiantao/DevEcoStudioProjects/bang/entry/build/default/outputs/default/entry-default-signed.hap cache.
[2026-09-18T17:42:36.212] [DEBUG] debug-file - Incremental task entry:default@SignHap post-execution cost:1 ms .
[2026-09-18T17:42:36.212] [DEBUG] debug-file - Update task entry:default@CollectDebugSymbol input file:/Users/yujiantao/DevEcoStudioProjects/bang/entry/build/default/intermediates/loader_out/default/ets/sourceMaps.map cache by regenerate.
[2026-09-18T17:42:36.212] [DEBUG] debug-file - Update task entry:default@CollectDebugSymbol input file:/Users/yujiantao/DevEcoStudioProjects/bang/entry/build/default/intermediates/libs/default cache by regenerate.
[2026-09-18T17:42:36.212] [DEBUG] debug-file - Update task entry:default@CollectDebugSymbol output file:/Users/yujiantao/DevEcoStudioProjects/bang/entry/build/default/outputs/default/symbol cache.
[2026-09-18T17:42:36.212] [DEBUG] debug-file - Incremental task entry:default@CollectDebugSymbol post-execution cost:1 ms .
[2026-09-18T17:42:36.230] [DEBUG] debug-file - Current worker pool is stopped or closed.
[2026-09-18T17:42:36.231] [DEBUG] debug-file - Clear worker 0.
[2026-09-18T17:42:36.232] [DEBUG] debug-file - Worker 0 has been cleared.
[2026-09-18T17:42:36.232] [DEBUG] debug-file - Current idle worker size: 3.
[2026-09-18T17:42:36.232] [DEBUG] debug-file - Current busy worker size: 0.
[2026-09-18T17:42:36.232] [DEBUG] debug-file - Clear worker 1.
[2026-09-18T17:42:36.232] [DEBUG] debug-file - Worker 1 has been cleared.
[2026-09-18T17:42:36.232] [DEBUG] debug-file - Current idle worker size: 2.
[2026-09-18T17:42:36.232] [DEBUG] debug-file - Current busy worker size: 0.
[2026-09-18T17:42:36.232] [DEBUG] debug-file - Clear worker 4.
[2026-09-18T17:42:36.232] [DEBUG] debug-file - Worker 4 has been cleared.
[2026-09-18T17:42:36.232] [DEBUG] debug-file - Current idle worker size: 1.
[2026-09-18T17:42:36.232] [DEBUG] debug-file - Current busy worker size: 0.
[2026-09-18T17:42:36.232] [DEBUG] debug-file - Clear worker 6.
[2026-09-18T17:42:36.232] [DEBUG] debug-file - Worker 6 has been cleared.
[2026-09-18T17:42:36.232] [DEBUG] debug-file - Current idle worker size: 0.
[2026-09-18T17:42:36.232] [DEBUG] debug-file - Current busy worker size: 0.
[2026-09-18T17:42:36.233] [DEBUG] debug-file - hvigor build process will be closed.
[2026-09-18T17:42:36.240] [DEBUG] debug-file - Current worker pool is terminated.
[2026-09-18T17:42:36.241] [DEBUG] debug-file - worker[0] exits with exit code 1.
[2026-09-18T17:42:36.241] [DEBUG] debug-file - worker[1] exits with exit code 1.
[2026-09-18T17:42:36.257] [DEBUG] debug-file - worker[6] exits with exit code 1.
[2026-09-18T17:42:36.331] [DEBUG] debug-file - worker[4] exits with exit code 1.
[2026-09-18T17:43:13.113] [DEBUG] debug-file - session manager: set active socket. socketId=cyqUFJIXoPwomraVAABV
[2026-09-18T17:43:13.118] [DEBUG] debug-file - watch worker: worker id should be larger than 0. Nothing will be sent to any worker thread.
[2026-09-18T17:43:13.129] [DEBUG] debug-file - Workers' log level updated to INFO
[2026-09-18T17:43:13.139] [DEBUG] debug-file - Hvigor init with startParameters:{
  hvigorfileTypeCheck: false,
  parallelExecution: true,
  incrementalExecution: true,
  printStackTrace: false,
  daemon: true,
  analyze: 0,
  logLevel: Level { level: 20000, levelStr: 'INFO', colour: 'green' },
  optimizationStrategy: 'memory',
  hotCompile: undefined,
  hotReloadBuild: undefined,
  customizedParam: undefined
}
[2026-09-18T17:43:13.147] [DEBUG] debug-file - Cache service initialization finished in 9 ms 
[2026-09-18T17:43:13.149] [DEBUG] debug-file - hvigorfile, resolving /Users/yujiantao/DevEcoStudioProjects/bang/hvigorfile.ts
[2026-09-18T17:43:13.182] [DEBUG] debug-file - hvigorfile, require result:  { default: { plugins: [] } }
[2026-09-18T17:43:13.182] [DEBUG] debug-file - hvigorfile, binding system plugins null
[2026-09-18T17:43:13.182] [DEBUG] debug-file - Starting plugin build process
[2026-09-18T17:43:13.182] [DEBUG] debug-file - App plugin prepare start...
[2026-09-18T17:43:13.183] [DEBUG] debug-file - App plugin prepare end...
[2026-09-18T17:43:13.183] [DEBUG] debug-file - App plugin creating...
[2026-09-18T17:43:13.189] [DEBUG] debug-file - App plugin register hook start...
[2026-09-18T17:43:13.190] [DEBUG] debug-file - App plugin register hook end...
[2026-09-18T17:43:13.190] [DEBUG] debug-file - Plugin build process completed
[2026-09-18T17:43:13.191] [DEBUG] debug-file - Start initialize project's product build option map with build mode debug.
[2026-09-18T17:43:13.191] [DEBUG] debug-file - Picking option from product 'default' with build mode 'debug'.
[2026-09-18T17:43:13.192] [DEBUG] debug-file - Product 'default' build option initialized
[2026-09-18T17:43:13.193] [DEBUG] debug-file - End initialize project's product build option map with build mode 'debug'.
[2026-09-18T17:43:13.193] [DEBUG] debug-file - Obtain build option for product 'default'in this build.
[2026-09-18T17:43:13.194] [DEBUG] debug-file - /Users/yujiantao/DevEcoStudioProjects/bang/build/cache/default/remote_hsp/remoteHspCache.json not exists.
[2026-09-18T17:43:13.195] [DEBUG] debug-file - Start recording SDK configuration permission data.
[2026-09-18T17:43:13.239] [DEBUG] debug-file - Sdk init in 45 ms 
[2026-09-18T17:43:13.241] [DEBUG] debug-file - Project task initialization takes 2 ms 
[2026-09-18T17:43:13.241] [DEBUG] debug-file - hvigorfile, begin to bind custom plugins...
[2026-09-18T17:43:13.241] [DEBUG] debug-file - hvigorfile, no custom plugins were found in /Users/yujiantao/DevEcoStudioProjects/bang/hvigorfile.ts
[2026-09-18T17:43:13.241] [DEBUG] debug-file - hvigorfile, resolve finished /Users/yujiantao/DevEcoStudioProjects/bang/hvigorfile.ts
[2026-09-18T17:43:13.241] [DEBUG] debug-file - hvigorfile, resolving /Users/yujiantao/DevEcoStudioProjects/bang/entry/hvigorfile.ts
[2026-09-18T17:43:13.244] [DEBUG] debug-file - hvigorfile, require result:  { default: { plugins: [] } }
[2026-09-18T17:43:13.244] [DEBUG] debug-file - hvigorfile, binding system plugins null
[2026-09-18T17:43:13.244] [DEBUG] debug-file - Starting plugin build process
[2026-09-18T17:43:13.244] [DEBUG] debug-file - Hap plugin creating...
[2026-09-18T17:43:13.245] [DEBUG] debug-file - failed to load cangjie to dynamically generate schemas: Error: Cannot find module '@ohos/cangjie-build-support/index'
Require stack:
- /Applications/DevEco-Studio.app/Contents/tools/hvigor/hvigor-ohos-plugin/src/plugin/hooks/cangjie-register.js
- /Applications/DevEco-Studio.app/Contents/tools/hvigor/hvigor-ohos-plugin/src/plugin/strategy/stage-init-strategy.js
- /Applications/DevEco-Studio.app/Contents/tools/hvigor/hvigor-ohos-plugin/src/plugin/builder/abstract-plugin-builder.js
- /Applications/DevEco-Studio.app/Contents/tools/hvigor/hvigor-ohos-plugin/src/plugin/builder/app-plugin-builder.js
- /Applications/DevEco-Studio.app/Contents/tools/hvigor/hvigor-ohos-plugin/src/plugin/factory/plugin-factory.js
- /Applications/DevEco-Studio.app/Contents/tools/hvigor/hvigor-ohos-plugin/index.js
- /Users/yujiantao/DevEcoStudioProjects/bang/hvigorfile.ts
- /Applications/DevEco-Studio.app/Contents/tools/hvigor/hvigor/src/base/internal/lifecycle/configuration.js
- /Applications/DevEco-Studio.app/Contents/tools/hvigor/hvigor/src/base/boot/index.js
- /Applications/DevEco-Studio.app/Contents/tools/hvigor/hvigor/src/base/daemon/cluster/worker-process-lifecycle.js
- /Applications/DevEco-Studio.app/Contents/tools/hvigor/hvigor/src/base/daemon/process/daemon-process-boot-script.js
[2026-09-18T17:43:13.246] [DEBUG] debug-file - Start initialize module-target build option map, moduleName=entry, buildMode=debug
[2026-09-18T17:43:13.246] [DEBUG] debug-file - Target 'default' config initialized
[2026-09-18T17:43:13.246] [DEBUG] debug-file - Module 'entry' target 'default' build option initialized
[2026-09-18T17:43:13.246] [DEBUG] debug-file - End initialize module-target build option map, moduleName=entry
[2026-09-18T17:43:13.246] [DEBUG] debug-file - Start initialize module-target build option map, moduleName=entry, buildMode=release
[2026-09-18T17:43:13.246] [DEBUG] debug-file - Target 'default' config initialized
[2026-09-18T17:43:13.246] [DEBUG] debug-file - Module 'entry' target 'default' build option initialized
[2026-09-18T17:43:13.246] [DEBUG] debug-file - End initialize module-target build option map, moduleName=entry
[2026-09-18T17:43:13.246] [DEBUG] debug-file - Start initialize module-target build option map, moduleName=entry, buildMode=debug
[2026-09-18T17:43:13.247] [DEBUG] debug-file - Target 'default' config initialized
[2026-09-18T17:43:13.247] [DEBUG] debug-file - Module 'entry' target 'default' build option initialized
[2026-09-18T17:43:13.247] [DEBUG] debug-file - End initialize module-target build option map, moduleName=entry
[2026-09-18T17:43:13.247] [DEBUG] debug-file - Obtain build option for module 'entry' target 'default'in this build.
[2026-09-18T17:43:13.248] [DEBUG] debug-file - Module entry task initialization takes 1 ms 
[2026-09-18T17:43:13.248] [DEBUG] debug-file - Hap plugin register hook start...
[2026-09-18T17:43:13.248] [DEBUG] debug-file - Hap plugin register hook end...
[2026-09-18T17:43:13.248] [DEBUG] debug-file - Plugin build process completed
[2026-09-18T17:43:13.248] [DEBUG] debug-file - hvigorfile, begin to bind custom plugins...
[2026-09-18T17:43:13.248] [DEBUG] debug-file - hvigorfile, no custom plugins were found in /Users/yujiantao/DevEcoStudioProjects/bang/entry/hvigorfile.ts
[2026-09-18T17:43:13.248] [DEBUG] debug-file - hvigorfile, resolve finished /Users/yujiantao/DevEcoStudioProjects/bang/entry/hvigorfile.ts
[2026-09-18T17:43:13.334] [DEBUG] debug-file - hvigorfile, resolve hvigorfile dependencies in 86 ms 
[2026-09-18T17:43:13.334] [DEBUG] debug-file - project has submodules:entry
[2026-09-18T17:43:13.334] [DEBUG] debug-file - module:entry no need to execute packageHap
[2026-09-18T17:43:13.335] [DEBUG] debug-file - start to load updatedOhPackageInfo to the disk
[2026-09-18T17:43:13.336] [DEBUG] debug-file - load to the disk finished
[2026-09-18T17:43:13.336] [DEBUG] debug-file - Start to initialize dependency information.
[2026-09-18T17:43:13.336] [DEBUG] debug-file - Module bang Collected Dependency: 
[2026-09-18T17:43:13.336] [DEBUG] debug-file - Module bang's total dependency: 0
[2026-09-18T17:43:13.337] [DEBUG] debug-file - Start to initialize dependency information.
[2026-09-18T17:43:13.337] [DEBUG] debug-file - Module entry Collected Dependency: 
[2026-09-18T17:43:13.337] [DEBUG] debug-file - Module entry's total dependency: 0
[2026-09-18T17:43:13.337] [DEBUG] debug-file - Configuration phase cost:190 ms 
[2026-09-18T17:43:13.338] [DEBUG] debug-file - Configuration task cost before running: 206 ms 
[2026-09-18T17:43:13.339] [DEBUG] debug-file - Executing task :entry:default@PreBuild
[2026-09-18T17:43:13.341] [DEBUG] debug-file - Task 'entry:default@PreBuild' cost while wrapping incremental declarations: 1 ms 
[2026-09-18T17:43:13.342] [DEBUG] debug-file - entry:default@PreBuild is not up-to-date, since the task snapshots are different.
[2026-09-18T17:43:13.342] [DEBUG] debug-file - Incremental task entry:default@PreBuild pre-execution cost: 1 ms .
[2026-09-18T17:43:13.344] [DEBUG] debug-file - current product is not Atomic service.
[2026-09-18T17:43:13.344] [DEBUG] debug-file - Use tool [darwin: JAVA_HOME, CLASSPATH]
 [
  {
    JAVA_HOME: '/Applications/DevEco-Studio.app/Contents/jbr/Contents/Home'
  },
  { CLASSPATH: undefined }
]
[2026-09-18T17:43:13.344] [DEBUG] debug-file - Use tool [darwin: NODE_HOME]
 [
  {
    NODE_HOME: '/Applications/DevEco-Studio.app/Contents/tools/node/bin'
  }
]
[2026-09-18T17:43:13.345] [DEBUG] debug-file - entry : default@PreBuild cost memory 0.8821334838867188
[2026-09-18T17:43:13.345] [DEBUG] debug-file - runTaskFromQueue task cost before running: 213 ms 
[2026-09-18T17:43:13.345] [INFO] debug-file - Finished :entry:default@PreBuild... after 6 ms 
[2026-09-18T17:43:13.346] [DEBUG] debug-file - Executing task :entry:default@CreateModuleInfo
[2026-09-18T17:43:13.346] [DEBUG] debug-file - Task 'entry:default@CreateModuleInfo' cost while wrapping incremental declarations: 1 ms 
[2026-09-18T17:43:13.346] [DEBUG] debug-file - entry : default@CreateModuleInfo cost memory 0.0384979248046875
[2026-09-18T17:43:13.346] [DEBUG] debug-file - runTaskFromQueue task cost before running: 214 ms 
[2026-09-18T17:43:13.346] [INFO] debug-file - Finished :entry:default@CreateModuleInfo... after 1 ms 
[2026-09-18T17:43:13.347] [DEBUG] debug-file - Executing task :entry:default@GenerateMetadata
[2026-09-18T17:43:13.347] [DEBUG] debug-file - Task 'entry:default@GenerateMetadata' cost while wrapping incremental declarations: 1 ms 
[2026-09-18T17:43:13.347] [DEBUG] debug-file - Incremental task entry:default@GenerateMetadata pre-execution cost: 1 ms .
[2026-09-18T17:43:13.347] [DEBUG] debug-file - entry : default@GenerateMetadata cost memory 0.0669708251953125
[2026-09-18T17:43:13.347] [INFO] debug-file - UP-TO-DATE :entry:default@GenerateMetadata...  
[2026-09-18T17:43:13.347] [DEBUG] debug-file - Executing task :entry:default@ConfigureCmake
[2026-09-18T17:43:13.347] [DEBUG] debug-file - entry : default@ConfigureCmake cost memory 0.0135040283203125
[2026-09-18T17:43:13.347] [DEBUG] debug-file - runTaskFromQueue task cost before running: 215 ms 
[2026-09-18T17:43:13.347] [INFO] debug-file - Finished :entry:default@ConfigureCmake... after 1 ms 
[2026-09-18T17:43:13.348] [DEBUG] debug-file - Executing task :entry:default@MergeProfile
[2026-09-18T17:43:13.348] [DEBUG] debug-file - Task 'entry:default@MergeProfile' cost while wrapping incremental declarations: 1 ms 
[2026-09-18T17:43:13.348] [DEBUG] debug-file - Incremental task entry:default@MergeProfile pre-execution cost: 1 ms .
[2026-09-18T17:43:13.348] [DEBUG] debug-file - entry : default@MergeProfile cost memory 0.10926055908203125
[2026-09-18T17:43:13.348] [INFO] debug-file - UP-TO-DATE :entry:default@MergeProfile...  
[2026-09-18T17:43:13.348] [DEBUG] debug-file - Executing task :entry:default@CreateBuildProfile
[2026-09-18T17:43:13.348] [DEBUG] debug-file - Task 'entry:default@CreateBuildProfile' cost while wrapping incremental declarations: 1 ms 
[2026-09-18T17:43:13.349] [DEBUG] debug-file - Incremental task entry:default@CreateBuildProfile pre-execution cost: 1 ms .
[2026-09-18T17:43:13.349] [DEBUG] debug-file - entry : default@CreateBuildProfile cost memory 0.07806396484375
[2026-09-18T17:43:13.349] [INFO] debug-file - UP-TO-DATE :entry:default@CreateBuildProfile...  
[2026-09-18T17:43:13.349] [DEBUG] debug-file - Executing task :entry:default@PreCheckSyscap
[2026-09-18T17:43:13.349] [DEBUG] debug-file - entry : default@PreCheckSyscap cost memory 0.01372528076171875
[2026-09-18T17:43:13.349] [DEBUG] debug-file - runTaskFromQueue task cost before running: 217 ms 
[2026-09-18T17:43:13.349] [INFO] debug-file - Finished :entry:default@PreCheckSyscap... after 1 ms 
[2026-09-18T17:43:13.349] [DEBUG] debug-file - Executing task :entry:default@GeneratePkgContextInfo
[2026-09-18T17:43:13.350] [DEBUG] debug-file - Task 'entry:default@GeneratePkgContextInfo' cost while wrapping incremental declarations: 1 ms 
[2026-09-18T17:43:13.351] [DEBUG] debug-file - Incremental task entry:default@GeneratePkgContextInfo pre-execution cost: 1 ms .
[2026-09-18T17:43:13.351] [DEBUG] debug-file - entry : default@GeneratePkgContextInfo cost memory 0.14691925048828125
[2026-09-18T17:43:13.351] [INFO] debug-file - UP-TO-DATE :entry:default@GeneratePkgContextInfo...  
[2026-09-18T17:43:13.352] [DEBUG] debug-file - Executing task :entry:default@GeneratePkgSdkInfo
[2026-09-18T17:43:13.352] [DEBUG] debug-file - Task 'entry:default@GeneratePkgSdkInfo' cost while wrapping incremental declarations: 1 ms 
[2026-09-18T17:43:13.354] [DEBUG] debug-file - entry : default@GeneratePkgSdkInfo cost memory 0.07067108154296875
[2026-09-18T17:43:13.354] [DEBUG] debug-file - runTaskFromQueue task cost before running: 222 ms 
[2026-09-18T17:43:13.354] [INFO] debug-file - Finished :entry:default@GeneratePkgSdkInfo... after 3 ms 
[2026-09-18T17:43:13.355] [DEBUG] debug-file - Executing task :entry:default@ProcessIntegratedHsp
[2026-09-18T17:43:13.356] [DEBUG] debug-file - entry:default@ProcessIntegratedHsp is not up-to-date, since the output file '/Users/yujiantao/DevEcoStudioProjects/bang/build/cache/default/integrated_hsp/integratedHspCache.json' does not exist.
[2026-09-18T17:43:13.356] [DEBUG] debug-file - Incremental task entry:default@ProcessIntegratedHsp pre-execution cost: 1 ms .
[2026-09-18T17:43:13.356] [DEBUG] debug-file - entry : default@ProcessIntegratedHsp cost memory 0.05333709716796875
[2026-09-18T17:43:13.361] [DEBUG] debug-file - runTaskFromQueue task cost before running: 224 ms 
[2026-09-18T17:43:13.361] [INFO] debug-file - Finished :entry:default@ProcessIntegratedHsp... after 1 ms 
[2026-09-18T17:43:13.362] [DEBUG] debug-file - Executing task :entry:default@BuildNativeWithCmake
[2026-09-18T17:43:13.362] [DEBUG] debug-file - entry : default@BuildNativeWithCmake cost memory 0.0135040283203125
[2026-09-18T17:43:13.362] [DEBUG] debug-file - runTaskFromQueue task cost before running: 230 ms 
[2026-09-18T17:43:13.362] [INFO] debug-file - Finished :entry:default@BuildNativeWithCmake... after 1 ms 
[2026-09-18T17:43:13.362] [DEBUG] debug-file - Executing task :entry:default@MakePackInfo
[2026-09-18T17:43:13.363] [DEBUG] debug-file - Incremental task entry:default@MakePackInfo pre-execution cost: 1 ms .
[2026-09-18T17:43:13.363] [DEBUG] debug-file - entry : default@MakePackInfo cost memory 0.0904998779296875
[2026-09-18T17:43:13.363] [INFO] debug-file - UP-TO-DATE :entry:default@MakePackInfo...  
[2026-09-18T17:43:13.363] [DEBUG] debug-file - Executing task :entry:default@SyscapTransform
[2026-09-18T17:43:13.363] [DEBUG] debug-file - File: '/Users/yujiantao/DevEcoStudioProjects/bang/entry/src/main/syscap.json' from 'sysCapJsonPath' is not exists, just ignore.
[2026-09-18T17:43:13.363] [DEBUG] debug-file - Task 'entry:default@SyscapTransform' cost while wrapping incremental declarations: 1 ms 
[2026-09-18T17:43:13.364] [DEBUG] debug-file - entry:default@SyscapTransform is not up-to-date, since the output file '/Users/yujiantao/DevEcoStudioProjects/bang/entry/build/default/intermediates/syscap/default/rpcid.sc' does not exist.
[2026-09-18T17:43:13.364] [DEBUG] debug-file - Incremental task entry:default@SyscapTransform pre-execution cost: 1 ms .
[2026-09-18T17:43:13.364] [DEBUG] debug-file - entry : default@SyscapTransform cost memory 0.10019683837890625
[2026-09-18T17:43:13.364] [DEBUG] debug-file - runTaskFromQueue task cost before running: 231 ms 
[2026-09-18T17:43:13.364] [INFO] debug-file - Finished :entry:default@SyscapTransform... after 1 ms 
[2026-09-18T17:43:13.365] [DEBUG] debug-file - Executing task :entry:default@ProcessProfile
[2026-09-18T17:43:13.365] [DEBUG] debug-file - Task 'entry:default@ProcessProfile' cost while wrapping incremental declarations: 1 ms 
[2026-09-18T17:43:13.366] [DEBUG] debug-file - Incremental task entry:default@ProcessProfile pre-execution cost: 1 ms .
[2026-09-18T17:43:13.366] [DEBUG] debug-file - entry : default@ProcessProfile cost memory 0.12032318115234375
[2026-09-18T17:43:13.366] [INFO] debug-file - UP-TO-DATE :entry:default@ProcessProfile...  
[2026-09-18T17:43:13.367] [DEBUG] debug-file - Executing task :entry:default@ProcessRouterMap
[2026-09-18T17:43:13.368] [DEBUG] debug-file - Incremental task entry:default@ProcessRouterMap pre-execution cost: 1 ms .
[2026-09-18T17:43:13.368] [DEBUG] debug-file - entry : default@ProcessRouterMap cost memory 0.1182403564453125
[2026-09-18T17:43:13.368] [INFO] debug-file - UP-TO-DATE :entry:default@ProcessRouterMap...  
[2026-09-18T17:43:13.368] [DEBUG] debug-file - Executing task :entry:default@ProcessShareConfig
[2026-09-18T17:43:13.368] [DEBUG] debug-file - Incremental task entry:default@ProcessShareConfig pre-execution cost: 1 ms .
[2026-09-18T17:43:13.368] [DEBUG] debug-file - entry : default@ProcessShareConfig cost memory 0.1024322509765625
[2026-09-18T17:43:13.368] [INFO] debug-file - UP-TO-DATE :entry:default@ProcessShareConfig...  
[2026-09-18T17:43:13.368] [DEBUG] debug-file - Executing task :entry:default@ProcessStartupConfig
[2026-09-18T17:43:13.369] [DEBUG] debug-file - Task 'entry:default@ProcessStartupConfig' cost while wrapping incremental declarations: 1 ms 
[2026-09-18T17:43:13.369] [DEBUG] debug-file - entry:default@ProcessStartupConfig is not up-to-date, since the output file '/Users/yujiantao/DevEcoStudioProjects/bang/entry/build/default/intermediates/startup/default/startup_config.json' does not exist.
[2026-09-18T17:43:13.369] [DEBUG] debug-file - Incremental task entry:default@ProcessStartupConfig pre-execution cost: 1 ms .
[2026-09-18T17:43:13.370] [DEBUG] debug-file - entry : default@ProcessStartupConfig cost memory 0.10684967041015625
[2026-09-18T17:43:13.370] [DEBUG] debug-file - runTaskFromQueue task cost before running: 238 ms 
[2026-09-18T17:43:13.370] [INFO] debug-file - Finished :entry:default@ProcessStartupConfig... after 2 ms 
[2026-09-18T17:43:13.371] [DEBUG] debug-file - Executing task :entry:default@BuildNativeWithNinja
[2026-09-18T17:43:13.371] [DEBUG] debug-file - entry : default@BuildNativeWithNinja cost memory 0.01837158203125
[2026-09-18T17:43:13.371] [DEBUG] debug-file - runTaskFromQueue task cost before running: 239 ms 
[2026-09-18T17:43:13.371] [INFO] debug-file - Finished :entry:default@BuildNativeWithNinja... after 1 ms 
[2026-09-18T17:43:13.371] [DEBUG] debug-file - restool module names: entry; moduleName=entry, taskName=default@ProcessResource
[2026-09-18T17:43:13.372] [DEBUG] debug-file - Executing task :entry:default@ProcessResource
[2026-09-18T17:43:13.372] [DEBUG] debug-file - Task 'entry:default@ProcessResource' cost while wrapping incremental declarations: 1 ms 
[2026-09-18T17:43:13.372] [DEBUG] debug-file - Incremental task entry:default@ProcessResource pre-execution cost: 1 ms .
[2026-09-18T17:43:13.372] [DEBUG] debug-file - entry : default@ProcessResource cost memory 0.1129150390625
[2026-09-18T17:43:13.372] [INFO] debug-file - UP-TO-DATE :entry:default@ProcessResource...  
[2026-09-18T17:43:13.373] [DEBUG] debug-file - Executing task :entry:default@GenerateLoaderJson
[2026-09-18T17:43:13.373] [DEBUG] debug-file - Task 'entry:default@GenerateLoaderJson' cost while wrapping incremental declarations: 1 ms 
[2026-09-18T17:43:13.375] [DEBUG] debug-file - Incremental task entry:default@GenerateLoaderJson pre-execution cost: 1 ms .
[2026-09-18T17:43:13.375] [DEBUG] debug-file - entry : default@GenerateLoaderJson cost memory 0.385986328125
[2026-09-18T17:43:13.376] [INFO] debug-file - UP-TO-DATE :entry:default@GenerateLoaderJson...  
[2026-09-18T17:43:13.376] [DEBUG] debug-file - Executing task :entry:default@ProcessLibs
[2026-09-18T17:43:13.377] [DEBUG] debug-file - Incremental task entry:default@ProcessLibs pre-execution cost: 1 ms .
[2026-09-18T17:43:13.377] [DEBUG] debug-file - entry : default@ProcessLibs cost memory 0.07186126708984375
[2026-09-18T17:43:13.377] [INFO] debug-file - UP-TO-DATE :entry:default@ProcessLibs...  
[2026-09-18T17:43:13.378] [DEBUG] debug-file - restool module names: entry; moduleName=entry, taskName=default@CompileResource
[2026-09-18T17:43:13.378] [DEBUG] debug-file - Executing task :entry:default@CompileResource
[2026-09-18T17:43:13.383] [DEBUG] debug-file - Incremental task entry:default@CompileResource pre-execution cost: 4 ms .
[2026-09-18T17:43:13.383] [DEBUG] debug-file - entry : default@CompileResource cost memory 0.6335296630859375
[2026-09-18T17:43:13.383] [INFO] debug-file - UP-TO-DATE :entry:default@CompileResource...  
[2026-09-18T17:43:13.384] [DEBUG] debug-file - Executing task :entry:default@DoNativeStrip
[2026-09-18T17:43:13.384] [DEBUG] debug-file - File: '/Users/yujiantao/DevEcoStudioProjects/bang/entry/build/default/intermediates/binxo/default' from 'doBinxoNativeLibs' is not exists, just ignore.
[2026-09-18T17:43:13.384] [DEBUG] debug-file - Task 'entry:default@DoNativeStrip' cost while wrapping incremental declarations: 1 ms 
[2026-09-18T17:43:13.384] [DEBUG] debug-file - Incremental task entry:default@DoNativeStrip pre-execution cost: 1 ms .
[2026-09-18T17:43:13.384] [DEBUG] debug-file - entry : default@DoNativeStrip cost memory 0.06951141357421875
[2026-09-18T17:43:13.384] [INFO] debug-file - UP-TO-DATE :entry:default@DoNativeStrip...  
[2026-09-18T17:43:13.385] [DEBUG] debug-file - Executing task :entry:default@CompileArkTS
[2026-09-18T17:43:13.385] [DEBUG] debug-file - obfuscationOptions: undefined
[2026-09-18T17:43:13.385] [DEBUG] debug-file - Task 'entry:default@CompileArkTS' cost while wrapping incremental declarations: 1 ms 
[2026-09-18T17:43:13.389] [DEBUG] debug-file - Incremental task entry:default@CompileArkTS pre-execution cost: 4 ms .
[2026-09-18T17:43:13.389] [DEBUG] debug-file - entry : default@CompileArkTS cost memory 0.6188583374023438
[2026-09-18T17:43:13.390] [INFO] debug-file - UP-TO-DATE :entry:default@CompileArkTS...  
[2026-09-18T17:43:13.391] [DEBUG] debug-file - Executing task :entry:default@BuildJS
[2026-09-18T17:43:13.391] [DEBUG] debug-file - Task 'entry:default@BuildJS' cost while wrapping incremental declarations: 1 ms 
[2026-09-18T17:43:13.392] [DEBUG] debug-file - entry : default@BuildJS cost memory 0.1192626953125
[2026-09-18T17:43:13.392] [DEBUG] debug-file - runTaskFromQueue task cost before running: 260 ms 
[2026-09-18T17:43:13.392] [INFO] debug-file - Finished :entry:default@BuildJS... after 1 ms 
[2026-09-18T17:43:13.392] [DEBUG] debug-file - Executing task :entry:default@CacheNativeLibs
[2026-09-18T17:43:13.392] [DEBUG] debug-file - File: '/Users/yujiantao/DevEcoStudioProjects/bang/entry/build/default/intermediates/binxo/default' from 'cacheBinxoNativeLibs' is not exists, just ignore.
[2026-09-18T17:43:13.392] [DEBUG] debug-file - Task 'entry:default@CacheNativeLibs' cost while wrapping incremental declarations: 1 ms 
[2026-09-18T17:43:13.393] [DEBUG] debug-file - Incremental task entry:default@CacheNativeLibs pre-execution cost: 1 ms .
[2026-09-18T17:43:13.403] [DEBUG] debug-file - entry : default@CacheNativeLibs cost memory -4.759918212890625
[2026-09-18T17:43:13.403] [INFO] debug-file - UP-TO-DATE :entry:default@CacheNativeLibs...  
[2026-09-18T17:43:13.404] [DEBUG] debug-file - Executing task :entry:default@GeneratePkgModuleJson
[2026-09-18T17:43:13.404] [DEBUG] debug-file - File: '/Users/yujiantao/DevEcoStudioProjects/bang/entry/build/default/intermediates/preload/default/preload.json' from 'preloadSoJsonPath' is not exists, just ignore.
[2026-09-18T17:43:13.404] [DEBUG] debug-file - Error occurs while handling @Input 'shouldDeduplicateHar': The "data" argument must be of type string or an instance of Buffer, TypedArray, or DataView. Received undefined
[2026-09-18T17:43:13.404] [DEBUG] debug-file - Task 'entry:default@GeneratePkgModuleJson' cost while wrapping incremental declarations: 1 ms 
[2026-09-18T17:43:13.404] [DEBUG] debug-file - Incremental task entry:default@GeneratePkgModuleJson pre-execution cost: 1 ms .
[2026-09-18T17:43:13.404] [DEBUG] debug-file - entry : default@GeneratePkgModuleJson cost memory 0.082275390625
[2026-09-18T17:43:13.404] [INFO] debug-file - UP-TO-DATE :entry:default@GeneratePkgModuleJson...  
[2026-09-18T17:43:13.404] [DEBUG] debug-file - Executing task :entry:default@ProcessCompiledResources
[2026-09-18T17:43:13.404] [DEBUG] debug-file - File: '/Users/yujiantao/DevEcoStudioProjects/bang/entry/build/default/intermediates/preload/default/preload.json' from 'preloadSoJsonPath' is not exists, just ignore.
[2026-09-18T17:43:13.404] [DEBUG] debug-file - Task 'entry:default@ProcessCompiledResources' cost while wrapping incremental declarations: 1 ms 
[2026-09-18T17:43:13.404] [DEBUG] debug-file - entry : default@ProcessCompiledResources cost memory 0.05230712890625
[2026-09-18T17:43:13.404] [DEBUG] debug-file - runTaskFromQueue task cost before running: 272 ms 
[2026-09-18T17:43:13.404] [INFO] debug-file - Finished :entry:default@ProcessCompiledResources... after 1 ms 
[2026-09-18T17:43:13.405] [DEBUG] debug-file - Executing task :entry:default@PackageHap
[2026-09-18T17:43:13.406] [DEBUG] debug-file - Incremental task entry:default@PackageHap pre-execution cost: 2 ms .
[2026-09-18T17:43:13.407] [DEBUG] debug-file - entry : default@PackageHap cost memory 0.39611053466796875
[2026-09-18T17:43:13.407] [INFO] debug-file - UP-TO-DATE :entry:default@PackageHap...  
[2026-09-18T17:43:13.408] [DEBUG] debug-file - Executing task :entry:default@PackingCheck
[2026-09-18T17:43:13.410] [DEBUG] debug-file - entry : default@PackingCheck cost memory 0.4517669677734375
[2026-09-18T17:43:13.410] [DEBUG] debug-file - runTaskFromQueue task cost before running: 278 ms 
[2026-09-18T17:43:13.410] [INFO] debug-file - Finished :entry:default@PackingCheck... after 3 ms 
[2026-09-18T17:43:13.412] [DEBUG] debug-file - Executing task :entry:default@SignHap
[2026-09-18T17:43:13.414] [DEBUG] debug-file - Incremental task entry:default@SignHap pre-execution cost: 2 ms .
[2026-09-18T17:43:13.414] [DEBUG] debug-file - entry : default@SignHap cost memory 0.36911773681640625
[2026-09-18T17:43:13.414] [INFO] debug-file - UP-TO-DATE :entry:default@SignHap...  
[2026-09-18T17:43:13.415] [DEBUG] debug-file - Executing task :entry:default@CollectDebugSymbol
[2026-09-18T17:43:13.415] [DEBUG] debug-file - entry : default@CollectDebugSymbol cost memory 0.078460693359375
[2026-09-18T17:43:13.415] [DEBUG] debug-file - runTaskFromQueue task cost before running: 283 ms 
[2026-09-18T17:43:13.415] [INFO] debug-file - Finished :entry:default@CollectDebugSymbol... after 1 ms 
[2026-09-18T17:43:13.417] [DEBUG] debug-file - Executing task :entry:assembleHap
[2026-09-18T17:43:13.417] [DEBUG] debug-file - entry : assembleHap cost memory 0.01177978515625
[2026-09-18T17:43:13.417] [DEBUG] debug-file - runTaskFromQueue task cost before running: 285 ms 
[2026-09-18T17:43:13.417] [INFO] debug-file - Finished :entry:assembleHap... after 2 ms 
[2026-09-18T17:43:13.417] [INFO] debug-file - BUILD SUCCESSFUL in 285 ms 
[2026-09-18T17:43:13.417] [DEBUG] debug-file - Update task entry:default@PreBuild input file:/Users/yujiantao/DevEcoStudioProjects/bang/AppScope/app.json5 cache by regenerate.
[2026-09-18T17:43:13.417] [DEBUG] debug-file - Update task entry:default@PreBuild input file:/Users/yujiantao/DevEcoStudioProjects/bang/entry/src/main/module.json5 cache by regenerate.
[2026-09-18T17:43:13.417] [DEBUG] debug-file - Update task entry:default@PreBuild input file:/Users/yujiantao/DevEcoStudioProjects/bang/build-profile.json5 cache by regenerate.
[2026-09-18T17:43:13.417] [DEBUG] debug-file - Update task entry:default@PreBuild input file:/Users/yujiantao/DevEcoStudioProjects/bang/entry/build-profile.json5 cache by regenerate.
[2026-09-18T17:43:13.417] [DEBUG] debug-file - Update task entry:default@PreBuild input file:/Users/yujiantao/DevEcoStudioProjects/bang/entry/src/main/resources/base/profile/main_pages.json cache by regenerate.
[2026-09-18T17:43:13.417] [DEBUG] debug-file - Update task entry:default@PreBuild input file:/Users/yujiantao/DevEcoStudioProjects/bang/hvigor/hvigor-config.json5 cache by regenerate.
[2026-09-18T17:43:13.417] [DEBUG] debug-file - Update task entry:default@PreBuild input file:/Users/yujiantao/DevEcoStudioProjects/bang/entry/oh-package.json5 cache by regenerate.
[2026-09-18T17:43:13.418] [DEBUG] debug-file - Update task entry:default@PreBuild input file:/Users/yujiantao/DevEcoStudioProjects/bang/oh-package.json5 cache by regenerate.
[2026-09-18T17:43:13.418] [DEBUG] debug-file - Incremental task entry:default@PreBuild post-execution cost:1 ms .
[2026-09-18T17:43:13.418] [DEBUG] debug-file - Update task entry:default@CreateModuleInfo output file:/Users/yujiantao/DevEcoStudioProjects/bang/entry/build/default/generated/profile/default/ModuleInfo.ts cache.
[2026-09-18T17:43:13.418] [DEBUG] debug-file - Incremental task entry:default@CreateModuleInfo post-execution cost:1 ms .
[2026-09-18T17:43:13.418] [DEBUG] debug-file - There is no need to refresh cache, since the incremental task entry:default@GenerateMetadata is up-to-date.
[2026-09-18T17:43:13.418] [DEBUG] debug-file - There is no need to refresh cache, since the incremental task entry:default@MergeProfile is up-to-date.
[2026-09-18T17:43:13.418] [DEBUG] debug-file - There is no need to refresh cache, since the incremental task entry:default@CreateBuildProfile is up-to-date.
[2026-09-18T17:43:13.418] [DEBUG] debug-file - There is no need to refresh cache, since the incremental task entry:default@GeneratePkgContextInfo is up-to-date.
[2026-09-18T17:43:13.418] [DEBUG] debug-file - Update task entry:default@GeneratePkgSdkInfo output file:/Users/yujiantao/DevEcoStudioProjects/bang/entry/build/default/intermediates/loader/default/pkgSdkInfo.json cache.
[2026-09-18T17:43:13.418] [DEBUG] debug-file - Incremental task entry:default@GeneratePkgSdkInfo post-execution cost:1 ms .
[2026-09-18T17:43:13.418] [DEBUG] debug-file - Update task entry:default@ProcessIntegratedHsp output file:/Users/yujiantao/DevEcoStudioProjects/bang/build/cache/default/integrated_hsp/integratedHspCache.json cache.
[2026-09-18T17:43:13.418] [DEBUG] debug-file - Incremental task entry:default@ProcessIntegratedHsp post-execution cost:1 ms .
[2026-09-18T17:43:13.418] [DEBUG] debug-file - There is no need to refresh cache, since the incremental task entry:default@MakePackInfo is up-to-date.
[2026-09-18T17:43:13.418] [DEBUG] debug-file - Update task entry:default@SyscapTransform input file:/Applications/DevEco-Studio.app/Contents/sdk/default/openharmony/toolchains/syscap_tool cache by regenerate.
[2026-09-18T17:43:13.418] [DEBUG] debug-file - Update task entry:default@SyscapTransform input file:/Applications/DevEco-Studio.app/Contents/sdk/default/openharmony/ets/api/device-define cache by regenerate.
[2026-09-18T17:43:13.418] [DEBUG] debug-file - Update task entry:default@SyscapTransform output file:/Users/yujiantao/DevEcoStudioProjects/bang/entry/build/default/intermediates/syscap/default/rpcid.sc cache.
[2026-09-18T17:43:13.418] [DEBUG] debug-file - Incremental task entry:default@SyscapTransform post-execution cost:1 ms .
[2026-09-18T17:43:13.418] [DEBUG] debug-file - There is no need to refresh cache, since the incremental task entry:default@ProcessProfile is up-to-date.
[2026-09-18T17:43:13.418] [DEBUG] debug-file - There is no need to refresh cache, since the incremental task entry:default@ProcessRouterMap is up-to-date.
[2026-09-18T17:43:13.418] [DEBUG] debug-file - There is no need to refresh cache, since the incremental task entry:default@ProcessShareConfig is up-to-date.
[2026-09-18T17:43:13.418] [DEBUG] debug-file - Update task entry:default@ProcessStartupConfig input file:/Users/yujiantao/DevEcoStudioProjects/bang/entry/build/default/intermediates/loader/default/pkgContextInfo.json cache by regenerate.
[2026-09-18T17:43:13.418] [DEBUG] debug-file - Update task entry:default@ProcessStartupConfig output file:/Users/yujiantao/DevEcoStudioProjects/bang/entry/build/default/intermediates/startup/default/startup_config.json cache.
[2026-09-18T17:43:13.418] [DEBUG] debug-file - Incremental task entry:default@ProcessStartupConfig post-execution cost:1 ms .
[2026-09-18T17:43:13.418] [DEBUG] debug-file - There is no need to refresh cache, since the incremental task entry:default@ProcessResource is up-to-date.
[2026-09-18T17:43:13.418] [DEBUG] debug-file - There is no need to refresh cache, since the incremental task entry:default@GenerateLoaderJson is up-to-date.
[2026-09-18T17:43:13.418] [DEBUG] debug-file - There is no need to refresh cache, since the incremental task entry:default@ProcessLibs is up-to-date.
[2026-09-18T17:43:13.418] [DEBUG] debug-file - There is no need to refresh cache, since the incremental task entry:default@CompileResource is up-to-date.
[2026-09-18T17:43:13.418] [DEBUG] debug-file - There is no need to refresh cache, since the incremental task entry:default@DoNativeStrip is up-to-date.
[2026-09-18T17:43:13.418] [DEBUG] debug-file - There is no need to refresh cache, since the incremental task entry:default@CompileArkTS is up-to-date.
[2026-09-18T17:43:13.419] [DEBUG] debug-file - Update task entry:default@BuildJS input file:/Users/yujiantao/DevEcoStudioProjects/bang/entry/build/default/intermediates/loader/default cache by regenerate.
[2026-09-18T17:43:13.419] [DEBUG] debug-file - Update task entry:default@BuildJS input file:/Users/yujiantao/DevEcoStudioProjects/bang/entry/build/default/intermediates/res/default/resources/rawfile cache by regenerate.
[2026-09-18T17:43:13.420] [DEBUG] debug-file - Update task entry:default@BuildJS input file:/Users/yujiantao/DevEcoStudioProjects/bang/entry/build/default/intermediates/res/default/ResourceTable.txt cache by regenerate.
[2026-09-18T17:43:13.420] [DEBUG] debug-file - Update task entry:default@BuildJS input file:/Users/yujiantao/DevEcoStudioProjects/bang/entry/build/default/intermediates/res/default/ark_module.json cache by regenerate.
[2026-09-18T17:43:13.420] [DEBUG] debug-file - Update task entry:default@BuildJS input file:/Users/yujiantao/DevEcoStudioProjects/bang/entry/build/default/intermediates/res/default/resources/base/profile cache by regenerate.
[2026-09-18T17:43:13.421] [DEBUG] debug-file - Update task entry:default@BuildJS input file:/Users/yujiantao/DevEcoStudioProjects/bang/entry/build/default/intermediates/loader/default/pkgContextInfo.json cache by regenerate.
[2026-09-18T17:43:13.421] [DEBUG] debug-file - Update task entry:default@BuildJS output file:/Users/yujiantao/DevEcoStudioProjects/bang/entry/build/default/intermediates/loader_out/default/js cache.
[2026-09-18T17:43:13.421] [DEBUG] debug-file - Incremental task entry:default@BuildJS post-execution cost:3 ms .
[2026-09-18T17:43:13.421] [DEBUG] debug-file - There is no need to refresh cache, since the incremental task entry:default@CacheNativeLibs is up-to-date.
[2026-09-18T17:43:13.421] [DEBUG] debug-file - There is no need to refresh cache, since the incremental task entry:default@GeneratePkgModuleJson is up-to-date.
[2026-09-18T17:43:13.421] [DEBUG] debug-file - Incremental task entry:default@ProcessCompiledResources post-execution cost:1 ms .
[2026-09-18T17:43:13.421] [DEBUG] debug-file - There is no need to refresh cache, since the incremental task entry:default@PackageHap is up-to-date.
[2026-09-18T17:43:13.421] [DEBUG] debug-file - There is no need to refresh cache, since the incremental task entry:default@SignHap is up-to-date.
[2026-09-18T17:43:13.421] [DEBUG] debug-file - Update task entry:default@CollectDebugSymbol input file:/Users/yujiantao/DevEcoStudioProjects/bang/entry/build/default/intermediates/loader_out/default/ets/sourceMaps.map cache by regenerate.
[2026-09-18T17:43:13.421] [DEBUG] debug-file - Update task entry:default@CollectDebugSymbol input file:/Users/yujiantao/DevEcoStudioProjects/bang/entry/build/default/intermediates/libs/default cache by regenerate.
[2026-09-18T17:43:13.421] [DEBUG] debug-file - Update task entry:default@CollectDebugSymbol output file:/Users/yujiantao/DevEcoStudioProjects/bang/entry/build/default/outputs/default/symbol cache.
[2026-09-18T17:43:13.421] [DEBUG] debug-file - Incremental task entry:default@CollectDebugSymbol post-execution cost:1 ms .
[2026-09-18T17:43:13.429] [DEBUG] debug-file - hvigor build process will be closed.
[2026-09-18T17:43:13.507] [DEBUG] debug-file - session manager: send message to worker process.
[2026-09-18T17:43:13.507] [DEBUG] debug-file - session manager: send message to worker process.
[2026-09-18T17:43:13.508] [DEBUG] debug-file - watch worker: worker id should be larger than 0. Nothing will be sent to any worker thread.
[2026-09-18T17:43:13.508] [DEBUG] debug-file - watch worker: worker id should be larger than 0. Nothing will be sent to any worker thread.
[2026-09-18T17:44:05.254] [DEBUG] debug-file - env: nodejsVersion=v22.21.1
[2026-09-18T17:44:05.468] [DEBUG] debug-file - Hvigor init with startParameters:{
  hvigorfileTypeCheck: false,
  parallelExecution: true,
  incrementalExecution: true,
  printStackTrace: false,
  daemon: false,
  analyze: 0,
  logLevel: Level { level: 20000, levelStr: 'INFO', colour: 'green' },
  optimizationStrategy: 'memory',
  hotCompile: undefined,
  hotReloadBuild: undefined,
  customizedParam: undefined
}
[2026-09-18T17:44:06.929] [DEBUG] debug-file - hvigorfile, require result:  { default: { system: [Function: appTasks], plugins: [] } }
[2026-09-18T17:44:06.935] [DEBUG] debug-file - Starting plugin build process
[2026-09-18T17:44:07.223] [DEBUG] debug-file - App plugin register hook start...
[2026-09-18T17:44:07.225] [DEBUG] debug-file - Start initialize project's product build option map with build mode debug.
[2026-09-18T17:44:07.227] [DEBUG] debug-file - Obtain build option for product 'default'in this build.
[2026-09-18T17:44:07.235] [DEBUG] debug-file - Start recording SDK configuration permission data.
[2026-09-18T17:44:07.415] [DEBUG] debug-file - Project task initialization takes 34 ms 
[2026-09-18T17:44:07.437] [DEBUG] debug-file - failed to load cangjie to dynamically generate schemas: Error: Cannot find module '@ohos/cangjie-build-support/index'
Require stack:
- /Applications/DevEco-Studio.app/Contents/tools/hvigor/hvigor-ohos-plugin/src/plugin/hooks/cangjie-register.js
- /Applications/DevEco-Studio.app/Contents/tools/hvigor/hvigor-ohos-plugin/src/plugin/strategy/stage-init-strategy.js
- /Applications/DevEco-Studio.app/Contents/tools/hvigor/hvigor-ohos-plugin/src/plugin/builder/abstract-plugin-builder.js
- /Applications/DevEco-Studio.app/Contents/tools/hvigor/hvigor-ohos-plugin/src/plugin/builder/app-plugin-builder.js
- /Applications/DevEco-Studio.app/Contents/tools/hvigor/hvigor-ohos-plugin/src/plugin/factory/plugin-factory.js
- /Applications/DevEco-Studio.app/Contents/tools/hvigor/hvigor-ohos-plugin/index.js
- /Users/yujiantao/DevEcoStudioProjects/bang/hvigorfile.ts
- /Applications/DevEco-Studio.app/Contents/tools/hvigor/hvigor/src/base/internal/lifecycle/configuration.js
- /Applications/DevEco-Studio.app/Contents/tools/hvigor/hvigor/src/base/boot/index.js
- /Applications/DevEco-Studio.app/Contents/tools/hvigor/hvigor/src/cli/main/cli.js
- /Applications/DevEco-Studio.app/Contents/tools/hvigor/hvigor/bin/hvigor.js
[2026-09-18T17:44:07.461] [DEBUG] debug-file - start to load updatedOhPackageInfo to the disk
[2026-09-18T17:44:07.448] [DEBUG] debug-file - Start initialize module-target build option map, moduleName=entry, buildMode=debug
[2026-09-18T17:44:07.478] [DEBUG] debug-file - Executing task :entry:default@PreBuild
[2026-09-18T17:44:07.649] [DEBUG] debug-file - Executing task :entry:default@PreCheckSyscap
[2026-09-18T17:44:07.460] [DEBUG] debug-file - project has submodules:entry
[2026-09-18T17:44:07.641] [DEBUG] debug-file - Executing task :entry:default@GenerateMetadata
[2026-09-18T17:44:07.467] [DEBUG] debug-file - Start to initialize dependency information.
[2026-09-18T17:44:07.651] [DEBUG] debug-file - Executing task :entry:default@GeneratePkgContextInfo
[2026-09-18T17:44:07.661] [DEBUG] debug-file - Executing task :entry:default@ProcessIntegratedHsp
[2026-09-18T17:44:07.662] [DEBUG] debug-file - Executing task :entry:default@BuildNativeWithCmake
[2026-09-18T17:44:07.663] [DEBUG] debug-file - Executing task :entry:default@MakePackInfo
[2026-09-18T17:44:07.646] [DEBUG] debug-file - Executing task :entry:default@CreateBuildProfile
[2026-09-18T17:44:07.666] [DEBUG] debug-file - Executing task :entry:default@SyscapTransform
[2026-09-18T17:44:07.688] [DEBUG] debug-file - Executing task :entry:default@ProcessProfile
[2026-09-18T17:44:07.696] [DEBUG] debug-file - Executing task :entry:default@ProcessShareConfig
[2026-09-18T17:44:07.693] [DEBUG] debug-file - Executing task :entry:default@ProcessRouterMap
[2026-09-18T17:44:07.700] [DEBUG] debug-file - Executing task :entry:default@ProcessStartupConfig
[2026-09-18T17:44:07.704] [DEBUG] debug-file - Executing task :entry:default@BuildNativeWithNinja
[2026-09-18T17:44:07.710] [DEBUG] debug-file - Executing task :entry:default@ProcessResource
[2026-09-18T17:44:07.713] [DEBUG] debug-file - Executing task :entry:default@GenerateLoaderJson
[2026-09-18T17:44:07.724] [DEBUG] debug-file - Executing task :entry:default@ProcessLibs
[2026-09-18T17:44:07.734] [DEBUG] debug-file - Executing task :entry:default@CompileResource
[2026-09-18T17:44:07.746] [DEBUG] debug-file - Executing task :entry:default@DoNativeStrip
[2026-09-18T17:44:07.747] [DEBUG] debug-file - Executing task :entry:default@CompileArkTS
[2026-09-18T17:44:07.765] [DEBUG] debug-file - Create  resident worker with id: 0.
[2026-09-18T17:44:07.770] [DEBUG] debug-file - Executing task :entry:default@BuildJS
[2026-09-18T17:44:07.776] [DEBUG] debug-file - Executing task :entry:default@CacheNativeLibs
[2026-09-18T17:44:05.254] [DEBUG] debug-file - env: hvigor-config.json5 content = {
  modelVersion: '5.0.0',
  dependencies: {},
  execution: {},
  logging: {},
  debugging: {},
  nodeOptions: {}
}
[2026-09-18T17:44:05.473] [DEBUG] debug-file - Cache service initialization finished in 5 ms 
[2026-09-18T17:44:06.929] [DEBUG] debug-file - hvigorfile, binding system plugins [Function: appTasks]
[2026-09-18T17:44:06.935] [DEBUG] debug-file - App plugin prepare start...
[2026-09-18T17:44:07.225] [DEBUG] debug-file - Picking option from product 'default' with build mode 'debug'.
[2026-09-18T17:44:07.224] [DEBUG] debug-file - App plugin register hook end...
[2026-09-18T17:44:07.228] [DEBUG] debug-file - /Users/yujiantao/DevEcoStudioProjects/bang/build/cache/default/remote_hsp/remoteHspCache.json not exists.
[2026-09-18T17:44:07.377] [DEBUG] debug-file - Sdk init in 146 ms 
[2026-09-18T17:44:07.415] [DEBUG] debug-file - hvigorfile, begin to bind custom plugins...
[2026-09-18T17:44:07.464] [DEBUG] debug-file - load to the disk finished
[2026-09-18T17:44:07.448] [DEBUG] debug-file - Target 'default' config initialized
[2026-09-18T17:44:07.481] [DEBUG] debug-file - Task 'entry:default@PreBuild' cost while wrapping incremental declarations: 1 ms 
[2026-09-18T17:44:07.649] [DEBUG] debug-file - entry : default@PreCheckSyscap cost memory 0.01959991455078125
[2026-09-18T17:44:07.460] [DEBUG] debug-file - module:entry no need to execute packageHap
[2026-09-18T17:44:07.656] [DEBUG] debug-file - Task 'entry:default@GeneratePkgContextInfo' cost while wrapping incremental declarations: 1 ms 
[2026-09-18T17:44:07.662] [DEBUG] debug-file - entry : default@BuildNativeWithCmake cost memory 0.01738739013671875
[2026-09-18T17:44:07.664] [DEBUG] debug-file - Incremental task entry:default@MakePackInfo pre-execution cost: 1 ms .
[2026-09-18T17:44:07.646] [DEBUG] debug-file - Task 'entry:default@CreateBuildProfile' cost while wrapping incremental declarations: 1 ms 
[2026-09-18T17:44:07.666] [DEBUG] debug-file - File: '/Users/yujiantao/DevEcoStudioProjects/bang/entry/src/main/syscap.json' from 'sysCapJsonPath' is not exists, just ignore.
[2026-09-18T17:44:07.690] [DEBUG] debug-file - Task 'entry:default@ProcessProfile' cost while wrapping incremental declarations: 1 ms 
[2026-09-18T17:44:07.696] [DEBUG] debug-file - Incremental task entry:default@ProcessShareConfig pre-execution cost: 1 ms .
[2026-09-18T17:44:07.694] [DEBUG] debug-file - Incremental task entry:default@ProcessRouterMap pre-execution cost: 1 ms .
[2026-09-18T17:44:07.700] [DEBUG] debug-file - Task 'entry:default@ProcessStartupConfig' cost while wrapping incremental declarations: 1 ms 
[2026-09-18T17:44:07.705] [DEBUG] debug-file - entry : default@BuildNativeWithNinja cost memory 0.02374267578125
[2026-09-18T17:44:07.710] [DEBUG] debug-file - Task 'entry:default@ProcessResource' cost while wrapping incremental declarations: 1 ms 
[2026-09-18T17:44:07.716] [DEBUG] debug-file - Task 'entry:default@GenerateLoaderJson' cost while wrapping incremental declarations: 1 ms 
[2026-09-18T17:44:07.728] [DEBUG] debug-file - Incremental task entry:default@ProcessLibs pre-execution cost: 3 ms .
[2026-09-18T17:44:07.744] [DEBUG] debug-file - Incremental task entry:default@CompileResource pre-execution cost: 7 ms .
[2026-09-18T17:44:07.746] [DEBUG] debug-file - File: '/Users/yujiantao/DevEcoStudioProjects/bang/entry/build/default/intermediates/binxo/default' from 'doBinxoNativeLibs' is not exists, just ignore.
[2026-09-18T17:44:07.749] [DEBUG] debug-file - obfuscationOptions: undefined
[2026-09-18T17:44:07.767] [DEBUG] debug-file - Create  resident worker with id: 1.
[2026-09-18T17:44:07.642] [DEBUG] debug-file - Task 'entry:default@GenerateMetadata' cost while wrapping incremental declarations: 1 ms 
[2026-09-18T17:44:07.468] [DEBUG] debug-file - Module entry Collected Dependency: 
[2026-09-18T17:44:07.661] [DEBUG] debug-file - entry:default@ProcessIntegratedHsp is not up-to-date, since the output file '/Users/yujiantao/DevEcoStudioProjects/bang/build/cache/default/integrated_hsp/integratedHspCache.json' does not exist.
[2026-09-18T17:44:07.770] [DEBUG] debug-file - Task 'entry:default@BuildJS' cost while wrapping incremental declarations: 1 ms 
[2026-09-18T17:44:07.776] [DEBUG] debug-file - File: '/Users/yujiantao/DevEcoStudioProjects/bang/entry/build/default/intermediates/binxo/default' from 'cacheBinxoNativeLibs' is not exists, just ignore.
[2026-09-18T17:44:05.255] [DEBUG] debug-file - env: daemon=false
[2026-09-18T17:44:05.474] [DEBUG] debug-file - hvigorfile, resolving /Users/yujiantao/DevEcoStudioProjects/bang/hvigorfile.ts
[2026-09-18T17:44:06.935] [DEBUG] debug-file - App plugin prepare end...
[2026-09-18T17:44:07.226] [DEBUG] debug-file - Product 'default' build option initialized
[2026-09-18T17:44:07.224] [DEBUG] debug-file - Plugin build process completed
[2026-09-18T17:44:07.233] [DEBUG] debug-file - Local scan or download HarmonyOS sdk components toolchains,ets,js,native,previewer
[2026-09-18T17:44:07.415] [DEBUG] debug-file - hvigorfile, no custom plugins were found in /Users/yujiantao/DevEcoStudioProjects/bang/hvigorfile.ts
[2026-09-18T17:44:07.464] [DEBUG] debug-file - Start to initialize dependency information.
[2026-09-18T17:44:07.450] [DEBUG] debug-file - Module 'entry' target 'default' build option initialized
[2026-09-18T17:44:07.487] [DEBUG] debug-file - entry:default@PreBuild is not up-to-date, since the task snapshots are different.
[2026-09-18T17:44:07.649] [DEBUG] debug-file - runTaskFromQueue task cost before running: 2 s 187 ms 
[2026-09-18T17:44:07.656] [DEBUG] debug-file - Incremental task entry:default@GeneratePkgContextInfo pre-execution cost: 1 ms .
[2026-09-18T17:44:07.662] [DEBUG] debug-file - runTaskFromQueue task cost before running: 2 s 200 ms 
[2026-09-18T17:44:07.664] [DEBUG] debug-file - entry : default@MakePackInfo cost memory 0.12164306640625
[2026-09-18T17:44:07.646] [DEBUG] debug-file - Incremental task entry:default@CreateBuildProfile pre-execution cost: 1 ms .
[2026-09-18T17:44:07.667] [DEBUG] debug-file - Task 'entry:default@SyscapTransform' cost while wrapping incremental declarations: 1 ms 
[2026-09-18T17:44:07.691] [DEBUG] debug-file - Incremental task entry:default@ProcessProfile pre-execution cost: 1 ms .
[2026-09-18T17:44:07.696] [DEBUG] debug-file - entry : default@ProcessShareConfig cost memory 0.1253662109375
[2026-09-18T17:44:07.694] [DEBUG] debug-file - entry : default@ProcessRouterMap cost memory 0.14813232421875
[2026-09-18T17:44:07.701] [DEBUG] debug-file - entry:default@ProcessStartupConfig is not up-to-date, since the output file '/Users/yujiantao/DevEcoStudioProjects/bang/entry/build/default/intermediates/startup/default/startup_config.json' does not exist.
[2026-09-18T17:44:07.705] [DEBUG] debug-file - runTaskFromQueue task cost before running: 2 s 242 ms 
[2026-09-18T17:44:07.711] [DEBUG] debug-file - Incremental task entry:default@ProcessResource pre-execution cost: 1 ms .
[2026-09-18T17:44:07.721] [DEBUG] debug-file - Incremental task entry:default@GenerateLoaderJson pre-execution cost: 3 ms .
[2026-09-18T17:44:07.728] [DEBUG] debug-file - entry : default@ProcessLibs cost memory 0.0963287353515625
[2026-09-18T17:44:07.744] [DEBUG] debug-file - entry : default@CompileResource cost memory 0.7042999267578125
[2026-09-18T17:44:07.746] [DEBUG] debug-file - Task 'entry:default@DoNativeStrip' cost while wrapping incremental declarations: 1 ms 
[2026-09-18T17:44:07.750] [DEBUG] debug-file - Task 'entry:default@CompileArkTS' cost while wrapping incremental declarations: 1 ms 
[2026-09-18T17:44:07.768] [DEBUG] debug-file - default@CompileArkTS work[0] is submitted.
[2026-09-18T17:44:07.642] [DEBUG] debug-file - Incremental task entry:default@GenerateMetadata pre-execution cost: 1 ms .
[2026-09-18T17:44:07.468] [DEBUG] debug-file - Module entry's total dependency: 0
[2026-09-18T17:44:07.661] [DEBUG] debug-file - Incremental task entry:default@ProcessIntegratedHsp pre-execution cost: 1 ms .
[2026-09-18T17:44:07.772] [DEBUG] debug-file - entry : default@BuildJS cost memory 0.14919281005859375
[2026-09-18T17:44:07.776] [DEBUG] debug-file - Task 'entry:default@CacheNativeLibs' cost while wrapping incremental declarations: 1 ms 
[2026-09-18T17:44:05.255] [DEBUG] debug-file - no-daemon, use the parent process.execArgv --max-old-space-size=8192,--max-semi-space-size=16,--expose-gc
[2026-09-18T17:44:06.935] [DEBUG] debug-file - App plugin creating...
[2026-09-18T17:44:07.234] [DEBUG] debug-file - Local scan or download hmscore sdk components toolchains,ets,native
[2026-09-18T17:44:07.226] [DEBUG] debug-file - End initialize project's product build option map with build mode 'debug'.
[2026-09-18T17:44:07.466] [DEBUG] debug-file - Module bang Collected Dependency: 
[2026-09-18T17:44:07.487] [DEBUG] debug-file - Incremental task entry:default@PreBuild pre-execution cost: 5 ms .
[2026-09-18T17:44:07.450] [DEBUG] debug-file - End initialize module-target build option map, moduleName=entry
[2026-09-18T17:44:07.656] [DEBUG] debug-file - entry : default@GeneratePkgContextInfo cost memory 0.3579254150390625
[2026-09-18T17:44:07.663] [INFO] debug-file - Finished :entry:default@BuildNativeWithCmake... after 1 ms 
[2026-09-18T17:44:07.665] [INFO] debug-file - UP-TO-DATE :entry:default@MakePackInfo...  
[2026-09-18T17:44:07.646] [DEBUG] debug-file - entry : default@CreateBuildProfile cost memory 0.11327362060546875
[2026-09-18T17:44:07.685] [DEBUG] debug-file - entry:default@SyscapTransform is not up-to-date, since the output file '/Users/yujiantao/DevEcoStudioProjects/bang/entry/build/default/intermediates/syscap/default/rpcid.sc' does not exist.
[2026-09-18T17:44:07.691] [DEBUG] debug-file - entry : default@ProcessProfile cost memory 0.1503753662109375
[2026-09-18T17:44:07.697] [INFO] debug-file - UP-TO-DATE :entry:default@ProcessShareConfig...  
[2026-09-18T17:44:07.695] [INFO] debug-file - UP-TO-DATE :entry:default@ProcessRouterMap...  
[2026-09-18T17:44:07.701] [DEBUG] debug-file - Incremental task entry:default@ProcessStartupConfig pre-execution cost: 1 ms .
[2026-09-18T17:44:07.705] [INFO] debug-file - Finished :entry:default@BuildNativeWithNinja... after 1 ms 
[2026-09-18T17:44:07.711] [DEBUG] debug-file - entry : default@ProcessResource cost memory 0.125030517578125
[2026-09-18T17:44:07.721] [DEBUG] debug-file - entry : default@GenerateLoaderJson cost memory 0.457366943359375
[2026-09-18T17:44:07.730] [INFO] debug-file - UP-TO-DATE :entry:default@ProcessLibs...  
[2026-09-18T17:44:07.744] [INFO] debug-file - UP-TO-DATE :entry:default@CompileResource...  
[2026-09-18T17:44:07.746] [DEBUG] debug-file - Incremental task entry:default@DoNativeStrip pre-execution cost: 1 ms .
[2026-09-18T17:44:07.753] [DEBUG] debug-file - entry:default@CompileArkTS is not up-to-date, since the input file '/Users/yujiantao/DevEcoStudioProjects/bang/entry/src/main/ets' has been changed.
[2026-09-18T17:44:07.768] [DEBUG] debug-file - default@CompileArkTS work[0] is pushed to ready queue.
[2026-09-18T17:44:07.643] [DEBUG] debug-file - entry : default@GenerateMetadata cost memory 0.1338958740234375
[2026-09-18T17:44:07.471] [DEBUG] debug-file - Configuration phase cost:1 s 998 ms 
[2026-09-18T17:44:07.661] [DEBUG] debug-file - entry : default@ProcessIntegratedHsp cost memory 0.05558013916015625
[2026-09-18T17:44:07.772] [DEBUG] debug-file - runTaskFromQueue task cost before running: 2 s 310 ms 
[2026-09-18T17:44:07.777] [DEBUG] debug-file - Incremental task entry:default@CacheNativeLibs pre-execution cost: 1 ms .
[2026-09-18T17:44:07.649] [INFO] debug-file - Finished :entry:default@PreCheckSyscap... after 1 ms 
[2026-09-18T17:44:07.466] [DEBUG] debug-file - Module bang's total dependency: 0
[2026-09-18T17:44:07.636] [DEBUG] debug-file - current product is not Atomic service.
[2026-09-18T17:44:07.450] [DEBUG] debug-file - Start initialize module-target build option map, moduleName=entry, buildMode=release
[2026-09-18T17:44:07.656] [INFO] debug-file - UP-TO-DATE :entry:default@GeneratePkgContextInfo...  
[2026-09-18T17:44:07.646] [INFO] debug-file - UP-TO-DATE :entry:default@CreateBuildProfile...  
[2026-09-18T17:44:07.685] [DEBUG] debug-file - Incremental task entry:default@SyscapTransform pre-execution cost: 19 ms .
[2026-09-18T17:44:07.691] [INFO] debug-file - UP-TO-DATE :entry:default@ProcessProfile...  
[2026-09-18T17:44:07.701] [DEBUG] debug-file - entry : default@ProcessStartupConfig cost memory 0.11148834228515625
[2026-09-18T17:44:07.706] [DEBUG] debug-file - restool module names: entry; moduleName=entry, taskName=default@ProcessResource
[2026-09-18T17:44:07.711] [INFO] debug-file - UP-TO-DATE :entry:default@ProcessResource...  
[2026-09-18T17:44:07.722] [INFO] debug-file - UP-TO-DATE :entry:default@GenerateLoaderJson...  
[2026-09-18T17:44:07.731] [DEBUG] debug-file - restool module names: entry; moduleName=entry, taskName=default@CompileResource
[2026-09-18T17:44:07.746] [DEBUG] debug-file - entry : default@DoNativeStrip cost memory 0.07427978515625
[2026-09-18T17:44:07.753] [DEBUG] debug-file - Incremental task entry:default@CompileArkTS pre-execution cost: 3 ms .
[2026-09-18T17:44:07.768] [DEBUG] debug-file - A work dispatched to worker[7] failed because unable to get work from ready queue.
[2026-09-18T17:44:07.643] [INFO] debug-file - UP-TO-DATE :entry:default@GenerateMetadata...  
[2026-09-18T17:44:07.473] [DEBUG] debug-file - Configuration task cost before running: 2 s 11 ms 
[2026-09-18T17:44:07.662] [DEBUG] debug-file - runTaskFromQueue task cost before running: 2 s 199 ms 
[2026-09-18T17:44:07.772] [INFO] debug-file - Finished :entry:default@BuildJS... after 3 ms 
[2026-09-18T17:44:07.777] [DEBUG] debug-file - entry : default@CacheNativeLibs cost memory 0.08727264404296875
[2026-09-18T17:44:07.415] [DEBUG] debug-file - hvigorfile, resolve finished /Users/yujiantao/DevEcoStudioProjects/bang/hvigorfile.ts
[2026-09-18T17:44:07.637] [DEBUG] debug-file - Use tool [darwin: JAVA_HOME, CLASSPATH]
 [
  { JAVA_HOME: '/opt/homebrew/opt/openjdk@17' },
  { CLASSPATH: undefined }
]
[2026-09-18T17:44:07.450] [DEBUG] debug-file - Target 'default' config initialized
[2026-09-18T17:44:07.658] [DEBUG] debug-file - Executing task :entry:default@GeneratePkgSdkInfo
[2026-09-18T17:44:07.685] [DEBUG] debug-file - entry : default@SyscapTransform cost memory 0.13782501220703125
[2026-09-18T17:44:07.701] [DEBUG] debug-file - runTaskFromQueue task cost before running: 2 s 239 ms 
[2026-09-18T17:44:07.746] [INFO] debug-file - UP-TO-DATE :entry:default@DoNativeStrip...  
[2026-09-18T17:44:07.763] [DEBUG] debug-file - build config:
[2026-09-18T17:44:07.768] [DEBUG] debug-file - A work dispatched to worker[6] failed because unable to get work from ready queue.
[2026-09-18T17:44:07.643] [DEBUG] debug-file - Executing task :entry:default@ConfigureCmake
[2026-09-18T17:44:07.662] [INFO] debug-file - Finished :entry:default@ProcessIntegratedHsp... after 1 ms 
[2026-09-18T17:44:07.777] [INFO] debug-file - UP-TO-DATE :entry:default@CacheNativeLibs...  
[2026-09-18T17:44:07.417] [DEBUG] debug-file - hvigorfile, resolving /Users/yujiantao/DevEcoStudioProjects/bang/entry/hvigorfile.ts
[2026-09-18T17:44:07.637] [DEBUG] debug-file - Use tool [darwin: NODE_HOME]
 [ { NODE_HOME: undefined } ]
[2026-09-18T17:44:07.450] [DEBUG] debug-file - Module 'entry' target 'default' build option initialized
[2026-09-18T17:44:07.659] [DEBUG] debug-file - Task 'entry:default@GeneratePkgSdkInfo' cost while wrapping incremental declarations: 1 ms 
[2026-09-18T17:44:07.685] [DEBUG] debug-file - runTaskFromQueue task cost before running: 2 s 223 ms 
[2026-09-18T17:44:07.701] [INFO] debug-file - Finished :entry:default@ProcessStartupConfig... after 2 ms 
[2026-09-18T17:44:07.764] [DEBUG] debug-file - {
  moduleType: 'entry',
  perf: 0,
  targetName: '.default',
  packageManagerType: 'ohpm',
  localPropertiesPath: '/Users/yujiantao/DevEcoStudioProjects/bang/local.properties',
  isPreview: false,
  isOhosTest: false,
  isLocalTest: false,
  buildMode: 'Debug',
  hotReloadBuild: undefined,
  watchMode: 'false',
  aceProfilePath: '/Users/yujiantao/DevEcoStudioProjects/bang/entry/build/default/intermediates/res/default/resources/base/profile',
  etsLoaderPath: '/Applications/DevEco-Studio.app/Contents/sdk/default/openharmony/ets/build-tools/ets-loader',
  modulePath: '/Users/yujiantao/DevEcoStudioProjects/bang/entry',
  testFrameworkPar: {
    testMode: undefined,
    coveragePathFilter: undefined,
    coverageMode: undefined
  },
  needCoverageInsert: false,
  debugLine: false,
  projectTopDir: '/Users/yujiantao/DevEcoStudioProjects/bang',
  compileSdkVersion: 24,
  compatibleSdkVersion: 12,
  originCompatibleSdkVersion: '5.0.0(12)',
  compatibleSdkVersionStage: 'beta1',
  bundleName: 'c***g',
  etsLoaderVersion: '6.1.1.125',
  etsLoaderReleaseType: 'Release',
  aotCompileMode: 'type',
  apPath: '/Users/yujiantao/DevEcoStudioProjects/bang/entry/modules.ap',
  entryModuleName: 'entry',
  entryModuleVersion: '1.0.0',
  entryPackageName: 'entry',
  allModuleNameHash: 'a0f1f6b39c100346c0a0d6c2c78f06287901f29efd59bf9215abebb99973443a',
  externalApiPaths: [ '/Applications/DevEco-Studio.app/Contents/sdk/default/hms/ets' ],
  compilerTypes: [],
  isCrossplatform: false,
  hvigorPluginFile: undefined,
  compilePluginPath: undefined,
  buildGeneratedProfilePath: '/Users/yujiantao/DevEcoStudioProjects/bang/entry/build/default/generated/profile/default',
  bundleType: 'app',
  arkTSVersion: undefined,
  apiVersion: 24,
  needCompleteSourcesMap: false,
  isFaMode: false,
  buildDir: '/Users/yujiantao/DevEcoStudioProjects/bang/entry/build',
  deviceTypes: [ 'phone', 'tablet', '2in1', 'wearable' ],
  pkgContextInfo: {
    entry: {
      packageName: 'entry',
      bundleName: '*****',
      moduleName: '',
      version: '',
      entryPath: 'src/main/',
      isSO: false,
      dependencyAlias: ''
    }
  },
  ohPackagePathMap: {},
  dependencyAliasMap: {},
  permission: {
    requestPermissions: [ [Object], [Object], [Object], [Object] ],
    definePermissions: undefined
  },
  useGetCurrentBundleName: false,
  projectArkOption: undefined,
  sourceMapDir: undefined,
  branchElimination: false,
  transformLib: undefined,
  tsImportSendable: false,
  resolveConflictMode: true,
  depName2RootPath: {},
  depName2DepInfo: {},
  depName2OhExports: {},
  rootPathSet: [ '/Users/yujiantao/DevEcoStudioProjects/bang' ],
  useNativeResolver: true,
  shouldEmitJs: true,
  useTscResolve: false,
  singleFileEmit: false,
  userProjectConfig: {
    autoLazyImport: false,
    allowEmptyBundleName: false,
    reExportCheckMode: 'noCheck',
    executionMode: 'memory',
    usePathPlaceholder: false,
    writeRollupCache: true,
    isExpandImportEnabled: false,
    expandImportExclude: '',
    lazyImportExclude: '',
    lazyImportInclude: '',
    ignoreCrossplatformCheck: false,
    isHarDeduplicateEnabled: false,
    skipOhModulesLint: false,
    enableStrictCheckOHModule: false,
    disableSendableCheckRules: [],
    useDeclarationFileSignature: false,
    customizedOptions: undefined,
    integratedHsp: false,
    isPreloadSoEnabled: false
  },
  executionMode: 'memory',
  arkCompileCachePath: '/Users/yujiantao/DevEcoStudioProjects/bang/entry/build/default/cache/default/default@CompileArkTS/esmodule',
  autoLazyFilter: undefined,
  isHarDeduplicateEnabled: false,
  intermediateHarDuplicateDirPath: '/Users/yujiantao/DevEcoStudioProjects/bang/entry/build/default/intermediates/har_duplicate/default',
  autoLazyImport: false,
  allowEmptyBundleName: false,
  reExportCheckMode: 'noCheck',
  usePathPlaceholder: false,
  writeRollupCache: true,
  isExpandImportEnabled: false,
  expandImportExclude: '',
  lazyImportExclude: '',
  lazyImportInclude: '',
  ignoreCrossplatformCheck: false,
  skipOhModulesLint: false,
  enableStrictCheckOHModule: false,
  disableSendableCheckRules: [],
  useDeclarationFileSignature: false,
  customizedOptions: undefined,
  integratedHsp: false,
  isPreloadSoEnabled: false,
  strictMode: {
    caseSensitiveCheck: true,
    useNormalizedOHMUrl: true,
    noExternalImportByPath: true
  },
  useNormalizedOHMUrl: true,
  caseSensitiveCheck: true,
  strictCheckerOnly: false,
  aceModuleJsonPath: '/Users/yujiantao/DevEcoStudioProjects/bang/entry/build/default/intermediates/res/default/ark_module.json',
  appResource: '/Users/yujiantao/DevEcoStudioProjects/bang/entry/build/default/intermediates/res/default/ResourceTable.txt',
  rawFileResource: '/Users/yujiantao/DevEcoStudioProjects/bang/entry/build/default/intermediates/res/default/resources/rawfile',
  resourceTableHash: 'e9a7d39e4c0834ee806c9512474476824fbde80b6bf661c30b39b52146d38e7e',
  runtimeOS: 'HarmonyOS',
  sdkInfo: 'false:24:6.1.1.125:Release',
  aceModuleRoot: '/Users/yujiantao/DevEcoStudioProjects/bang/entry/src/main/ets',
  compileMode: 'esmodule',
  aceSuperVisualPath: '/Users/yujiantao/DevEcoStudioProjects/bang/entry/src/main/supervisual',
  aceBuildJson: '/Users/yujiantao/DevEcoStudioProjects/bang/entry/build/default/intermediates/loader/default/loader.json',
  cachePath: '/Users/yujiantao/DevEcoStudioProjects/bang/entry/build/default/cache/default/default@CompileArkTS/esmodule/debug',
  aceModuleBuild: '/Users/yujiantao/DevEcoStudioProjects/bang/entry/build/default/intermediates/loader_out/default/ets',
  supportChunks: true,
  declaredFilesPath: undefined,
  shouldCollectDirectImportees: false,
  isByteCodeHarOptimize: false,
  expandImportPath: undefined,
  resourceTableTs: '/Users/yujiantao/DevEcoStudioProjects/bang/entry/build/default/generated/r/default/ResourceTable.ts',
  moduleMetaInfoFiles: [
    {
      filePath: '/Users/yujiantao/DevEcoStudioProjects/bang/entry/build/default/generated/r/default/ResourceTable.ts',
      ohmurl: '&entry/build/generated/r/ResourceTable&'
    }
  ],
  pkgNameToPkgBriefInfo: {
    entry: {
      pkgRoot: '/Users/yujiantao/DevEcoStudioProjects/bang/entry',
      originalSourceRoots: undefined,
      sourceRoots: [Array],
      pkgName: 'entry'
    }
  },
  projectModel: {
    '/Users/yujiantao/DevEcoStudioProjects/bang/entry/src/main': {
      moduleName: 'entry',
      modulePkgPath: '/Users/yujiantao/DevEcoStudioProjects/bang/entry',
      belongProjectPath: '/Users/yujiantao/DevEcoStudioProjects/bang'
    },
    '/Users/yujiantao/DevEcoStudioProjects/bang/entry': {
      moduleName: 'entry',
      modulePkgPath: '/Users/yujiantao/DevEcoStudioProjects/bang/entry',
      belongProjectPath: '/Users/yujiantao/DevEcoStudioProjects/bang'
    },
    '/Users/yujiantao/DevEcoStudioProjects/bang': {
      moduleName: 'bang',
      modulePkgPath: '/Users/yujiantao/DevEcoStudioProjects/bang',
      belongProjectPath: '/Users/yujiantao/DevEcoStudioProjects/bang'
    }
  },
  pkgJsonFileHash: '40b1841bbf357057c65feb3ac28ea243d081eae1882bb847cf02bca9ce23c51d',
  allModulePaths: [ '/Users/yujiantao/DevEcoStudioProjects/bang/entry' ],
  routerMap: {},
  obfuscationOptions: undefined,
  byteCodeHarToDependencyKeys: undefined,
  compileBlockPkg: [],
  mockParams: {
    decorator: '@MockSetup',
    packageName: '@ohos/hamock',
    etsSourceRootPath: 'src/main/ets',
    mockConfigPath: undefined,
    mockConfigKey2ModuleInfo: {},
    source2ModuleIdMap: {}
  },
  copyCodeResourceEnable: false,
  copyCodeResourceExcludes: [],
  copyCodeResourceIncludes: undefined,
  uiTransformOptimization: false,
  sdkPath: '/Applications/DevEco-Studio.app/Contents/sdk',
  needPreloadSoFileSet: {},
  preloadSoFilePath: '/Users/yujiantao/DevEcoStudioProjects/bang/entry/build/default/intermediates/preload/default/preload.json',
  useSourceHash: false,
  localModuleParamMap: {},
  otherPaths: {
    'entry/*': [ '../*', '../../../build/default/generated/profile/default/*' ]
  },
  collectImportersConfig: undefined
}
[2026-09-18T17:44:07.768] [DEBUG] debug-file - A work dispatched to worker[5] failed because unable to get work from ready queue.
[2026-09-18T17:44:07.643] [DEBUG] debug-file - entry : default@ConfigureCmake cost memory 0.01560211181640625
[2026-09-18T17:44:07.434] [DEBUG] debug-file - hvigorfile, require result:  { default: { system: [Function: hapTasks], plugins: [] } }
[2026-09-18T17:44:07.637] [DEBUG] debug-file - entry : default@PreBuild cost memory 6.533546447753906
[2026-09-18T17:44:07.450] [DEBUG] debug-file - End initialize module-target build option map, moduleName=entry
[2026-09-18T17:44:07.659] [DEBUG] debug-file - entry : default@GeneratePkgSdkInfo cost memory 0.13359832763671875
[2026-09-18T17:44:07.686] [INFO] debug-file - Finished :entry:default@SyscapTransform... after 19 ms 
[2026-09-18T17:44:07.764] [DEBUG] debug-file - Compile arkts with external api path: /Applications/DevEco-Studio.app/Contents/sdk/default/hms/ets
[2026-09-18T17:44:07.768] [DEBUG] debug-file - Create  resident worker with id: 4.
[2026-09-18T17:44:07.643] [DEBUG] debug-file - runTaskFromQueue task cost before running: 2 s 181 ms 
[2026-09-18T17:44:07.435] [DEBUG] debug-file - hvigorfile, binding system plugins [Function: hapTasks]
[2026-09-18T17:44:07.637] [DEBUG] debug-file - runTaskFromQueue task cost before running: 2 s 175 ms 
[2026-09-18T17:44:07.450] [DEBUG] debug-file - Start initialize module-target build option map, moduleName=entry, buildMode=debug
[2026-09-18T17:44:07.659] [DEBUG] debug-file - runTaskFromQueue task cost before running: 2 s 197 ms 
[2026-09-18T17:44:07.764] [DEBUG] debug-file - Since there is no instance or instance is terminated, create a new worker pool.
[2026-09-18T17:44:07.769] [DEBUG] debug-file - default@CompileArkTS work[0] has been dispatched to worker[4].
[2026-09-18T17:44:07.643] [INFO] debug-file - Finished :entry:default@ConfigureCmake... after 1 ms 
[2026-09-18T17:44:07.435] [DEBUG] debug-file - Starting plugin build process
[2026-09-18T17:44:07.639] [INFO] debug-file - Finished :entry:default@PreBuild... after 159 ms 
[2026-09-18T17:44:07.659] [INFO] debug-file - Finished :entry:default@GeneratePkgSdkInfo... after 2 ms 
[2026-09-18T17:44:07.765] [DEBUG] debug-file - Worker pool is initialized with config:  {
  minPoolNum: 2,
  maxPoolNum: undefined,
  maxCoreSize: undefined,
  cacheCapacity: undefined,
  cacheTtl: undefined
}
[2026-09-18T17:44:07.769] [DEBUG] debug-file - default@CompileArkTS work[0] is dispatched.
[2026-09-18T17:44:07.435] [DEBUG] debug-file - Hap plugin creating...
[2026-09-18T17:44:07.450] [DEBUG] debug-file - Target 'default' config initialized
[2026-09-18T17:44:07.639] [DEBUG] debug-file - Executing task :entry:default@CreateModuleInfo
[2026-09-18T17:44:07.644] [DEBUG] debug-file - Executing task :entry:default@MergeProfile
[2026-09-18T17:44:07.769] [DEBUG] debug-file - entry : default@CompileArkTS cost memory 2.02423095703125
[2026-09-18T17:44:07.639] [DEBUG] debug-file - Task 'entry:default@CreateModuleInfo' cost while wrapping incremental declarations: 1 ms 
[2026-09-18T17:44:07.644] [DEBUG] debug-file - Task 'entry:default@MergeProfile' cost while wrapping incremental declarations: 1 ms 
[2026-09-18T17:44:07.451] [DEBUG] debug-file - Module 'entry' target 'default' build option initialized
[2026-09-18T17:44:07.639] [DEBUG] debug-file - entry : default@CreateModuleInfo cost memory 0.0543212890625
[2026-09-18T17:44:07.645] [DEBUG] debug-file - Incremental task entry:default@MergeProfile pre-execution cost: 1 ms .
[2026-09-18T17:44:07.451] [DEBUG] debug-file - End initialize module-target build option map, moduleName=entry
[2026-09-18T17:44:07.639] [DEBUG] debug-file - runTaskFromQueue task cost before running: 2 s 177 ms 
[2026-09-18T17:44:07.645] [DEBUG] debug-file - entry : default@MergeProfile cost memory 0.1403350830078125
[2026-09-18T17:44:07.452] [DEBUG] debug-file - Obtain build option for module 'entry' target 'default'in this build.
[2026-09-18T17:44:07.640] [INFO] debug-file - Finished :entry:default@CreateModuleInfo... after 1 ms 
[2026-09-18T17:44:07.645] [INFO] debug-file - UP-TO-DATE :entry:default@MergeProfile...  
[2026-09-18T17:44:07.459] [DEBUG] debug-file - Module entry task initialization takes 6 ms 
[2026-09-18T17:44:07.459] [DEBUG] debug-file - Hap plugin register hook start...
[2026-09-18T17:44:07.459] [DEBUG] debug-file - Hap plugin register hook end...
[2026-09-18T17:44:07.459] [DEBUG] debug-file - Plugin build process completed
[2026-09-18T17:44:07.459] [DEBUG] debug-file - hvigorfile, begin to bind custom plugins...
[2026-09-18T17:44:07.459] [DEBUG] debug-file - hvigorfile, no custom plugins were found in /Users/yujiantao/DevEcoStudioProjects/bang/entry/hvigorfile.ts
[2026-09-18T17:44:07.459] [DEBUG] debug-file - hvigorfile, resolve finished /Users/yujiantao/DevEcoStudioProjects/bang/entry/hvigorfile.ts
[2026-09-18T17:44:16.135] [WARN] debug-file - [33mWARN: [33m[33mArkTS:WARN File: /Users/yujiantao/DevEcoStudioProjects/bang/entry/src/main/ets/service/SystemTrainingService.ets:98:75
 The system capacity of this api 'resultCode' is not supported on all devices
[39m[39m
[33mWARN: [33m[33mArkTS:WARN File: /Users/yujiantao/DevEcoStudioProjects/bang/entry/src/main/ets/service/SystemTrainingService.ets:98:105
 The system capacity of this api 'message' is not supported on all devices
[39m[39m
[33mWARN: [33m[33mArkTS:WARN File: /Users/yujiantao/DevEcoStudioProjects/bang/entry/src/main/ets/service/SystemTrainingService.ets:156:53
 The system capacity of this api 'liveViewManager' is not supported on all devices
[39m[39m
[33mWARN: [33m[33mArkTS:WARN File: /Users/yujiantao/DevEcoStudioProjects/bang/entry/src/main/ets/service/SystemTrainingService.ets:156:69
 The system capacity of this api 'isLiveViewEnabled' is not supported on all devices
[39m[39m
[33mWARN: [33m[33mArkTS:WARN File: /Users/yujiantao/DevEcoStudioProjects/bang/entry/src/main/ets/service/SystemTrainingService.ets:271:51
 The system capacity of this api 'liveViewManager' is not supported on all devices
[39m[39m
[33mWARN: [33m[33mArkTS:WARN File: /Users/yujiantao/DevEcoStudioProjects/bang/entry/src/main/ets/service/SystemTrainingService.ets:271:67
 The system capacity of this api 'stopLiveView' is not supported on all devices
[39m[39m
[33mWARN: [33m[33mArkTS:WARN File: /Users/yujiantao/DevEcoStudioProjects/bang/entry/src/main/ets/service/SystemTrainingService.ets:304:22
 The system capacity of this api 'liveViewManager' is not supported on all devices
[39m[39m
[33mWARN: [33m[33mArkTS:WARN File: /Users/yujiantao/DevEcoStudioProjects/bang/entry/src/main/ets/service/SystemTrainingService.ets:304:38
 The system capacity of this api 'getActiveLiveView' is not supported on all devices
[39m[39m
[33mWARN: [33m[33mArkTS:WARN File: /Users/yujiantao/DevEcoStudioProjects/bang/entry/src/main/ets/service/SystemTrainingService.ets:311:43
 The system capacity of this api 'sequence' is not supported on all devices
[39m[39m
[33mWARN: [33m[33mArkTS:WARN File: /Users/yujiantao/DevEcoStudioProjects/bang/entry/src/main/ets/service/SystemTrainingService.ets:311:79
 The system capacity of this api 'sequence' is not supported on all devices
[39m[39m
[33mWARN: [33m[33mArkTS:WARN File: /Users/yujiantao/DevEcoStudioProjects/bang/entry/src/main/ets/service/SystemTrainingService.ets:315:51
 The system capacity of this api 'liveViewManager' is not supported on all devices
[39m[39m
[33mWARN: [33m[33mArkTS:WARN File: /Users/yujiantao/DevEcoStudioProjects/bang/entry/src/main/ets/service/SystemTrainingService.ets:315:67
 The system capacity of this api 'stopLiveView' is not supported on all devices
[39m[39m
[33mWARN: [33m[33mArkTS:WARN File: /Users/yujiantao/DevEcoStudioProjects/bang/entry/src/main/ets/service/SystemTrainingService.ets:335:107
 The system capacity of this api 'liveViewManager' is not supported on all devices
[39m[39m
[33mWARN: [33m[33mArkTS:WARN File: /Users/yujiantao/DevEcoStudioProjects/bang/entry/src/main/ets/service/SystemTrainingService.ets:335:123
 The system capacity of this api 'startLiveView' is not supported on all devices
[39m[39m
[33mWARN: [33m[33mArkTS:WARN File: /Users/yujiantao/DevEcoStudioProjects/bang/entry/src/main/ets/service/SystemTrainingService.ets:336:27
 The system capacity of this api 'resultCode' is not supported on all devices
[39m[39m
[33mWARN: [33m[33mArkTS:WARN File: /Users/yujiantao/DevEcoStudioProjects/bang/entry/src/main/ets/service/SystemTrainingService.ets:337:69
 The system capacity of this api 'resultCode' is not supported on all devices
[39m[39m
[33mWARN: [33m[33mArkTS:WARN File: /Users/yujiantao/DevEcoStudioProjects/bang/entry/src/main/ets/service/SystemTrainingService.ets:337:104
 The system capacity of this api 'message' is not supported on all devices
[39m[39m
[33mWARN: [33m[33mArkTS:WARN File: /Users/yujiantao/DevEcoStudioProjects/bang/entry/src/main/ets/service/SystemTrainingService.ets:340:88
 The system capacity of this api 'resultCode' is not supported on all devices
[39m[39m
[33mWARN: [33m[33mArkTS:WARN File: /Users/yujiantao/DevEcoStudioProjects/bang/entry/src/main/ets/service/SystemTrainingService.ets:348:109
 The system capacity of this api 'liveViewManager' is not supported on all devices
[39m[39m
[33mWARN: [33m[33mArkTS:WARN File: /Users/yujiantao/DevEcoStudioProjects/bang/entry/src/main/ets/service/SystemTrainingService.ets:348:125
 The system capacity of this api 'startLiveView' is not supported on all devices
[39m[39m
[33mWARN: [33m[33mArkTS:WARN File: /Users/yujiantao/DevEcoStudioProjects/bang/entry/src/main/ets/service/SystemTrainingService.ets:349:29
 The system capacity of this api 'resultCode' is not supported on all devices
[39m[39m
[33mWARN: [33m[33mArkTS:WARN File: /Users/yujiantao/DevEcoStudioProjects/bang/entry/src/main/ets/service/SystemTrainingService.ets:350:77
 The system capacity of this api 'resultCode' is not supported on all devices
[39m[39m
[33mWARN: [33m[33mArkTS:WARN File: /Users/yujiantao/DevEcoStudioProjects/bang/entry/src/main/ets/service/SystemTrainingService.ets:350:112
 The system capacity of this api 'message' is not supported on all devices
[39m[39m
[33mWARN: [33m[33mArkTS:WARN File: /Users/yujiantao/DevEcoStudioProjects/bang/entry/src/main/ets/service/SystemTrainingService.ets:353:96
 The system capacity of this api 'resultCode' is not supported on all devices
[39m[39m
[33mWARN: [33m[33mArkTS:WARN File: /Users/yujiantao/DevEcoStudioProjects/bang/entry/src/main/ets/service/SystemTrainingService.ets:362:98
 The system capacity of this api 'liveViewManager' is not supported on all devices
[39m[39m
[33mWARN: [33m[33mArkTS:WARN File: /Users/yujiantao/DevEcoStudioProjects/bang/entry/src/main/ets/service/SystemTrainingService.ets:362:114
 The system capacity of this api 'updateLiveView' is not supported on all devices
[39m[39m
[33mWARN: [33m[33mArkTS:WARN File: /Users/yujiantao/DevEcoStudioProjects/bang/entry/src/main/ets/service/SystemTrainingService.ets:363:18
 The system capacity of this api 'resultCode' is not supported on all devices
[39m[39m
[33mWARN: [33m[33mArkTS:WARN File: /Users/yujiantao/DevEcoStudioProjects/bang/entry/src/main/ets/service/SystemTrainingService.ets:364:61
 The system capacity of this api 'resultCode' is not supported on all devices
[39m[39m
[33mWARN: [33m[33mArkTS:WARN File: /Users/yujiantao/DevEcoStudioProjects/bang/entry/src/main/ets/service/SystemTrainingService.ets:364:91
 The system capacity of this api 'message' is not supported on all devices
[39m[39m
[33mWARN: [33m[33mArkTS:WARN File: /Users/yujiantao/DevEcoStudioProjects/bang/entry/src/main/ets/service/SystemTrainingService.ets:366:80
 The system capacity of this api 'resultCode' is not supported on all devices
[39m[39m
[33mWARN: [33m[33mArkTS:WARN File: /Users/yujiantao/DevEcoStudioProjects/bang/entry/src/main/ets/service/SystemTrainingService.ets:375:58
 The system capacity of this api 'liveViewManager' is not supported on all devices
[39m[39m
[33mWARN: [33m[33mArkTS:WARN File: /Users/yujiantao/DevEcoStudioProjects/bang/entry/src/main/ets/service/SystemTrainingService.ets:375:74
 The system capacity of this api 'getActiveLiveView' is not supported on all devices
[39m[39m
[33mWARN: [33m[33mArkTS:WARN File: /Users/yujiantao/DevEcoStudioProjects/bang/entry/src/main/ets/service/SystemTrainingService.ets:376:49
 The system capacity of this api 'sequence' is not supported on all devices
[39m[39m
[33mWARN: [33m[33mArkTS:WARN File: /Users/yujiantao/DevEcoStudioProjects/bang/entry/src/main/ets/service/SystemTrainingService.ets:376:85
 The system capacity of this api 'sequence' is not supported on all devices
[39m[39m
[33mWARN: [33m[33mArkTS:WARN File: /Users/yujiantao/DevEcoStudioProjects/bang/entry/src/main/ets/service/SystemTrainingService.ets:381:110
 The system capacity of this api 'liveViewManager' is not supported on all devices
[39m[39m
[33mWARN: [33m[33mArkTS:WARN File: /Users/yujiantao/DevEcoStudioProjects/bang/entry/src/main/ets/service/SystemTrainingService.ets:381:126
 The system capacity of this api 'updateLiveView' is not supported on all devices
[39m[39m
[33mWARN: [33m[33mArkTS:WARN File: /Users/yujiantao/DevEcoStudioProjects/bang/entry/src/main/ets/service/SystemTrainingService.ets:382:30
 The system capacity of this api 'resultCode' is not supported on all devices
[39m[39m
[33mWARN: [33m[33mArkTS:WARN File: /Users/yujiantao/DevEcoStudioProjects/bang/entry/src/main/ets/service/SystemTrainingService.ets:384:101
 The system capacity of this api 'resultCode' is not supported on all devices
[39m[39m
[33mWARN: [33m[33mArkTS:WARN File: /Users/yujiantao/DevEcoStudioProjects/bang/entry/src/main/ets/service/SystemTrainingService.ets:387:71
 The system capacity of this api 'resultCode' is not supported on all devices
[39m[39m
[33mWARN: [33m[33mArkTS:WARN File: /Users/yujiantao/DevEcoStudioProjects/bang/entry/src/main/ets/service/SystemTrainingService.ets:387:109
 The system capacity of this api 'message' is not supported on all devices
[39m[39m
[33mWARN: [33m[33mArkTS:WARN File: /Users/yujiantao/DevEcoStudioProjects/bang/entry/src/main/ets/service/SystemTrainingService.ets:602:19
 The system capacity of this api 'liveViewManager' is not supported on all devices
[39m[39m
[33mWARN: [33m[33mArkTS:WARN File: /Users/yujiantao/DevEcoStudioProjects/bang/entry/src/main/ets/service/SystemTrainingService.ets:602:35
 The system capacity of this api 'ExtensionType' is not supported on all devices
[39m[39m
[33mWARN: [33m[33mArkTS:WARN File: /Users/yujiantao/DevEcoStudioProjects/bang/entry/src/main/ets/service/SystemTrainingService.ets:602:49
 The system capacity of this api 'EXTENSION_TYPE_CAPSULE_TEXT' is not supported on all devices
[39m[39m
[33mWARN: [33m[33mArkTS:WARN File: /Users/yujiantao/DevEcoStudioProjects/bang/entry/src/main/ets/service/SystemTrainingService.ets:606:25
 The system capacity of this api 'liveViewManager' is not supported on all devices
[39m[39m
[33mWARN: [33m[33mArkTS:WARN File: /Users/yujiantao/DevEcoStudioProjects/bang/entry/src/main/ets/service/SystemTrainingService.ets:606:41
 The system capacity of this api 'LayoutType' is not supported on all devices
[39m[39m
[33mWARN: [33m[33mArkTS:WARN File: /Users/yujiantao/DevEcoStudioProjects/bang/entry/src/main/ets/service/SystemTrainingService.ets:606:52
 The system capacity of this api 'LAYOUT_TYPE_PROGRESS' is not supported on all devices
[39m[39m
[33mWARN: [33m[33mArkTS:WARN File: /Users/yujiantao/DevEcoStudioProjects/bang/entry/src/main/ets/service/SystemTrainingService.ets:610:28
 The system capacity of this api 'liveViewManager' is not supported on all devices
[39m[39m
[33mWARN: [33m[33mArkTS:WARN File: /Users/yujiantao/DevEcoStudioProjects/bang/entry/src/main/ets/service/SystemTrainingService.ets:610:44
 The system capacity of this api 'IndicatorType' is not supported on all devices
[39m[39m
[33mWARN: [33m[33mArkTS:WARN File: /Users/yujiantao/DevEcoStudioProjects/bang/entry/src/main/ets/service/SystemTrainingService.ets:610:58
 The system capacity of this api 'INDICATOR_TYPE_UNDISPLAYED' is not supported on all devices
[39m[39m
[33mWARN: [33m[33mArkTS:WARN File: /Users/yujiantao/DevEcoStudioProjects/bang/entry/src/main/ets/service/SystemTrainingService.ets:611:23
 The system capacity of this api 'liveViewManager' is not supported on all devices
[39m[39m
[33mWARN: [33m[33mArkTS:WARN File: /Users/yujiantao/DevEcoStudioProjects/bang/entry/src/main/ets/service/SystemTrainingService.ets:611:39
 The system capacity of this api 'LineType' is not supported on all devices
[39m[39m
[33mWARN: [33m[33mArkTS:WARN File: /Users/yujiantao/DevEcoStudioProjects/bang/entry/src/main/ets/service/SystemTrainingService.ets:611:48
 The system capacity of this api 'LINE_TYPE_THICK_SOLID_LINE' is not supported on all devices
[39m[39m
[33mWARN: [33m[33mArkTS:WARN File: /Users/yujiantao/DevEcoStudioProjects/bang/entry/src/main/ets/service/SystemTrainingService.ets:623:17
 The system capacity of this api 'liveViewManager' is not supported on all devices
[39m[39m
[33mWARN: [33m[33mArkTS:WARN File: /Users/yujiantao/DevEcoStudioProjects/bang/entry/src/main/ets/service/SystemTrainingService.ets:623:33
 The system capacity of this api 'CapsuleType' is not supported on all devices
[39m[39m
[33mWARN: [33m[33mArkTS:WARN File: /Users/yujiantao/DevEcoStudioProjects/bang/entry/src/main/ets/service/SystemTrainingService.ets:623:45
 The system capacity of this api 'CAPSULE_TYPE_TIMER' is not supported on all devices
[39m[39m
[33mWARN: [33m[33mArkTS:WARN File: /Users/yujiantao/DevEcoStudioProjects/bang/entry/src/main/ets/service/VoiceService.ets:118:27
 The system capacity of this api 'stop' is not supported on all devices
[39m[39m
[33mWARN: [33m[33mArkTS:WARN File: /Users/yujiantao/DevEcoStudioProjects/bang/entry/src/main/ets/service/VoiceService.ets:189:31
 The system capacity of this api 'shutdown' is not supported on all devices
[39m[39m
[33mWARN: [33m[33mArkTS:WARN File: /Users/yujiantao/DevEcoStudioProjects/bang/entry/src/main/ets/service/VoiceService.ets:191:37
 The system capacity of this api 'textToSpeech' is not supported on all devices
[39m[39m
[33mWARN: [33m[33mArkTS:WARN File: /Users/yujiantao/DevEcoStudioProjects/bang/entry/src/main/ets/service/VoiceService.ets:191:50
 The system capacity of this api 'createEngine' is not supported on all devices
[39m[39m
[33mWARN: [33m[33mArkTS:WARN File: /Users/yujiantao/DevEcoStudioProjects/bang/entry/src/main/ets/service/VoiceService.ets:203:29
 The system capacity of this api 'setListener' is not supported on all devices
[39m[39m
[33mWARN: [33m[33mArkTS:WARN File: /Users/yujiantao/DevEcoStudioProjects/bang/entry/src/main/ets/service/VoiceService.ets:213:27
 The system capacity of this api 'speak' is not supported on all devices
[39m[39m

[2026-09-18T17:44:16.136] [DEBUG] debug-file - Ark compile task finished.finished time is 1500018021466208
[2026-09-18T17:44:16.141] [DEBUG] debug-file - worker[4] has one work done.
[2026-09-18T17:44:16.145] [DEBUG] debug-file - default@CompileArkTS work[0] done.
[2026-09-18T17:44:16.157] [DEBUG] debug-file - Executing task :entry:default@PackageHap
[2026-09-18T17:44:16.148] [INFO] debug-file - Finished :entry:default@CompileArkTS... after 6 s 697 ms 
[2026-09-18T17:44:16.160] [DEBUG] debug-file - entry:default@PackageHap is not up-to-date, since the input file '/Users/yujiantao/DevEcoStudioProjects/bang/entry/build/default/intermediates/loader_out/default/ets' has been changed.
[2026-09-18T17:44:16.151] [DEBUG] debug-file - Executing task :entry:default@GeneratePkgModuleJson
[2026-09-18T17:44:16.160] [DEBUG] debug-file - Incremental task entry:default@PackageHap pre-execution cost: 3 ms .
[2026-09-18T17:44:16.162] [DEBUG] debug-file - default@PackageHap work[1] is submitted.
[2026-09-18T17:44:16.151] [DEBUG] debug-file - File: '/Users/yujiantao/DevEcoStudioProjects/bang/entry/build/default/intermediates/preload/default/preload.json' from 'preloadSoJsonPath' is not exists, just ignore.
[2026-09-18T17:44:16.161] [DEBUG] debug-file - Use tool [/Applications/DevEco-Studio.app/Contents/sdk/default/openharmony/toolchains/lib/app_packing_tool.jar]
 [
  'java',
  '-Dfile.encoding=utf-8',
  '-jar',
  '/Applications/DevEco-Studio.app/Contents/sdk/default/openharmony/toolchains/lib/app_packing_tool.jar',
  '--mode',
  'hap',
  '--force',
  'true',
  '--lib-path',
  '/Users/yujiantao/DevEcoStudioProjects/bang/entry/build/default/intermediates/stripped_native_libs/default',
  '--json-path',
  '/Users/yujiantao/DevEcoStudioProjects/bang/entry/build/default/intermediates/package/default/module.json',
  '--resources-path',
  '/Users/yujiantao/DevEcoStudioProjects/bang/entry/build/default/intermediates/res/default/resources',
  '--index-path',
  '/Users/yujiantao/DevEcoStudioProjects/bang/entry/build/default/intermediates/res/default/resources.index',
  '--pack-info-path',
  '/Users/yujiantao/DevEcoStudioProjects/bang/entry/build/default/outputs/default/pack.info',
  '--out-path',
  '/Users/yujiantao/DevEcoStudioProjects/bang/entry/build/default/outputs/default/entry-default-unsigned.hap',
  '--ets-path',
  '/Users/yujiantao/DevEcoStudioProjects/bang/entry/build/default/intermediates/loader_out/default/ets',
  '--pkg-context-path',
  '/Users/yujiantao/DevEcoStudioProjects/bang/entry/build/default/intermediates/loader/default/pkgContextInfo.json'
]
[2026-09-18T17:44:16.162] [DEBUG] debug-file - default@PackageHap work[1] is pushed to ready queue.
[2026-09-18T17:44:16.151] [DEBUG] debug-file - Error occurs while handling @Input 'shouldDeduplicateHar': The "data" argument must be of type string or an instance of Buffer, TypedArray, or DataView. Received undefined
[2026-09-18T17:44:16.162] [DEBUG] debug-file - default@PackageHap work[1] is not dispatched.
[2026-09-18T17:44:16.151] [DEBUG] debug-file - Task 'entry:default@GeneratePkgModuleJson' cost while wrapping incremental declarations: 1 ms 
[2026-09-18T17:44:16.164] [DEBUG] debug-file - entry : default@PackageHap cost memory 0.5859222412109375
[2026-09-18T17:44:16.151] [DEBUG] debug-file - Incremental task entry:default@GeneratePkgModuleJson pre-execution cost: 1 ms .
[2026-09-18T17:44:16.151] [DEBUG] debug-file - entry : default@GeneratePkgModuleJson cost memory -0.16217041015625
[2026-09-18T17:44:16.152] [INFO] debug-file - UP-TO-DATE :entry:default@GeneratePkgModuleJson...  
[2026-09-18T17:44:16.152] [DEBUG] debug-file - Executing task :entry:default@ProcessCompiledResources
[2026-09-18T17:44:16.152] [DEBUG] debug-file - File: '/Users/yujiantao/DevEcoStudioProjects/bang/entry/build/default/intermediates/preload/default/preload.json' from 'preloadSoJsonPath' is not exists, just ignore.
[2026-09-18T17:44:16.152] [DEBUG] debug-file - Task 'entry:default@ProcessCompiledResources' cost while wrapping incremental declarations: 1 ms 
[2026-09-18T17:44:16.153] [DEBUG] debug-file - entry : default@ProcessCompiledResources cost memory 0.05214691162109375
[2026-09-18T17:44:16.153] [DEBUG] debug-file - runTaskFromQueue task cost before running: 10 s 690 ms 
[2026-09-18T17:44:16.153] [INFO] debug-file - Finished :entry:default@ProcessCompiledResources... after 1 ms 
[2026-09-18T17:44:16.363] [DEBUG] debug-file - A work dispatched to worker[7] failed because unable to get work from ready queue.
[2026-09-18T17:44:16.363] [DEBUG] debug-file - Create  resident worker with id: 6.
[2026-09-18T17:44:16.367] [DEBUG] debug-file - default@PackageHap work[1] has been dispatched to worker[6].
[2026-09-18T17:44:16.935] [DEBUG] debug-file - current process  memoryUsage: {
  rss: 485425152,
  heapTotal: 78184448,
  heapUsed: 54163000,
  external: 3666901,
  arrayBuffers: 18667
} os memoryUsage :15.916748046875
[2026-09-18T17:44:16.953] [DEBUG] debug-file - A work dispatched to worker[4] failed because unable to get work from ready queue.
[2026-09-18T17:44:17.478] [DEBUG] debug-file - worker[6] has one work done.
[2026-09-18T17:44:17.478] [DEBUG] debug-file - default@PackageHap work[1] done.
[2026-09-18T17:44:17.480] [DEBUG] debug-file - Executing task :entry:default@PackingCheck
[2026-09-18T17:44:17.500] [DEBUG] debug-file - current process  memoryUsage: {
  rss: 439549952,
  heapTotal: 167034880,
  heapUsed: 136400792,
  external: 3851769,
  arrayBuffers: 131542
} os memoryUsage :15.87432861328125
[2026-09-18T17:44:17.488] [DEBUG] debug-file - Executing task :entry:default@SignHap
[2026-09-18T17:44:17.479] [INFO] debug-file - Finished :entry:default@PackageHap... after 552 ms 
[2026-09-18T17:44:17.487] [DEBUG] debug-file - entry : default@PackingCheck cost memory 0.6656036376953125
[2026-09-18T17:44:17.489] [DEBUG] debug-file - entry:default@SignHap is not up-to-date, since the input file '/Users/yujiantao/DevEcoStudioProjects/bang/entry/build/default/outputs/default/entry-default-unsigned.hap' has been changed.
[2026-09-18T17:44:17.487] [DEBUG] debug-file - runTaskFromQueue task cost before running: 12 s 25 ms 
[2026-09-18T17:44:17.489] [DEBUG] debug-file - Incremental task entry:default@SignHap pre-execution cost: 1 ms .
[2026-09-18T17:44:17.487] [INFO] debug-file - Finished :entry:default@PackingCheck... after 8 ms 
[2026-09-18T17:44:18.025] [DEBUG] debug-file - A work dispatched to worker[6] failed because unable to get work from ready queue.
[2026-09-18T17:44:18.616] [DEBUG] debug-file - 09-18 17:44:18.583  INFO - Start verify-profile

[2026-09-18T17:44:18.913] [DEBUG] debug-file - 09-18 17:44:18.909  INFO - verify-profile success

[2026-09-18T17:44:18.958] [DEBUG] debug-file - current process  memoryUsage: {
  rss: 118636544,
  heapTotal: 167034880,
  heapUsed: 136821896,
  external: 3851881,
  arrayBuffers: 131654
} os memoryUsage :15.858932495117188
[2026-09-18T17:44:19.460] [DEBUG] debug-file - 09-18 17:44:19.460  INFO - Start sign-app

[2026-09-18T17:44:19.789] [DEBUG] debug-file - 09-18 17:44:19.789  INFO - certificate in profile: 俞建涛(1389902721670239361)\,Development

[2026-09-18T17:44:19.841] [DEBUG] debug-file - 09-18 17:44:19.841  INFO - Start to sign code.

[2026-09-18T17:44:19.845] [DEBUG] debug-file - 09-18 17:44:19.844  INFO - profile type is: debug

[2026-09-18T17:44:19.868] [DEBUG] debug-file - 09-18 17:44:19.867  INFO - /Users/yujiantao/.ohos/config/auto_bang_7YrzqJE1rIOdvZ_BTS9A9UF3By8y4SWYB3-MGJb9VSs=.p12 is exist. Try to load it with given passwd

[2026-09-18T17:44:19.966] [DEBUG] debug-file - 09-18 17:44:19.966  INFO - Create a sign info successfully.

[2026-09-18T17:44:19.979] [DEBUG] debug-file - 09-18 17:44:19.977  INFO - Create a sign info successfully.

[2026-09-18T17:44:19.983] [DEBUG] debug-file - 09-18 17:44:19.983  INFO - No native libs.

[2026-09-18T17:44:19.985] [DEBUG] debug-file - 09-18 17:44:19.985  INFO - Sign successfully.

[2026-09-18T17:44:20.002] [DEBUG] debug-file - 09-18 17:44:20.001  INFO - Add sign data in sign info list success.

[2026-09-18T17:44:20.006] [DEBUG] debug-file - 09-18 17:44:20.005  INFO - Generate signing block success, begin write it to output file

[2026-09-18T17:44:20.007] [DEBUG] debug-file - 09-18 17:44:20.006  INFO - Sign Hap success!

[2026-09-18T17:44:20.007] [DEBUG] debug-file - 09-18 17:44:20.007  INFO - sign-app success

[2026-09-18T17:44:20.026] [DEBUG] debug-file - entry : default@SignHap cost memory 1.0609130859375
[2026-09-18T17:44:20.026] [DEBUG] debug-file - runTaskFromQueue task cost before running: 14 s 564 ms 
[2026-09-18T17:44:20.030] [DEBUG] debug-file - Executing task :entry:default@CollectDebugSymbol
[2026-09-18T17:44:20.028] [INFO] debug-file - Finished :entry:default@SignHap... after 2 s 538 ms 
[2026-09-18T17:44:20.031] [DEBUG] debug-file - entry : default@CollectDebugSymbol cost memory 0.0890350341796875
[2026-09-18T17:44:20.031] [DEBUG] debug-file - runTaskFromQueue task cost before running: 14 s 569 ms 
[2026-09-18T17:44:20.032] [INFO] debug-file - Finished :entry:default@CollectDebugSymbol... after 1 ms 
[2026-09-18T17:44:20.033] [DEBUG] debug-file - Executing task :entry:assembleHap
[2026-09-18T17:44:20.034] [DEBUG] debug-file - entry : assembleHap cost memory 0.0158538818359375
[2026-09-18T17:44:20.034] [DEBUG] debug-file - runTaskFromQueue task cost before running: 14 s 571 ms 
[2026-09-18T17:44:20.034] [INFO] debug-file - Finished :entry:assembleHap... after 1 ms 
[2026-09-18T17:44:20.036] [INFO] debug-file - BUILD SUCCESSFUL in 14 s 573 ms 
[2026-09-18T17:44:20.038] [DEBUG] debug-file - Update task entry:default@PreBuild input file:/Users/yujiantao/DevEcoStudioProjects/bang/AppScope/app.json5 cache by regenerate.
[2026-09-18T17:44:20.038] [DEBUG] debug-file - Update task entry:default@PreBuild input file:/Users/yujiantao/DevEcoStudioProjects/bang/entry/src/main/module.json5 cache by regenerate.
[2026-09-18T17:44:20.038] [DEBUG] debug-file - Update task entry:default@PreBuild input file:/Users/yujiantao/DevEcoStudioProjects/bang/build-profile.json5 cache by regenerate.
[2026-09-18T17:44:20.038] [DEBUG] debug-file - Update task entry:default@PreBuild input file:/Users/yujiantao/DevEcoStudioProjects/bang/entry/build-profile.json5 cache by regenerate.
[2026-09-18T17:44:20.038] [DEBUG] debug-file - Update task entry:default@PreBuild input file:/Users/yujiantao/DevEcoStudioProjects/bang/entry/src/main/resources/base/profile/main_pages.json cache by regenerate.
[2026-09-18T17:44:20.038] [DEBUG] debug-file - Update task entry:default@PreBuild input file:/Users/yujiantao/DevEcoStudioProjects/bang/hvigor/hvigor-config.json5 cache by regenerate.
[2026-09-18T17:44:20.038] [DEBUG] debug-file - Update task entry:default@PreBuild input file:/Users/yujiantao/DevEcoStudioProjects/bang/entry/oh-package.json5 cache by regenerate.
[2026-09-18T17:44:20.038] [DEBUG] debug-file - Update task entry:default@PreBuild input file:/Users/yujiantao/DevEcoStudioProjects/bang/oh-package.json5 cache by regenerate.
[2026-09-18T17:44:20.039] [DEBUG] debug-file - Incremental task entry:default@PreBuild post-execution cost:2 ms .
[2026-09-18T17:44:20.039] [DEBUG] debug-file - Update task entry:default@CreateModuleInfo output file:/Users/yujiantao/DevEcoStudioProjects/bang/entry/build/default/generated/profile/default/ModuleInfo.ts cache.
[2026-09-18T17:44:20.039] [DEBUG] debug-file - Incremental task entry:default@CreateModuleInfo post-execution cost:1 ms .
[2026-09-18T17:44:20.039] [DEBUG] debug-file - There is no need to refresh cache, since the incremental task entry:default@GenerateMetadata is up-to-date.
[2026-09-18T17:44:20.039] [DEBUG] debug-file - There is no need to refresh cache, since the incremental task entry:default@MergeProfile is up-to-date.
[2026-09-18T17:44:20.039] [DEBUG] debug-file - There is no need to refresh cache, since the incremental task entry:default@CreateBuildProfile is up-to-date.
[2026-09-18T17:44:20.039] [DEBUG] debug-file - There is no need to refresh cache, since the incremental task entry:default@GeneratePkgContextInfo is up-to-date.
[2026-09-18T17:44:20.039] [DEBUG] debug-file - Update task entry:default@GeneratePkgSdkInfo output file:/Users/yujiantao/DevEcoStudioProjects/bang/entry/build/default/intermediates/loader/default/pkgSdkInfo.json cache.
[2026-09-18T17:44:20.039] [DEBUG] debug-file - Incremental task entry:default@GeneratePkgSdkInfo post-execution cost:1 ms .
[2026-09-18T17:44:20.039] [DEBUG] debug-file - Update task entry:default@ProcessIntegratedHsp output file:/Users/yujiantao/DevEcoStudioProjects/bang/build/cache/default/integrated_hsp/integratedHspCache.json cache.
[2026-09-18T17:44:20.039] [DEBUG] debug-file - Incremental task entry:default@ProcessIntegratedHsp post-execution cost:1 ms .
[2026-09-18T17:44:20.039] [DEBUG] debug-file - There is no need to refresh cache, since the incremental task entry:default@MakePackInfo is up-to-date.
[2026-09-18T17:44:20.040] [DEBUG] debug-file - Update task entry:default@SyscapTransform input file:/Applications/DevEco-Studio.app/Contents/sdk/default/openharmony/toolchains/syscap_tool cache by regenerate.
[2026-09-18T17:44:20.040] [DEBUG] debug-file - Update task entry:default@SyscapTransform input file:/Applications/DevEco-Studio.app/Contents/sdk/default/openharmony/ets/api/device-define cache by regenerate.
[2026-09-18T17:44:20.040] [DEBUG] debug-file - Update task entry:default@SyscapTransform output file:/Users/yujiantao/DevEcoStudioProjects/bang/entry/build/default/intermediates/syscap/default/rpcid.sc cache.
[2026-09-18T17:44:20.040] [DEBUG] debug-file - Incremental task entry:default@SyscapTransform post-execution cost:1 ms .
[2026-09-18T17:44:20.040] [DEBUG] debug-file - There is no need to refresh cache, since the incremental task entry:default@ProcessProfile is up-to-date.
[2026-09-18T17:44:20.040] [DEBUG] debug-file - There is no need to refresh cache, since the incremental task entry:default@ProcessRouterMap is up-to-date.
[2026-09-18T17:44:20.040] [DEBUG] debug-file - There is no need to refresh cache, since the incremental task entry:default@ProcessShareConfig is up-to-date.
[2026-09-18T17:44:20.040] [DEBUG] debug-file - Update task entry:default@ProcessStartupConfig input file:/Users/yujiantao/DevEcoStudioProjects/bang/entry/build/default/intermediates/loader/default/pkgContextInfo.json cache by regenerate.
[2026-09-18T17:44:20.040] [DEBUG] debug-file - Update task entry:default@ProcessStartupConfig output file:/Users/yujiantao/DevEcoStudioProjects/bang/entry/build/default/intermediates/startup/default/startup_config.json cache.
[2026-09-18T17:44:20.040] [DEBUG] debug-file - Incremental task entry:default@ProcessStartupConfig post-execution cost:1 ms .
[2026-09-18T17:44:20.041] [DEBUG] debug-file - There is no need to refresh cache, since the incremental task entry:default@ProcessResource is up-to-date.
[2026-09-18T17:44:20.041] [DEBUG] debug-file - There is no need to refresh cache, since the incremental task entry:default@GenerateLoaderJson is up-to-date.
[2026-09-18T17:44:20.041] [DEBUG] debug-file - There is no need to refresh cache, since the incremental task entry:default@ProcessLibs is up-to-date.
[2026-09-18T17:44:20.041] [DEBUG] debug-file - There is no need to refresh cache, since the incremental task entry:default@CompileResource is up-to-date.
[2026-09-18T17:44:20.041] [DEBUG] debug-file - There is no need to refresh cache, since the incremental task entry:default@DoNativeStrip is up-to-date.
[2026-09-18T17:44:20.041] [DEBUG] debug-file - Update task entry:default@CompileArkTS input file:/Users/yujiantao/DevEcoStudioProjects/bang/entry/build/default/intermediates/loader/default cache by regenerate.
[2026-09-18T17:44:20.042] [DEBUG] debug-file - Update task entry:default@CompileArkTS input file:/Users/yujiantao/DevEcoStudioProjects/bang/entry/build/default/intermediates/res/default/resources/rawfile cache by regenerate.
[2026-09-18T17:44:20.043] [DEBUG] debug-file - Update task entry:default@CompileArkTS input file:/Users/yujiantao/DevEcoStudioProjects/bang/entry/build/default/intermediates/res/default/ResourceTable.txt cache by regenerate.
[2026-09-18T17:44:20.043] [DEBUG] debug-file - Update task entry:default@CompileArkTS input file:/Users/yujiantao/DevEcoStudioProjects/bang/entry/build/default/intermediates/res/default/ark_module.json cache by regenerate.
[2026-09-18T17:44:20.043] [DEBUG] debug-file - Update task entry:default@CompileArkTS input file:/Users/yujiantao/DevEcoStudioProjects/bang/entry/build/default/intermediates/res/default/resources/base/profile cache by regenerate.
[2026-09-18T17:44:20.043] [DEBUG] debug-file - Update task entry:default@CompileArkTS input file:/Users/yujiantao/DevEcoStudioProjects/bang/entry/src/main/ets cache from map.
[2026-09-18T17:44:20.043] [DEBUG] debug-file - Update task entry:default@CompileArkTS input file:/Users/yujiantao/DevEcoStudioProjects/bang/entry/build/default/intermediates/loader/default/pkgContextInfo.json cache by regenerate.
[2026-09-18T17:44:20.043] [DEBUG] debug-file - Update task entry:default@CompileArkTS input file:/Users/yujiantao/DevEcoStudioProjects/bang/entry/build/default/generated/profile/default/BuildProfile.ets cache by regenerate.
[2026-09-18T17:44:20.043] [DEBUG] debug-file - Update task entry:default@CompileArkTS output file:/Users/yujiantao/DevEcoStudioProjects/bang/entry/build/default/intermediates/loader_out/default/ets cache.
[2026-09-18T17:44:20.043] [DEBUG] debug-file - Incremental task entry:default@CompileArkTS post-execution cost:3 ms .
[2026-09-18T17:44:20.044] [DEBUG] debug-file - Update task entry:default@BuildJS input file:/Users/yujiantao/DevEcoStudioProjects/bang/entry/build/default/intermediates/loader/default cache by regenerate.
[2026-09-18T17:44:20.044] [DEBUG] debug-file - Update task entry:default@BuildJS input file:/Users/yujiantao/DevEcoStudioProjects/bang/entry/build/default/intermediates/res/default/resources/rawfile cache by regenerate.
[2026-09-18T17:44:20.045] [DEBUG] debug-file - Update task entry:default@BuildJS input file:/Users/yujiantao/DevEcoStudioProjects/bang/entry/build/default/intermediates/res/default/ResourceTable.txt cache by regenerate.
[2026-09-18T17:44:20.045] [DEBUG] debug-file - Update task entry:default@BuildJS input file:/Users/yujiantao/DevEcoStudioProjects/bang/entry/build/default/intermediates/res/default/ark_module.json cache by regenerate.
[2026-09-18T17:44:20.045] [DEBUG] debug-file - Update task entry:default@BuildJS input file:/Users/yujiantao/DevEcoStudioProjects/bang/entry/build/default/intermediates/res/default/resources/base/profile cache by regenerate.
[2026-09-18T17:44:20.045] [DEBUG] debug-file - Update task entry:default@BuildJS input file:/Users/yujiantao/DevEcoStudioProjects/bang/entry/build/default/intermediates/loader/default/pkgContextInfo.json cache by regenerate.
[2026-09-18T17:44:20.045] [DEBUG] debug-file - Update task entry:default@BuildJS output file:/Users/yujiantao/DevEcoStudioProjects/bang/entry/build/default/intermediates/loader_out/default/js cache.
[2026-09-18T17:44:20.045] [DEBUG] debug-file - Incremental task entry:default@BuildJS post-execution cost:2 ms .
[2026-09-18T17:44:20.045] [DEBUG] debug-file - There is no need to refresh cache, since the incremental task entry:default@CacheNativeLibs is up-to-date.
[2026-09-18T17:44:20.045] [DEBUG] debug-file - There is no need to refresh cache, since the incremental task entry:default@GeneratePkgModuleJson is up-to-date.
[2026-09-18T17:44:20.045] [DEBUG] debug-file - Incremental task entry:default@ProcessCompiledResources post-execution cost:1 ms .
[2026-09-18T17:44:20.046] [DEBUG] debug-file - Update task entry:default@PackageHap input file:/Users/yujiantao/DevEcoStudioProjects/bang/entry/build/default/intermediates/stripped_native_libs/default cache by regenerate.
[2026-09-18T17:44:20.046] [DEBUG] debug-file - Update task entry:default@PackageHap input file:/Users/yujiantao/DevEcoStudioProjects/bang/entry/build/default/intermediates/res/default/module.json cache by regenerate.
[2026-09-18T17:44:20.046] [DEBUG] debug-file - Update task entry:default@PackageHap input file:/Users/yujiantao/DevEcoStudioProjects/bang/entry/build/default/intermediates/res/default/resources cache by regenerate.
[2026-09-18T17:44:20.047] [DEBUG] debug-file - Update task entry:default@PackageHap input file:/Users/yujiantao/DevEcoStudioProjects/bang/entry/build/default/intermediates/res/default/resources.index cache by regenerate.
[2026-09-18T17:44:20.047] [DEBUG] debug-file - Update task entry:default@PackageHap input file:/Users/yujiantao/DevEcoStudioProjects/bang/entry/build/default/outputs/default/pack.info cache by regenerate.
[2026-09-18T17:44:20.047] [DEBUG] debug-file - Update task entry:default@PackageHap input file:/Users/yujiantao/DevEcoStudioProjects/bang/entry/build/default/intermediates/loader_out/default/ets cache from map.
[2026-09-18T17:44:20.047] [DEBUG] debug-file - Update task entry:default@PackageHap input file:/Users/yujiantao/DevEcoStudioProjects/bang/entry/build/default/intermediates/loader/default/pkgContextInfo.json cache by regenerate.
[2026-09-18T17:44:20.047] [DEBUG] debug-file - Update task entry:default@PackageHap input file:/Users/yujiantao/DevEcoStudioProjects/bang/entry/build/default/intermediates/loader_out/default/ets/sourceMaps.map cache by regenerate.
[2026-09-18T17:44:20.047] [DEBUG] debug-file - Update task entry:default@PackageHap input file:/Users/yujiantao/DevEcoStudioProjects/bang/entry/build/default/generated/profile/default/BuildProfile.ets cache by regenerate.
[2026-09-18T17:44:20.047] [DEBUG] debug-file - Update task entry:default@PackageHap output file:/Users/yujiantao/DevEcoStudioProjects/bang/entry/build/default/outputs/default/entry-default-unsigned.hap cache.
[2026-09-18T17:44:20.047] [DEBUG] debug-file - Update task entry:default@PackageHap output file:/Users/yujiantao/DevEcoStudioProjects/bang/entry/build/default/intermediates/source_map/default/sourceMaps.map cache.
[2026-09-18T17:44:20.047] [DEBUG] debug-file - Update task entry:default@PackageHap output file:/Users/yujiantao/DevEcoStudioProjects/bang/entry/build/default/outputs/default/mapping/sourceMaps.map cache.
[2026-09-18T17:44:20.047] [DEBUG] debug-file - Incremental task entry:default@PackageHap post-execution cost:2 ms .
[2026-09-18T17:44:20.047] [DEBUG] debug-file - Update task entry:default@SignHap input file:/Users/yujiantao/.ohos/config/auto_bang_7YrzqJE1rIOdvZ_BTS9A9UF3By8y4SWYB3-MGJb9VSs=.cer cache by regenerate.
[2026-09-18T17:44:20.047] [DEBUG] debug-file - Update task entry:default@SignHap input file:/Users/yujiantao/.ohos/config/auto_bang_7YrzqJE1rIOdvZ_BTS9A9UF3By8y4SWYB3-MGJb9VSs=.p7b cache by regenerate.
[2026-09-18T17:44:20.047] [DEBUG] debug-file - Update task entry:default@SignHap input file:/Users/yujiantao/.ohos/config/auto_bang_7YrzqJE1rIOdvZ_BTS9A9UF3By8y4SWYB3-MGJb9VSs=.p12 cache by regenerate.
[2026-09-18T17:44:20.047] [DEBUG] debug-file - Update task entry:default@SignHap input file:/Users/yujiantao/DevEcoStudioProjects/bang/entry/build/default/outputs/default/entry-default-unsigned.hap cache from map.
[2026-09-18T17:44:20.047] [DEBUG] debug-file - Update task entry:default@SignHap output file:/Users/yujiantao/DevEcoStudioProjects/bang/entry/build/default/outputs/default/entry-default-signed.hap cache.
[2026-09-18T17:44:20.047] [DEBUG] debug-file - Incremental task entry:default@SignHap post-execution cost:1 ms .
[2026-09-18T17:44:20.047] [DEBUG] debug-file - Update task entry:default@CollectDebugSymbol input file:/Users/yujiantao/DevEcoStudioProjects/bang/entry/build/default/intermediates/loader_out/default/ets/sourceMaps.map cache by regenerate.
[2026-09-18T17:44:20.047] [DEBUG] debug-file - Update task entry:default@CollectDebugSymbol input file:/Users/yujiantao/DevEcoStudioProjects/bang/entry/build/default/intermediates/libs/default cache by regenerate.
[2026-09-18T17:44:20.048] [DEBUG] debug-file - Update task entry:default@CollectDebugSymbol output file:/Users/yujiantao/DevEcoStudioProjects/bang/entry/build/default/outputs/default/symbol cache.
[2026-09-18T17:44:20.048] [DEBUG] debug-file - Incremental task entry:default@CollectDebugSymbol post-execution cost:1 ms .
[2026-09-18T17:44:20.057] [DEBUG] debug-file - Current worker pool is stopped or closed.
[2026-09-18T17:44:20.057] [DEBUG] debug-file - Clear worker 0.
[2026-09-18T17:44:20.058] [DEBUG] debug-file - Worker 0 has been cleared.
[2026-09-18T17:44:20.058] [DEBUG] debug-file - Current idle worker size: 3.
[2026-09-18T17:44:20.058] [DEBUG] debug-file - Current busy worker size: 0.
[2026-09-18T17:44:20.058] [DEBUG] debug-file - Clear worker 1.
[2026-09-18T17:44:20.058] [DEBUG] debug-file - Worker 1 has been cleared.
[2026-09-18T17:44:20.058] [DEBUG] debug-file - Current idle worker size: 2.
[2026-09-18T17:44:20.058] [DEBUG] debug-file - Current busy worker size: 0.
[2026-09-18T17:44:20.058] [DEBUG] debug-file - Clear worker 4.
[2026-09-18T17:44:20.058] [DEBUG] debug-file - Worker 4 has been cleared.
[2026-09-18T17:44:20.058] [DEBUG] debug-file - Current idle worker size: 1.
[2026-09-18T17:44:20.058] [DEBUG] debug-file - Current busy worker size: 0.
[2026-09-18T17:44:20.058] [DEBUG] debug-file - Clear worker 6.
[2026-09-18T17:44:20.058] [DEBUG] debug-file - Worker 6 has been cleared.
[2026-09-18T17:44:20.058] [DEBUG] debug-file - Current idle worker size: 0.
[2026-09-18T17:44:20.058] [DEBUG] debug-file - Current busy worker size: 0.
[2026-09-18T17:44:20.058] [DEBUG] debug-file - hvigor build process will be closed.
[2026-09-18T17:44:20.064] [DEBUG] debug-file - Current worker pool is terminated.
[2026-09-18T17:44:20.065] [DEBUG] debug-file - worker[0] exits with exit code 1.
[2026-09-18T17:44:20.065] [DEBUG] debug-file - worker[1] exits with exit code 1.
[2026-09-18T17:44:20.074] [DEBUG] debug-file - worker[6] exits with exit code 1.
[2026-09-18T17:44:20.116] [DEBUG] debug-file - worker[4] exits with exit code 1.
[2026-09-18T17:45:17.964] [DEBUG] debug-file - session manager: set active socket. socketId=_q-JpNe_UfIL3-VLAABX
[2026-09-18T17:45:17.976] [DEBUG] debug-file - watch worker: worker id should be larger than 0. Nothing will be sent to any worker thread.
[2026-09-18T17:45:17.984] [DEBUG] debug-file - Workers' log level updated to INFO
[2026-09-18T17:45:17.988] [DEBUG] debug-file - Hvigor init with startParameters:{
  hvigorfileTypeCheck: false,
  parallelExecution: true,
  incrementalExecution: true,
  printStackTrace: false,
  daemon: true,
  analyze: 0,
  logLevel: Level { level: 20000, levelStr: 'INFO', colour: 'green' },
  optimizationStrategy: 'memory',
  hotCompile: undefined,
  hotReloadBuild: undefined,
  customizedParam: undefined
}
[2026-09-18T17:45:18.000] [DEBUG] debug-file - Cache service initialization finished in 12 ms 
[2026-09-18T17:45:18.001] [DEBUG] debug-file - hvigorfile, resolving /Users/yujiantao/DevEcoStudioProjects/bang/hvigorfile.ts
[2026-09-18T17:45:18.014] [DEBUG] debug-file - hvigorfile, require result:  { default: { plugins: [] } }
[2026-09-18T17:45:18.014] [DEBUG] debug-file - hvigorfile, binding system plugins null
[2026-09-18T17:45:18.014] [DEBUG] debug-file - Starting plugin build process
[2026-09-18T17:45:18.014] [DEBUG] debug-file - App plugin prepare start...
[2026-09-18T17:45:18.014] [DEBUG] debug-file - App plugin prepare end...
[2026-09-18T17:45:18.014] [DEBUG] debug-file - App plugin creating...
[2026-09-18T17:45:18.023] [DEBUG] debug-file - App plugin register hook start...
[2026-09-18T17:45:18.023] [DEBUG] debug-file - App plugin register hook end...
[2026-09-18T17:45:18.023] [DEBUG] debug-file - Plugin build process completed
[2026-09-18T17:45:18.023] [DEBUG] debug-file - Start initialize project's product build option map with build mode debug.
[2026-09-18T17:45:18.023] [DEBUG] debug-file - Picking option from product 'default' with build mode 'debug'.
[2026-09-18T17:45:18.023] [DEBUG] debug-file - Product 'default' build option initialized
[2026-09-18T17:45:18.023] [DEBUG] debug-file - End initialize project's product build option map with build mode 'debug'.
[2026-09-18T17:45:18.024] [DEBUG] debug-file - Obtain build option for product 'default'in this build.
[2026-09-18T17:45:18.026] [DEBUG] debug-file - /Users/yujiantao/DevEcoStudioProjects/bang/build/cache/default/remote_hsp/remoteHspCache.json not exists.
[2026-09-18T17:45:18.034] [DEBUG] debug-file - Start recording SDK configuration permission data.
[2026-09-18T17:45:18.073] [DEBUG] debug-file - Sdk init in 41 ms 
[2026-09-18T17:45:18.075] [DEBUG] debug-file - Project task initialization takes 2 ms 
[2026-09-18T17:45:18.075] [DEBUG] debug-file - hvigorfile, begin to bind custom plugins...
[2026-09-18T17:45:18.075] [DEBUG] debug-file - hvigorfile, no custom plugins were found in /Users/yujiantao/DevEcoStudioProjects/bang/hvigorfile.ts
[2026-09-18T17:45:18.075] [DEBUG] debug-file - hvigorfile, resolve finished /Users/yujiantao/DevEcoStudioProjects/bang/hvigorfile.ts
[2026-09-18T17:45:18.075] [DEBUG] debug-file - hvigorfile, resolving /Users/yujiantao/DevEcoStudioProjects/bang/entry/hvigorfile.ts
[2026-09-18T17:45:18.078] [DEBUG] debug-file - hvigorfile, require result:  { default: { plugins: [] } }
[2026-09-18T17:45:18.078] [DEBUG] debug-file - hvigorfile, binding system plugins null
[2026-09-18T17:45:18.078] [DEBUG] debug-file - Starting plugin build process
[2026-09-18T17:45:18.078] [DEBUG] debug-file - Hap plugin creating...
[2026-09-18T17:45:18.079] [DEBUG] debug-file - failed to load cangjie to dynamically generate schemas: Error: Cannot find module '@ohos/cangjie-build-support/index'
Require stack:
- /Applications/DevEco-Studio.app/Contents/tools/hvigor/hvigor-ohos-plugin/src/plugin/hooks/cangjie-register.js
- /Applications/DevEco-Studio.app/Contents/tools/hvigor/hvigor-ohos-plugin/src/plugin/strategy/stage-init-strategy.js
- /Applications/DevEco-Studio.app/Contents/tools/hvigor/hvigor-ohos-plugin/src/plugin/builder/abstract-plugin-builder.js
- /Applications/DevEco-Studio.app/Contents/tools/hvigor/hvigor-ohos-plugin/src/plugin/builder/app-plugin-builder.js
- /Applications/DevEco-Studio.app/Contents/tools/hvigor/hvigor-ohos-plugin/src/plugin/factory/plugin-factory.js
- /Applications/DevEco-Studio.app/Contents/tools/hvigor/hvigor-ohos-plugin/index.js
- /Users/yujiantao/DevEcoStudioProjects/bang/hvigorfile.ts
- /Applications/DevEco-Studio.app/Contents/tools/hvigor/hvigor/src/base/internal/lifecycle/configuration.js
- /Applications/DevEco-Studio.app/Contents/tools/hvigor/hvigor/src/base/boot/index.js
- /Applications/DevEco-Studio.app/Contents/tools/hvigor/hvigor/src/base/daemon/cluster/worker-process-lifecycle.js
- /Applications/DevEco-Studio.app/Contents/tools/hvigor/hvigor/src/base/daemon/process/daemon-process-boot-script.js
[2026-09-18T17:45:18.081] [DEBUG] debug-file - Start initialize module-target build option map, moduleName=entry, buildMode=debug
[2026-09-18T17:45:18.081] [DEBUG] debug-file - Target 'default' config initialized
[2026-09-18T17:45:18.081] [DEBUG] debug-file - Module 'entry' target 'default' build option initialized
[2026-09-18T17:45:18.081] [DEBUG] debug-file - End initialize module-target build option map, moduleName=entry
[2026-09-18T17:45:18.081] [DEBUG] debug-file - Start initialize module-target build option map, moduleName=entry, buildMode=release
[2026-09-18T17:45:18.081] [DEBUG] debug-file - Target 'default' config initialized
[2026-09-18T17:45:18.081] [DEBUG] debug-file - Module 'entry' target 'default' build option initialized
[2026-09-18T17:45:18.081] [DEBUG] debug-file - End initialize module-target build option map, moduleName=entry
[2026-09-18T17:45:18.081] [DEBUG] debug-file - Start initialize module-target build option map, moduleName=entry, buildMode=debug
[2026-09-18T17:45:18.081] [DEBUG] debug-file - Target 'default' config initialized
[2026-09-18T17:45:18.082] [DEBUG] debug-file - Module 'entry' target 'default' build option initialized
[2026-09-18T17:45:18.082] [DEBUG] debug-file - End initialize module-target build option map, moduleName=entry
[2026-09-18T17:45:18.082] [DEBUG] debug-file - Obtain build option for module 'entry' target 'default'in this build.
[2026-09-18T17:45:18.083] [DEBUG] debug-file - Module entry task initialization takes 1 ms 
[2026-09-18T17:45:18.083] [DEBUG] debug-file - Hap plugin register hook start...
[2026-09-18T17:45:18.083] [DEBUG] debug-file - Hap plugin register hook end...
[2026-09-18T17:45:18.083] [DEBUG] debug-file - Plugin build process completed
[2026-09-18T17:45:18.083] [DEBUG] debug-file - hvigorfile, begin to bind custom plugins...
[2026-09-18T17:45:18.083] [DEBUG] debug-file - hvigorfile, no custom plugins were found in /Users/yujiantao/DevEcoStudioProjects/bang/entry/hvigorfile.ts
[2026-09-18T17:45:18.083] [DEBUG] debug-file - hvigorfile, resolve finished /Users/yujiantao/DevEcoStudioProjects/bang/entry/hvigorfile.ts
[2026-09-18T17:45:18.157] [DEBUG] debug-file - hvigorfile, resolve hvigorfile dependencies in 74 ms 
[2026-09-18T17:45:18.157] [DEBUG] debug-file - project has submodules:entry
[2026-09-18T17:45:18.157] [DEBUG] debug-file - module:entry no need to execute packageHap
[2026-09-18T17:45:18.158] [DEBUG] debug-file - start to load updatedOhPackageInfo to the disk
[2026-09-18T17:45:18.160] [DEBUG] debug-file - load to the disk finished
[2026-09-18T17:45:18.160] [DEBUG] debug-file - Start to initialize dependency information.
[2026-09-18T17:45:18.160] [DEBUG] debug-file - Module bang Collected Dependency: 
[2026-09-18T17:45:18.160] [DEBUG] debug-file - Module bang's total dependency: 0
[2026-09-18T17:45:18.161] [DEBUG] debug-file - Start to initialize dependency information.
[2026-09-18T17:45:18.162] [DEBUG] debug-file - Module entry Collected Dependency: 
[2026-09-18T17:45:18.162] [DEBUG] debug-file - Module entry's total dependency: 0
[2026-09-18T17:45:18.162] [DEBUG] debug-file - Configuration phase cost:163 ms 
[2026-09-18T17:45:18.163] [DEBUG] debug-file - Configuration task cost before running: 179 ms 
[2026-09-18T17:45:18.165] [DEBUG] debug-file - Executing task :entry:default@PreBuild
[2026-09-18T17:45:18.167] [DEBUG] debug-file - Task 'entry:default@PreBuild' cost while wrapping incremental declarations: 1 ms 
[2026-09-18T17:45:18.168] [DEBUG] debug-file - entry:default@PreBuild is not up-to-date, since the task snapshots are different.
[2026-09-18T17:45:18.168] [DEBUG] debug-file - Incremental task entry:default@PreBuild pre-execution cost: 1 ms .
[2026-09-18T17:45:18.171] [DEBUG] debug-file - current product is not Atomic service.
[2026-09-18T17:45:18.171] [DEBUG] debug-file - Use tool [darwin: JAVA_HOME, CLASSPATH]
 [
  {
    JAVA_HOME: '/Applications/DevEco-Studio.app/Contents/jbr/Contents/Home'
  },
  { CLASSPATH: undefined }
]
[2026-09-18T17:45:18.171] [DEBUG] debug-file - Use tool [darwin: NODE_HOME]
 [
  {
    NODE_HOME: '/Applications/DevEco-Studio.app/Contents/tools/node/bin'
  }
]
[2026-09-18T17:45:18.172] [DEBUG] debug-file - entry : default@PreBuild cost memory 0.9002456665039062
[2026-09-18T17:45:18.172] [DEBUG] debug-file - runTaskFromQueue task cost before running: 187 ms 
[2026-09-18T17:45:18.172] [INFO] debug-file - Finished :entry:default@PreBuild... after 7 ms 
[2026-09-18T17:45:18.172] [DEBUG] debug-file - Executing task :entry:default@CreateModuleInfo
[2026-09-18T17:45:18.172] [DEBUG] debug-file - Task 'entry:default@CreateModuleInfo' cost while wrapping incremental declarations: 1 ms 
[2026-09-18T17:45:18.173] [DEBUG] debug-file - entry : default@CreateModuleInfo cost memory 0.03548431396484375
[2026-09-18T17:45:18.173] [DEBUG] debug-file - runTaskFromQueue task cost before running: 189 ms 
[2026-09-18T17:45:18.173] [INFO] debug-file - Finished :entry:default@CreateModuleInfo... after 1 ms 
[2026-09-18T17:45:18.174] [DEBUG] debug-file - Executing task :entry:default@GenerateMetadata
[2026-09-18T17:45:18.174] [DEBUG] debug-file - Task 'entry:default@GenerateMetadata' cost while wrapping incremental declarations: 1 ms 
[2026-09-18T17:45:18.174] [DEBUG] debug-file - Incremental task entry:default@GenerateMetadata pre-execution cost: 1 ms .
[2026-09-18T17:45:18.174] [DEBUG] debug-file - entry : default@GenerateMetadata cost memory 0.0684814453125
[2026-09-18T17:45:18.175] [INFO] debug-file - UP-TO-DATE :entry:default@GenerateMetadata...  
[2026-09-18T17:45:18.175] [DEBUG] debug-file - Executing task :entry:default@ConfigureCmake
[2026-09-18T17:45:18.175] [DEBUG] debug-file - entry : default@ConfigureCmake cost memory 0.01345062255859375
[2026-09-18T17:45:18.176] [DEBUG] debug-file - runTaskFromQueue task cost before running: 191 ms 
[2026-09-18T17:45:18.176] [INFO] debug-file - Finished :entry:default@ConfigureCmake... after 1 ms 
[2026-09-18T17:45:18.176] [DEBUG] debug-file - Executing task :entry:default@MergeProfile
[2026-09-18T17:45:18.176] [DEBUG] debug-file - Task 'entry:default@MergeProfile' cost while wrapping incremental declarations: 1 ms 
[2026-09-18T17:45:18.176] [DEBUG] debug-file - Incremental task entry:default@MergeProfile pre-execution cost: 1 ms .
[2026-09-18T17:45:18.176] [DEBUG] debug-file - entry : default@MergeProfile cost memory 0.1142730712890625
[2026-09-18T17:45:18.177] [INFO] debug-file - UP-TO-DATE :entry:default@MergeProfile...  
[2026-09-18T17:45:18.177] [DEBUG] debug-file - Executing task :entry:default@CreateBuildProfile
[2026-09-18T17:45:18.178] [DEBUG] debug-file - Task 'entry:default@CreateBuildProfile' cost while wrapping incremental declarations: 1 ms 
[2026-09-18T17:45:18.178] [DEBUG] debug-file - Incremental task entry:default@CreateBuildProfile pre-execution cost: 1 ms .
[2026-09-18T17:45:18.178] [DEBUG] debug-file - entry : default@CreateBuildProfile cost memory 0.08101654052734375
[2026-09-18T17:45:18.178] [INFO] debug-file - UP-TO-DATE :entry:default@CreateBuildProfile...  
[2026-09-18T17:45:18.179] [DEBUG] debug-file - Executing task :entry:default@PreCheckSyscap
[2026-09-18T17:45:18.179] [DEBUG] debug-file - entry : default@PreCheckSyscap cost memory 0.013671875
[2026-09-18T17:45:18.179] [DEBUG] debug-file - runTaskFromQueue task cost before running: 195 ms 
[2026-09-18T17:45:18.179] [INFO] debug-file - Finished :entry:default@PreCheckSyscap... after 1 ms 
[2026-09-18T17:45:18.179] [DEBUG] debug-file - Executing task :entry:default@GeneratePkgContextInfo
[2026-09-18T17:45:18.181] [DEBUG] debug-file - Task 'entry:default@GeneratePkgContextInfo' cost while wrapping incremental declarations: 1 ms 
[2026-09-18T17:45:18.181] [DEBUG] debug-file - Incremental task entry:default@GeneratePkgContextInfo pre-execution cost: 1 ms .
[2026-09-18T17:45:18.181] [DEBUG] debug-file - entry : default@GeneratePkgContextInfo cost memory 0.216278076171875
[2026-09-18T17:45:18.181] [INFO] debug-file - UP-TO-DATE :entry:default@GeneratePkgContextInfo...  
[2026-09-18T17:45:18.182] [DEBUG] debug-file - Executing task :entry:default@GeneratePkgSdkInfo
[2026-09-18T17:45:18.182] [DEBUG] debug-file - Task 'entry:default@GeneratePkgSdkInfo' cost while wrapping incremental declarations: 1 ms 
[2026-09-18T17:45:18.182] [DEBUG] debug-file - entry : default@GeneratePkgSdkInfo cost memory 0.07074737548828125
[2026-09-18T17:45:18.182] [DEBUG] debug-file - runTaskFromQueue task cost before running: 198 ms 
[2026-09-18T17:45:18.182] [INFO] debug-file - Finished :entry:default@GeneratePkgSdkInfo... after 1 ms 
[2026-09-18T17:45:18.184] [DEBUG] debug-file - Executing task :entry:default@ProcessIntegratedHsp
[2026-09-18T17:45:18.184] [DEBUG] debug-file - entry:default@ProcessIntegratedHsp is not up-to-date, since the output file '/Users/yujiantao/DevEcoStudioProjects/bang/build/cache/default/integrated_hsp/integratedHspCache.json' does not exist.
[2026-09-18T17:45:18.184] [DEBUG] debug-file - Incremental task entry:default@ProcessIntegratedHsp pre-execution cost: 1 ms .
[2026-09-18T17:45:18.184] [DEBUG] debug-file - entry : default@ProcessIntegratedHsp cost memory 0.05316925048828125
[2026-09-18T17:45:18.184] [DEBUG] debug-file - runTaskFromQueue task cost before running: 200 ms 
[2026-09-18T17:45:18.184] [INFO] debug-file - Finished :entry:default@ProcessIntegratedHsp... after 1 ms 
[2026-09-18T17:45:18.184] [DEBUG] debug-file - Executing task :entry:default@BuildNativeWithCmake
[2026-09-18T17:45:18.184] [DEBUG] debug-file - entry : default@BuildNativeWithCmake cost memory 0.01345062255859375
[2026-09-18T17:45:18.184] [DEBUG] debug-file - runTaskFromQueue task cost before running: 200 ms 
[2026-09-18T17:45:18.184] [INFO] debug-file - Finished :entry:default@BuildNativeWithCmake... after 1 ms 
[2026-09-18T17:45:18.185] [DEBUG] debug-file - Executing task :entry:default@MakePackInfo
[2026-09-18T17:45:18.185] [DEBUG] debug-file - Incremental task entry:default@MakePackInfo pre-execution cost: 1 ms .
[2026-09-18T17:45:18.185] [DEBUG] debug-file - entry : default@MakePackInfo cost memory 0.09336090087890625
[2026-09-18T17:45:18.185] [INFO] debug-file - UP-TO-DATE :entry:default@MakePackInfo...  
[2026-09-18T17:45:18.186] [DEBUG] debug-file - Executing task :entry:default@SyscapTransform
[2026-09-18T17:45:18.186] [DEBUG] debug-file - File: '/Users/yujiantao/DevEcoStudioProjects/bang/entry/src/main/syscap.json' from 'sysCapJsonPath' is not exists, just ignore.
[2026-09-18T17:45:18.186] [DEBUG] debug-file - Task 'entry:default@SyscapTransform' cost while wrapping incremental declarations: 1 ms 
[2026-09-18T17:45:18.187] [DEBUG] debug-file - entry:default@SyscapTransform is not up-to-date, since the output file '/Users/yujiantao/DevEcoStudioProjects/bang/entry/build/default/intermediates/syscap/default/rpcid.sc' does not exist.
[2026-09-18T17:45:18.187] [DEBUG] debug-file - Incremental task entry:default@SyscapTransform pre-execution cost: 1 ms .
[2026-09-18T17:45:18.189] [DEBUG] debug-file - entry : default@SyscapTransform cost memory -4.017829895019531
[2026-09-18T17:45:18.189] [DEBUG] debug-file - runTaskFromQueue task cost before running: 205 ms 
[2026-09-18T17:45:18.189] [INFO] debug-file - Finished :entry:default@SyscapTransform... after 4 ms 
[2026-09-18T17:45:18.191] [DEBUG] debug-file - Executing task :entry:default@ProcessProfile
[2026-09-18T17:45:18.192] [DEBUG] debug-file - Task 'entry:default@ProcessProfile' cost while wrapping incremental declarations: 1 ms 
[2026-09-18T17:45:18.193] [DEBUG] debug-file - Incremental task entry:default@ProcessProfile pre-execution cost: 1 ms .
[2026-09-18T17:45:18.193] [DEBUG] debug-file - entry : default@ProcessProfile cost memory 0.122222900390625
[2026-09-18T17:45:18.193] [INFO] debug-file - UP-TO-DATE :entry:default@ProcessProfile...  
[2026-09-18T17:45:18.193] [DEBUG] debug-file - Executing task :entry:default@ProcessRouterMap
[2026-09-18T17:45:18.194] [DEBUG] debug-file - Incremental task entry:default@ProcessRouterMap pre-execution cost: 1 ms .
[2026-09-18T17:45:18.194] [DEBUG] debug-file - entry : default@ProcessRouterMap cost memory 0.12117767333984375
[2026-09-18T17:45:18.194] [INFO] debug-file - UP-TO-DATE :entry:default@ProcessRouterMap...  
[2026-09-18T17:45:18.194] [DEBUG] debug-file - Executing task :entry:default@ProcessShareConfig
[2026-09-18T17:45:18.196] [DEBUG] debug-file - Incremental task entry:default@ProcessShareConfig pre-execution cost: 1 ms .
[2026-09-18T17:45:18.196] [DEBUG] debug-file - entry : default@ProcessShareConfig cost memory 0.1036834716796875
[2026-09-18T17:45:18.196] [INFO] debug-file - UP-TO-DATE :entry:default@ProcessShareConfig...  
[2026-09-18T17:45:18.197] [DEBUG] debug-file - Executing task :entry:default@ProcessStartupConfig
[2026-09-18T17:45:18.197] [DEBUG] debug-file - Task 'entry:default@ProcessStartupConfig' cost while wrapping incremental declarations: 1 ms 
[2026-09-18T17:45:18.197] [DEBUG] debug-file - entry:default@ProcessStartupConfig is not up-to-date, since the output file '/Users/yujiantao/DevEcoStudioProjects/bang/entry/build/default/intermediates/startup/default/startup_config.json' does not exist.
[2026-09-18T17:45:18.197] [DEBUG] debug-file - Incremental task entry:default@ProcessStartupConfig pre-execution cost: 1 ms .
[2026-09-18T17:45:18.197] [DEBUG] debug-file - entry : default@ProcessStartupConfig cost memory 0.1068572998046875
[2026-09-18T17:45:18.197] [DEBUG] debug-file - runTaskFromQueue task cost before running: 213 ms 
[2026-09-18T17:45:18.198] [INFO] debug-file - Finished :entry:default@ProcessStartupConfig... after 1 ms 
[2026-09-18T17:45:18.198] [DEBUG] debug-file - Executing task :entry:default@BuildNativeWithNinja
[2026-09-18T17:45:18.199] [DEBUG] debug-file - entry : default@BuildNativeWithNinja cost memory 0.01831817626953125
[2026-09-18T17:45:18.199] [DEBUG] debug-file - runTaskFromQueue task cost before running: 215 ms 
[2026-09-18T17:45:18.199] [INFO] debug-file - Finished :entry:default@BuildNativeWithNinja... after 1 ms 
[2026-09-18T17:45:18.199] [DEBUG] debug-file - restool module names: entry; moduleName=entry, taskName=default@ProcessResource
[2026-09-18T17:45:18.201] [DEBUG] debug-file - Executing task :entry:default@ProcessResource
[2026-09-18T17:45:18.202] [DEBUG] debug-file - Task 'entry:default@ProcessResource' cost while wrapping incremental declarations: 1 ms 
[2026-09-18T17:45:18.202] [DEBUG] debug-file - Incremental task entry:default@ProcessResource pre-execution cost: 1 ms .
[2026-09-18T17:45:18.202] [DEBUG] debug-file - entry : default@ProcessResource cost memory 0.11496734619140625
[2026-09-18T17:45:18.204] [INFO] debug-file - UP-TO-DATE :entry:default@ProcessResource...  
[2026-09-18T17:45:18.205] [DEBUG] debug-file - Executing task :entry:default@GenerateLoaderJson
[2026-09-18T17:45:18.205] [DEBUG] debug-file - Task 'entry:default@GenerateLoaderJson' cost while wrapping incremental declarations: 1 ms 
[2026-09-18T17:45:18.207] [DEBUG] debug-file - Incremental task entry:default@GenerateLoaderJson pre-execution cost: 2 ms .
[2026-09-18T17:45:18.207] [DEBUG] debug-file - entry : default@GenerateLoaderJson cost memory 0.39630889892578125
[2026-09-18T17:45:18.208] [INFO] debug-file - UP-TO-DATE :entry:default@GenerateLoaderJson...  
[2026-09-18T17:45:18.208] [DEBUG] debug-file - Executing task :entry:default@ProcessLibs
[2026-09-18T17:45:18.209] [DEBUG] debug-file - Incremental task entry:default@ProcessLibs pre-execution cost: 1 ms .
[2026-09-18T17:45:18.209] [DEBUG] debug-file - entry : default@ProcessLibs cost memory 0.07355499267578125
[2026-09-18T17:45:18.209] [INFO] debug-file - UP-TO-DATE :entry:default@ProcessLibs...  
[2026-09-18T17:45:18.210] [DEBUG] debug-file - restool module names: entry; moduleName=entry, taskName=default@CompileResource
[2026-09-18T17:45:18.210] [DEBUG] debug-file - Executing task :entry:default@CompileResource
[2026-09-18T17:45:18.216] [DEBUG] debug-file - Incremental task entry:default@CompileResource pre-execution cost: 5 ms .
[2026-09-18T17:45:18.216] [DEBUG] debug-file - entry : default@CompileResource cost memory 0.6516265869140625
[2026-09-18T17:45:18.217] [INFO] debug-file - UP-TO-DATE :entry:default@CompileResource...  
[2026-09-18T17:45:18.218] [DEBUG] debug-file - Executing task :entry:default@DoNativeStrip
[2026-09-18T17:45:18.218] [DEBUG] debug-file - File: '/Users/yujiantao/DevEcoStudioProjects/bang/entry/build/default/intermediates/binxo/default' from 'doBinxoNativeLibs' is not exists, just ignore.
[2026-09-18T17:45:18.218] [DEBUG] debug-file - Task 'entry:default@DoNativeStrip' cost while wrapping incremental declarations: 1 ms 
[2026-09-18T17:45:18.218] [DEBUG] debug-file - Incremental task entry:default@DoNativeStrip pre-execution cost: 1 ms .
[2026-09-18T17:45:18.218] [DEBUG] debug-file - entry : default@DoNativeStrip cost memory 0.12039947509765625
[2026-09-18T17:45:18.219] [INFO] debug-file - UP-TO-DATE :entry:default@DoNativeStrip...  
[2026-09-18T17:45:18.219] [DEBUG] debug-file - Executing task :entry:default@CompileArkTS
[2026-09-18T17:45:18.220] [DEBUG] debug-file - obfuscationOptions: undefined
[2026-09-18T17:45:18.220] [DEBUG] debug-file - Task 'entry:default@CompileArkTS' cost while wrapping incremental declarations: 1 ms 
[2026-09-18T17:45:18.223] [DEBUG] debug-file - Incremental task entry:default@CompileArkTS pre-execution cost: 4 ms .
[2026-09-18T17:45:18.223] [DEBUG] debug-file - entry : default@CompileArkTS cost memory 0.6175537109375
[2026-09-18T17:45:18.224] [INFO] debug-file - UP-TO-DATE :entry:default@CompileArkTS...  
[2026-09-18T17:45:18.224] [DEBUG] debug-file - Executing task :entry:default@BuildJS
[2026-09-18T17:45:18.224] [DEBUG] debug-file - Task 'entry:default@BuildJS' cost while wrapping incremental declarations: 1 ms 
[2026-09-18T17:45:18.225] [DEBUG] debug-file - entry : default@BuildJS cost memory 0.11962890625
[2026-09-18T17:45:18.225] [DEBUG] debug-file - runTaskFromQueue task cost before running: 240 ms 
[2026-09-18T17:45:18.225] [INFO] debug-file - Finished :entry:default@BuildJS... after 1 ms 
[2026-09-18T17:45:18.225] [DEBUG] debug-file - Executing task :entry:default@CacheNativeLibs
[2026-09-18T17:45:18.225] [DEBUG] debug-file - File: '/Users/yujiantao/DevEcoStudioProjects/bang/entry/build/default/intermediates/binxo/default' from 'cacheBinxoNativeLibs' is not exists, just ignore.
[2026-09-18T17:45:18.225] [DEBUG] debug-file - Task 'entry:default@CacheNativeLibs' cost while wrapping incremental declarations: 1 ms 
[2026-09-18T17:45:18.225] [DEBUG] debug-file - Incremental task entry:default@CacheNativeLibs pre-execution cost: 1 ms .
[2026-09-18T17:45:18.225] [DEBUG] debug-file - entry : default@CacheNativeLibs cost memory 0.08197021484375
[2026-09-18T17:45:18.225] [INFO] debug-file - UP-TO-DATE :entry:default@CacheNativeLibs...  
[2026-09-18T17:45:18.226] [DEBUG] debug-file - Executing task :entry:default@GeneratePkgModuleJson
[2026-09-18T17:45:18.226] [DEBUG] debug-file - File: '/Users/yujiantao/DevEcoStudioProjects/bang/entry/build/default/intermediates/preload/default/preload.json' from 'preloadSoJsonPath' is not exists, just ignore.
[2026-09-18T17:45:18.226] [DEBUG] debug-file - Error occurs while handling @Input 'shouldDeduplicateHar': The "data" argument must be of type string or an instance of Buffer, TypedArray, or DataView. Received undefined
[2026-09-18T17:45:18.226] [DEBUG] debug-file - Task 'entry:default@GeneratePkgModuleJson' cost while wrapping incremental declarations: 1 ms 
[2026-09-18T17:45:18.226] [DEBUG] debug-file - Incremental task entry:default@GeneratePkgModuleJson pre-execution cost: 1 ms .
[2026-09-18T17:45:18.226] [DEBUG] debug-file - entry : default@GeneratePkgModuleJson cost memory 0.0836029052734375
[2026-09-18T17:45:18.226] [INFO] debug-file - UP-TO-DATE :entry:default@GeneratePkgModuleJson...  
[2026-09-18T17:45:18.226] [DEBUG] debug-file - Executing task :entry:default@ProcessCompiledResources
[2026-09-18T17:45:18.226] [DEBUG] debug-file - File: '/Users/yujiantao/DevEcoStudioProjects/bang/entry/build/default/intermediates/preload/default/preload.json' from 'preloadSoJsonPath' is not exists, just ignore.
[2026-09-18T17:45:18.226] [DEBUG] debug-file - Task 'entry:default@ProcessCompiledResources' cost while wrapping incremental declarations: 1 ms 
[2026-09-18T17:45:18.226] [DEBUG] debug-file - entry : default@ProcessCompiledResources cost memory 0.0522003173828125
[2026-09-18T17:45:18.226] [DEBUG] debug-file - runTaskFromQueue task cost before running: 242 ms 
[2026-09-18T17:45:18.226] [INFO] debug-file - Finished :entry:default@ProcessCompiledResources... after 1 ms 
[2026-09-18T17:45:18.230] [DEBUG] debug-file - Executing task :entry:default@PackageHap
[2026-09-18T17:45:18.246] [DEBUG] debug-file - Incremental task entry:default@PackageHap pre-execution cost: 16 ms .
[2026-09-18T17:45:18.246] [DEBUG] debug-file - entry : default@PackageHap cost memory -4.5685272216796875
[2026-09-18T17:45:18.246] [INFO] debug-file - UP-TO-DATE :entry:default@PackageHap...  
[2026-09-18T17:45:18.248] [DEBUG] debug-file - Executing task :entry:default@PackingCheck
[2026-09-18T17:45:18.254] [DEBUG] debug-file - entry : default@PackingCheck cost memory 0.46022796630859375
[2026-09-18T17:45:18.255] [DEBUG] debug-file - runTaskFromQueue task cost before running: 270 ms 
[2026-09-18T17:45:18.255] [INFO] debug-file - Finished :entry:default@PackingCheck... after 8 ms 
[2026-09-18T17:45:18.255] [DEBUG] debug-file - Executing task :entry:default@SignHap
[2026-09-18T17:45:18.256] [DEBUG] debug-file - Incremental task entry:default@SignHap pre-execution cost: 1 ms .
[2026-09-18T17:45:18.256] [DEBUG] debug-file - entry : default@SignHap cost memory 0.0758209228515625
[2026-09-18T17:45:18.257] [INFO] debug-file - UP-TO-DATE :entry:default@SignHap...  
[2026-09-18T17:45:18.257] [DEBUG] debug-file - Executing task :entry:default@CollectDebugSymbol
[2026-09-18T17:45:18.257] [DEBUG] debug-file - entry : default@CollectDebugSymbol cost memory 0.07849884033203125
[2026-09-18T17:45:18.257] [DEBUG] debug-file - runTaskFromQueue task cost before running: 273 ms 
[2026-09-18T17:45:18.257] [INFO] debug-file - Finished :entry:default@CollectDebugSymbol... after 1 ms 
[2026-09-18T17:45:18.257] [DEBUG] debug-file - Executing task :entry:assembleHap
[2026-09-18T17:45:18.258] [DEBUG] debug-file - entry : assembleHap cost memory 0.03570556640625
[2026-09-18T17:45:18.258] [DEBUG] debug-file - runTaskFromQueue task cost before running: 274 ms 
[2026-09-18T17:45:18.258] [INFO] debug-file - Finished :entry:assembleHap... after 1 ms 
[2026-09-18T17:45:18.258] [INFO] debug-file - BUILD SUCCESSFUL in 274 ms 
[2026-09-18T17:45:18.258] [DEBUG] debug-file - Update task entry:default@PreBuild input file:/Users/yujiantao/DevEcoStudioProjects/bang/AppScope/app.json5 cache by regenerate.
[2026-09-18T17:45:18.258] [DEBUG] debug-file - Update task entry:default@PreBuild input file:/Users/yujiantao/DevEcoStudioProjects/bang/entry/src/main/module.json5 cache by regenerate.
[2026-09-18T17:45:18.258] [DEBUG] debug-file - Update task entry:default@PreBuild input file:/Users/yujiantao/DevEcoStudioProjects/bang/build-profile.json5 cache by regenerate.
[2026-09-18T17:45:18.258] [DEBUG] debug-file - Update task entry:default@PreBuild input file:/Users/yujiantao/DevEcoStudioProjects/bang/entry/build-profile.json5 cache by regenerate.
[2026-09-18T17:45:18.258] [DEBUG] debug-file - Update task entry:default@PreBuild input file:/Users/yujiantao/DevEcoStudioProjects/bang/entry/src/main/resources/base/profile/main_pages.json cache by regenerate.
[2026-09-18T17:45:18.258] [DEBUG] debug-file - Update task entry:default@PreBuild input file:/Users/yujiantao/DevEcoStudioProjects/bang/hvigor/hvigor-config.json5 cache by regenerate.
[2026-09-18T17:45:18.259] [DEBUG] debug-file - Update task entry:default@PreBuild input file:/Users/yujiantao/DevEcoStudioProjects/bang/entry/oh-package.json5 cache by regenerate.
[2026-09-18T17:45:18.259] [DEBUG] debug-file - Update task entry:default@PreBuild input file:/Users/yujiantao/DevEcoStudioProjects/bang/oh-package.json5 cache by regenerate.
[2026-09-18T17:45:18.259] [DEBUG] debug-file - Incremental task entry:default@PreBuild post-execution cost:1 ms .
[2026-09-18T17:45:18.259] [DEBUG] debug-file - Update task entry:default@CreateModuleInfo output file:/Users/yujiantao/DevEcoStudioProjects/bang/entry/build/default/generated/profile/default/ModuleInfo.ts cache.
[2026-09-18T17:45:18.259] [DEBUG] debug-file - Incremental task entry:default@CreateModuleInfo post-execution cost:1 ms .
[2026-09-18T17:45:18.259] [DEBUG] debug-file - There is no need to refresh cache, since the incremental task entry:default@GenerateMetadata is up-to-date.
[2026-09-18T17:45:18.259] [DEBUG] debug-file - There is no need to refresh cache, since the incremental task entry:default@MergeProfile is up-to-date.
[2026-09-18T17:45:18.259] [DEBUG] debug-file - There is no need to refresh cache, since the incremental task entry:default@CreateBuildProfile is up-to-date.
[2026-09-18T17:45:18.259] [DEBUG] debug-file - There is no need to refresh cache, since the incremental task entry:default@GeneratePkgContextInfo is up-to-date.
[2026-09-18T17:45:18.259] [DEBUG] debug-file - Update task entry:default@GeneratePkgSdkInfo output file:/Users/yujiantao/DevEcoStudioProjects/bang/entry/build/default/intermediates/loader/default/pkgSdkInfo.json cache.
[2026-09-18T17:45:18.259] [DEBUG] debug-file - Incremental task entry:default@GeneratePkgSdkInfo post-execution cost:1 ms .
[2026-09-18T17:45:18.260] [DEBUG] debug-file - Update task entry:default@ProcessIntegratedHsp output file:/Users/yujiantao/DevEcoStudioProjects/bang/build/cache/default/integrated_hsp/integratedHspCache.json cache.
[2026-09-18T17:45:18.260] [DEBUG] debug-file - Incremental task entry:default@ProcessIntegratedHsp post-execution cost:1 ms .
[2026-09-18T17:45:18.260] [DEBUG] debug-file - There is no need to refresh cache, since the incremental task entry:default@MakePackInfo is up-to-date.
[2026-09-18T17:45:18.260] [DEBUG] debug-file - Update task entry:default@SyscapTransform input file:/Applications/DevEco-Studio.app/Contents/sdk/default/openharmony/toolchains/syscap_tool cache by regenerate.
[2026-09-18T17:45:18.260] [DEBUG] debug-file - Update task entry:default@SyscapTransform input file:/Applications/DevEco-Studio.app/Contents/sdk/default/openharmony/ets/api/device-define cache by regenerate.
[2026-09-18T17:45:18.260] [DEBUG] debug-file - Update task entry:default@SyscapTransform output file:/Users/yujiantao/DevEcoStudioProjects/bang/entry/build/default/intermediates/syscap/default/rpcid.sc cache.
[2026-09-18T17:45:18.261] [DEBUG] debug-file - Incremental task entry:default@SyscapTransform post-execution cost:1 ms .
[2026-09-18T17:45:18.262] [DEBUG] debug-file - There is no need to refresh cache, since the incremental task entry:default@ProcessProfile is up-to-date.
[2026-09-18T17:45:18.262] [DEBUG] debug-file - There is no need to refresh cache, since the incremental task entry:default@ProcessRouterMap is up-to-date.
[2026-09-18T17:45:18.262] [DEBUG] debug-file - There is no need to refresh cache, since the incremental task entry:default@ProcessShareConfig is up-to-date.
[2026-09-18T17:45:18.262] [DEBUG] debug-file - Update task entry:default@ProcessStartupConfig input file:/Users/yujiantao/DevEcoStudioProjects/bang/entry/build/default/intermediates/loader/default/pkgContextInfo.json cache by regenerate.
[2026-09-18T17:45:18.262] [DEBUG] debug-file - Update task entry:default@ProcessStartupConfig output file:/Users/yujiantao/DevEcoStudioProjects/bang/entry/build/default/intermediates/startup/default/startup_config.json cache.
[2026-09-18T17:45:18.263] [DEBUG] debug-file - Incremental task entry:default@ProcessStartupConfig post-execution cost:1 ms .
[2026-09-18T17:45:18.263] [DEBUG] debug-file - There is no need to refresh cache, since the incremental task entry:default@ProcessResource is up-to-date.
[2026-09-18T17:45:18.263] [DEBUG] debug-file - There is no need to refresh cache, since the incremental task entry:default@GenerateLoaderJson is up-to-date.
[2026-09-18T17:45:18.263] [DEBUG] debug-file - There is no need to refresh cache, since the incremental task entry:default@ProcessLibs is up-to-date.
[2026-09-18T17:45:18.263] [DEBUG] debug-file - There is no need to refresh cache, since the incremental task entry:default@CompileResource is up-to-date.
[2026-09-18T17:45:18.263] [DEBUG] debug-file - There is no need to refresh cache, since the incremental task entry:default@DoNativeStrip is up-to-date.
[2026-09-18T17:45:18.263] [DEBUG] debug-file - There is no need to refresh cache, since the incremental task entry:default@CompileArkTS is up-to-date.
[2026-09-18T17:45:18.263] [DEBUG] debug-file - Update task entry:default@BuildJS input file:/Users/yujiantao/DevEcoStudioProjects/bang/entry/build/default/intermediates/loader/default cache by regenerate.
[2026-09-18T17:45:18.263] [DEBUG] debug-file - Update task entry:default@BuildJS input file:/Users/yujiantao/DevEcoStudioProjects/bang/entry/build/default/intermediates/res/default/resources/rawfile cache by regenerate.
[2026-09-18T17:45:18.264] [DEBUG] debug-file - Update task entry:default@BuildJS input file:/Users/yujiantao/DevEcoStudioProjects/bang/entry/build/default/intermediates/res/default/ResourceTable.txt cache by regenerate.
[2026-09-18T17:45:18.264] [DEBUG] debug-file - Update task entry:default@BuildJS input file:/Users/yujiantao/DevEcoStudioProjects/bang/entry/build/default/intermediates/res/default/ark_module.json cache by regenerate.
[2026-09-18T17:45:18.264] [DEBUG] debug-file - Update task entry:default@BuildJS input file:/Users/yujiantao/DevEcoStudioProjects/bang/entry/build/default/intermediates/res/default/resources/base/profile cache by regenerate.
[2026-09-18T17:45:18.264] [DEBUG] debug-file - Update task entry:default@BuildJS input file:/Users/yujiantao/DevEcoStudioProjects/bang/entry/build/default/intermediates/loader/default/pkgContextInfo.json cache by regenerate.
[2026-09-18T17:45:18.264] [DEBUG] debug-file - Update task entry:default@BuildJS output file:/Users/yujiantao/DevEcoStudioProjects/bang/entry/build/default/intermediates/loader_out/default/js cache.
[2026-09-18T17:45:18.264] [DEBUG] debug-file - Incremental task entry:default@BuildJS post-execution cost:2 ms .
[2026-09-18T17:45:18.264] [DEBUG] debug-file - There is no need to refresh cache, since the incremental task entry:default@CacheNativeLibs is up-to-date.
[2026-09-18T17:45:18.264] [DEBUG] debug-file - There is no need to refresh cache, since the incremental task entry:default@GeneratePkgModuleJson is up-to-date.
[2026-09-18T17:45:18.264] [DEBUG] debug-file - Incremental task entry:default@ProcessCompiledResources post-execution cost:1 ms .
[2026-09-18T17:45:18.264] [DEBUG] debug-file - There is no need to refresh cache, since the incremental task entry:default@PackageHap is up-to-date.
[2026-09-18T17:45:18.264] [DEBUG] debug-file - There is no need to refresh cache, since the incremental task entry:default@SignHap is up-to-date.
[2026-09-18T17:45:18.264] [DEBUG] debug-file - Update task entry:default@CollectDebugSymbol input file:/Users/yujiantao/DevEcoStudioProjects/bang/entry/build/default/intermediates/loader_out/default/ets/sourceMaps.map cache by regenerate.
[2026-09-18T17:45:18.264] [DEBUG] debug-file - Update task entry:default@CollectDebugSymbol input file:/Users/yujiantao/DevEcoStudioProjects/bang/entry/build/default/intermediates/libs/default cache by regenerate.
[2026-09-18T17:45:18.264] [DEBUG] debug-file - Update task entry:default@CollectDebugSymbol output file:/Users/yujiantao/DevEcoStudioProjects/bang/entry/build/default/outputs/default/symbol cache.
[2026-09-18T17:45:18.264] [DEBUG] debug-file - Incremental task entry:default@CollectDebugSymbol post-execution cost:1 ms .
[2026-09-18T17:45:18.283] [DEBUG] debug-file - hvigor build process will be closed.
[2026-09-18T17:45:18.373] [DEBUG] debug-file - session manager: send message to worker process.
[2026-09-18T17:45:18.373] [DEBUG] debug-file - session manager: send message to worker process.
[2026-09-18T17:45:18.375] [DEBUG] debug-file - watch worker: worker id should be larger than 0. Nothing will be sent to any worker thread.
[2026-09-18T17:45:18.375] [DEBUG] debug-file - watch worker: worker id should be larger than 0. Nothing will be sent to any worker thread.
[2026-09-18T17:45:58.628] [DEBUG] debug-file - env: nodejsVersion=v22.21.1
[2026-09-18T17:45:59.246] [DEBUG] debug-file - Hvigor init with startParameters:{
  hvigorfileTypeCheck: false,
  parallelExecution: true,
  incrementalExecution: true,
  printStackTrace: false,
  daemon: false,
  analyze: 0,
  logLevel: Level { level: 20000, levelStr: 'INFO', colour: 'green' },
  optimizationStrategy: 'memory',
  hotCompile: undefined,
  hotReloadBuild: undefined,
  customizedParam: undefined
}
[2026-09-18T17:46:00.994] [DEBUG] debug-file - hvigorfile, require result:  { default: { system: [Function: appTasks], plugins: [] } }
[2026-09-18T17:46:00.995] [DEBUG] debug-file - Starting plugin build process
[2026-09-18T17:46:01.140] [DEBUG] debug-file - Start initialize project's product build option map with build mode debug.
[2026-09-18T17:46:01.139] [DEBUG] debug-file - App plugin register hook start...
[2026-09-18T17:46:01.143] [DEBUG] debug-file - Obtain build option for product 'default'in this build.
[2026-09-18T17:46:01.150] [DEBUG] debug-file - Start recording SDK configuration permission data.
[2026-09-18T17:46:01.188] [DEBUG] debug-file - failed to load cangjie to dynamically generate schemas: Error: Cannot find module '@ohos/cangjie-build-support/index'
Require stack:
- /Applications/DevEco-Studio.app/Contents/tools/hvigor/hvigor-ohos-plugin/src/plugin/hooks/cangjie-register.js
- /Applications/DevEco-Studio.app/Contents/tools/hvigor/hvigor-ohos-plugin/src/plugin/strategy/stage-init-strategy.js
- /Applications/DevEco-Studio.app/Contents/tools/hvigor/hvigor-ohos-plugin/src/plugin/builder/abstract-plugin-builder.js
- /Applications/DevEco-Studio.app/Contents/tools/hvigor/hvigor-ohos-plugin/src/plugin/builder/app-plugin-builder.js
- /Applications/DevEco-Studio.app/Contents/tools/hvigor/hvigor-ohos-plugin/src/plugin/factory/plugin-factory.js
- /Applications/DevEco-Studio.app/Contents/tools/hvigor/hvigor-ohos-plugin/index.js
- /Users/yujiantao/DevEcoStudioProjects/bang/hvigorfile.ts
- /Applications/DevEco-Studio.app/Contents/tools/hvigor/hvigor/src/base/internal/lifecycle/configuration.js
- /Applications/DevEco-Studio.app/Contents/tools/hvigor/hvigor/src/base/boot/index.js
- /Applications/DevEco-Studio.app/Contents/tools/hvigor/hvigor/src/cli/main/cli.js
- /Applications/DevEco-Studio.app/Contents/tools/hvigor/hvigor/bin/hvigor.js
[2026-09-18T17:46:01.181] [DEBUG] debug-file - Project task initialization takes 5 ms 
[2026-09-18T17:46:01.199] [DEBUG] debug-file - project has submodules:entry
[2026-09-18T17:46:01.194] [DEBUG] debug-file - Start initialize module-target build option map, moduleName=entry, buildMode=debug
[2026-09-18T17:46:01.200] [DEBUG] debug-file - start to load updatedOhPackageInfo to the disk
[2026-09-18T17:46:01.205] [DEBUG] debug-file - Start to initialize dependency information.
[2026-09-18T17:46:01.212] [DEBUG] debug-file - Executing task :entry:default@PreBuild
[2026-09-18T17:46:01.388] [DEBUG] debug-file - Executing task :entry:default@GenerateMetadata
[2026-09-18T17:46:01.394] [DEBUG] debug-file - Executing task :entry:default@CreateBuildProfile
[2026-09-18T17:46:01.397] [DEBUG] debug-file - Executing task :entry:default@PreCheckSyscap
[2026-09-18T17:46:01.398] [DEBUG] debug-file - Executing task :entry:default@GeneratePkgContextInfo
[2026-09-18T17:46:01.408] [DEBUG] debug-file - Executing task :entry:default@ProcessIntegratedHsp
[2026-09-18T17:46:01.410] [DEBUG] debug-file - Executing task :entry:default@BuildNativeWithCmake
[2026-09-18T17:46:01.412] [DEBUG] debug-file - Executing task :entry:default@MakePackInfo
[2026-09-18T17:46:01.454] [DEBUG] debug-file - Executing task :entry:default@ProcessProfile
[2026-09-18T17:46:01.459] [DEBUG] debug-file - Executing task :entry:default@ProcessRouterMap
[2026-09-18T17:46:01.414] [DEBUG] debug-file - Executing task :entry:default@SyscapTransform
[2026-09-18T17:46:01.463] [DEBUG] debug-file - Executing task :entry:default@ProcessShareConfig
[2026-09-18T17:46:01.466] [DEBUG] debug-file - Executing task :entry:default@ProcessStartupConfig
[2026-09-18T17:46:01.494] [DEBUG] debug-file - Executing task :entry:default@ProcessResource
[2026-09-18T17:46:01.477] [DEBUG] debug-file - Executing task :entry:default@BuildNativeWithNinja
[2026-09-18T17:46:01.548] [DEBUG] debug-file - Executing task :entry:default@GenerateLoaderJson
[2026-09-18T17:46:01.596] [DEBUG] debug-file - Executing task :entry:default@DoNativeStrip
[2026-09-18T17:46:01.579] [DEBUG] debug-file - Executing task :entry:default@CompileResource
[2026-09-18T17:46:01.570] [DEBUG] debug-file - Executing task :entry:default@ProcessLibs
[2026-09-18T17:46:01.652] [DEBUG] debug-file - Executing task :entry:default@BuildJS
[2026-09-18T17:46:01.633] [DEBUG] debug-file - Create  resident worker with id: 0.
[2026-09-18T17:45:58.629] [DEBUG] debug-file - env: hvigor-config.json5 content = {
  modelVersion: '5.0.0',
  dependencies: {},
  execution: {},
  logging: {},
  debugging: {},
  nodeOptions: {}
}
[2026-09-18T17:46:01.664] [DEBUG] debug-file - Executing task :entry:default@CacheNativeLibs
[2026-09-18T17:46:01.602] [DEBUG] debug-file - Executing task :entry:default@CompileArkTS
[2026-09-18T17:45:59.256] [DEBUG] debug-file - Cache service initialization finished in 9 ms 
[2026-09-18T17:46:00.995] [DEBUG] debug-file - hvigorfile, binding system plugins [Function: appTasks]
[2026-09-18T17:46:01.140] [DEBUG] debug-file - Picking option from product 'default' with build mode 'debug'.
[2026-09-18T17:46:01.139] [DEBUG] debug-file - App plugin register hook end...
[2026-09-18T17:46:01.145] [DEBUG] debug-file - /Users/yujiantao/DevEcoStudioProjects/bang/build/cache/default/remote_hsp/remoteHspCache.json not exists.
[2026-09-18T17:46:00.995] [DEBUG] debug-file - App plugin prepare start...
[2026-09-18T17:46:01.173] [DEBUG] debug-file - Sdk init in 28 ms 
[2026-09-18T17:46:01.181] [DEBUG] debug-file - hvigorfile, begin to bind custom plugins...
[2026-09-18T17:46:01.199] [DEBUG] debug-file - module:entry no need to execute packageHap
[2026-09-18T17:46:01.194] [DEBUG] debug-file - Target 'default' config initialized
[2026-09-18T17:46:01.202] [DEBUG] debug-file - load to the disk finished
[2026-09-18T17:46:01.206] [DEBUG] debug-file - Module entry Collected Dependency: 
[2026-09-18T17:46:01.214] [DEBUG] debug-file - Task 'entry:default@PreBuild' cost while wrapping incremental declarations: 1 ms 
[2026-09-18T17:46:01.389] [DEBUG] debug-file - Task 'entry:default@GenerateMetadata' cost while wrapping incremental declarations: 1 ms 
[2026-09-18T17:46:01.396] [DEBUG] debug-file - Task 'entry:default@CreateBuildProfile' cost while wrapping incremental declarations: 3 ms 
[2026-09-18T17:46:01.397] [DEBUG] debug-file - entry : default@PreCheckSyscap cost memory 0.019561767578125
[2026-09-18T17:46:01.403] [DEBUG] debug-file - Task 'entry:default@GeneratePkgContextInfo' cost while wrapping incremental declarations: 1 ms 
[2026-09-18T17:46:01.408] [DEBUG] debug-file - entry:default@ProcessIntegratedHsp is not up-to-date, since the output file '/Users/yujiantao/DevEcoStudioProjects/bang/build/cache/default/integrated_hsp/integratedHspCache.json' does not exist.
[2026-09-18T17:46:01.410] [DEBUG] debug-file - entry : default@BuildNativeWithCmake cost memory 0.01738739013671875
[2026-09-18T17:46:01.414] [DEBUG] debug-file - Incremental task entry:default@MakePackInfo pre-execution cost: 1 ms .
[2026-09-18T17:46:01.456] [DEBUG] debug-file - Task 'entry:default@ProcessProfile' cost while wrapping incremental declarations: 1 ms 
[2026-09-18T17:46:01.414] [DEBUG] debug-file - File: '/Users/yujiantao/DevEcoStudioProjects/bang/entry/src/main/syscap.json' from 'sysCapJsonPath' is not exists, just ignore.
[2026-09-18T17:46:01.461] [DEBUG] debug-file - Incremental task entry:default@ProcessRouterMap pre-execution cost: 1 ms .
[2026-09-18T17:46:01.464] [DEBUG] debug-file - Incremental task entry:default@ProcessShareConfig pre-execution cost: 1 ms .
[2026-09-18T17:46:01.497] [DEBUG] debug-file - Task 'entry:default@ProcessResource' cost while wrapping incremental declarations: 1 ms 
[2026-09-18T17:46:01.479] [DEBUG] debug-file - entry : default@BuildNativeWithNinja cost memory 0.02371978759765625
[2026-09-18T17:46:01.466] [DEBUG] debug-file - Task 'entry:default@ProcessStartupConfig' cost while wrapping incremental declarations: 1 ms 
[2026-09-18T17:46:01.550] [DEBUG] debug-file - Task 'entry:default@GenerateLoaderJson' cost while wrapping incremental declarations: 1 ms 
[2026-09-18T17:46:01.575] [DEBUG] debug-file - Incremental task entry:default@ProcessLibs pre-execution cost: 4 ms .
[2026-09-18T17:46:01.597] [DEBUG] debug-file - File: '/Users/yujiantao/DevEcoStudioProjects/bang/entry/build/default/intermediates/binxo/default' from 'doBinxoNativeLibs' is not exists, just ignore.
[2026-09-18T17:46:01.653] [DEBUG] debug-file - Task 'entry:default@BuildJS' cost while wrapping incremental declarations: 1 ms 
[2026-09-18T17:46:01.636] [DEBUG] debug-file - Create  resident worker with id: 1.
[2026-09-18T17:45:58.629] [DEBUG] debug-file - env: daemon=false
[2026-09-18T17:46:01.664] [DEBUG] debug-file - File: '/Users/yujiantao/DevEcoStudioProjects/bang/entry/build/default/intermediates/binxo/default' from 'cacheBinxoNativeLibs' is not exists, just ignore.
[2026-09-18T17:46:01.605] [DEBUG] debug-file - obfuscationOptions: undefined
[2026-09-18T17:45:59.258] [DEBUG] debug-file - hvigorfile, resolving /Users/yujiantao/DevEcoStudioProjects/bang/hvigorfile.ts
[2026-09-18T17:46:01.593] [DEBUG] debug-file - Incremental task entry:default@CompileResource pre-execution cost: 12 ms .
[2026-09-18T17:46:01.147] [DEBUG] debug-file - Local scan or download HarmonyOS sdk components toolchains,ets,js,native,previewer
[2026-09-18T17:46:00.995] [DEBUG] debug-file - App plugin prepare end...
[2026-09-18T17:46:01.181] [DEBUG] debug-file - hvigorfile, no custom plugins were found in /Users/yujiantao/DevEcoStudioProjects/bang/hvigorfile.ts
[2026-09-18T17:46:01.141] [DEBUG] debug-file - Product 'default' build option initialized
[2026-09-18T17:46:01.194] [DEBUG] debug-file - Module 'entry' target 'default' build option initialized
[2026-09-18T17:46:01.202] [DEBUG] debug-file - Start to initialize dependency information.
[2026-09-18T17:46:01.206] [DEBUG] debug-file - Module entry's total dependency: 0
[2026-09-18T17:46:01.217] [DEBUG] debug-file - entry:default@PreBuild is not up-to-date, since the task snapshots are different.
[2026-09-18T17:46:01.389] [DEBUG] debug-file - Incremental task entry:default@GenerateMetadata pre-execution cost: 1 ms .
[2026-09-18T17:46:01.396] [DEBUG] debug-file - Incremental task entry:default@CreateBuildProfile pre-execution cost: 1 ms .
[2026-09-18T17:46:01.397] [DEBUG] debug-file - runTaskFromQueue task cost before running: 2 s 161 ms 
[2026-09-18T17:46:01.404] [DEBUG] debug-file - Incremental task entry:default@GeneratePkgContextInfo pre-execution cost: 1 ms .
[2026-09-18T17:46:01.408] [DEBUG] debug-file - Incremental task entry:default@ProcessIntegratedHsp pre-execution cost: 1 ms .
[2026-09-18T17:46:01.139] [DEBUG] debug-file - Plugin build process completed
[2026-09-18T17:46:01.414] [DEBUG] debug-file - entry : default@MakePackInfo cost memory 0.118560791015625
[2026-09-18T17:46:01.457] [DEBUG] debug-file - Incremental task entry:default@ProcessProfile pre-execution cost: 1 ms .
[2026-09-18T17:46:01.415] [DEBUG] debug-file - Task 'entry:default@SyscapTransform' cost while wrapping incremental declarations: 1 ms 
[2026-09-18T17:46:01.461] [DEBUG] debug-file - entry : default@ProcessRouterMap cost memory 0.14807891845703125
[2026-09-18T17:46:01.465] [DEBUG] debug-file - entry : default@ProcessShareConfig cost memory 0.12530517578125
[2026-09-18T17:46:01.479] [DEBUG] debug-file - runTaskFromQueue task cost before running: 2 s 243 ms 
[2026-09-18T17:46:01.467] [DEBUG] debug-file - entry:default@ProcessStartupConfig is not up-to-date, since the output file '/Users/yujiantao/DevEcoStudioProjects/bang/entry/build/default/intermediates/startup/default/startup_config.json' does not exist.
[2026-09-18T17:46:01.567] [DEBUG] debug-file - Incremental task entry:default@GenerateLoaderJson pre-execution cost: 4 ms .
[2026-09-18T17:46:01.576] [DEBUG] debug-file - entry : default@ProcessLibs cost memory 0.09625244140625
[2026-09-18T17:46:01.597] [DEBUG] debug-file - Task 'entry:default@DoNativeStrip' cost while wrapping incremental declarations: 1 ms 
[2026-09-18T17:46:01.534] [DEBUG] debug-file - Incremental task entry:default@ProcessResource pre-execution cost: 16 ms .
[2026-09-18T17:46:01.657] [DEBUG] debug-file - entry : default@BuildJS cost memory 0.15000152587890625
[2026-09-18T17:46:01.641] [DEBUG] debug-file - default@CompileArkTS work[0] is submitted.
[2026-09-18T17:45:58.629] [DEBUG] debug-file - no-daemon, use the parent process.execArgv --max-old-space-size=8192,--max-semi-space-size=16,--expose-gc
[2026-09-18T17:46:01.664] [DEBUG] debug-file - Task 'entry:default@CacheNativeLibs' cost while wrapping incremental declarations: 1 ms 
[2026-09-18T17:46:01.607] [DEBUG] debug-file - Task 'entry:default@CompileArkTS' cost while wrapping incremental declarations: 1 ms 
[2026-09-18T17:46:01.594] [DEBUG] debug-file - entry : default@CompileResource cost memory 0.7044601440429688
[2026-09-18T17:46:01.410] [DEBUG] debug-file - runTaskFromQueue task cost before running: 2 s 173 ms 
[2026-09-18T17:46:01.148] [DEBUG] debug-file - Local scan or download hmscore sdk components toolchains,ets,native
[2026-09-18T17:46:00.995] [DEBUG] debug-file - App plugin creating...
[2026-09-18T17:46:01.181] [DEBUG] debug-file - hvigorfile, resolve finished /Users/yujiantao/DevEcoStudioProjects/bang/hvigorfile.ts
[2026-09-18T17:46:01.141] [DEBUG] debug-file - End initialize project's product build option map with build mode 'debug'.
[2026-09-18T17:46:01.194] [DEBUG] debug-file - End initialize module-target build option map, moduleName=entry
[2026-09-18T17:46:01.204] [DEBUG] debug-file - Module bang Collected Dependency: 
[2026-09-18T17:46:01.207] [DEBUG] debug-file - Configuration phase cost:1 s 951 ms 
[2026-09-18T17:46:01.217] [DEBUG] debug-file - Incremental task entry:default@PreBuild pre-execution cost: 2 ms .
[2026-09-18T17:46:01.389] [DEBUG] debug-file - entry : default@GenerateMetadata cost memory 0.13382720947265625
[2026-09-18T17:46:01.396] [DEBUG] debug-file - entry : default@CreateBuildProfile cost memory 0.113311767578125
[2026-09-18T17:46:01.397] [INFO] debug-file - Finished :entry:default@PreCheckSyscap... after 1 ms 
[2026-09-18T17:46:01.404] [DEBUG] debug-file - entry : default@GeneratePkgContextInfo cost memory 0.3580780029296875
[2026-09-18T17:46:01.408] [DEBUG] debug-file - entry : default@ProcessIntegratedHsp cost memory 0.05562591552734375
[2026-09-18T17:46:01.414] [INFO] debug-file - UP-TO-DATE :entry:default@MakePackInfo...  
[2026-09-18T17:46:01.457] [DEBUG] debug-file - entry : default@ProcessProfile cost memory 0.154022216796875
[2026-09-18T17:46:01.448] [DEBUG] debug-file - entry:default@SyscapTransform is not up-to-date, since the output file '/Users/yujiantao/DevEcoStudioProjects/bang/entry/build/default/intermediates/syscap/default/rpcid.sc' does not exist.
[2026-09-18T17:46:01.462] [INFO] debug-file - UP-TO-DATE :entry:default@ProcessRouterMap...  
[2026-09-18T17:46:01.465] [INFO] debug-file - UP-TO-DATE :entry:default@ProcessShareConfig...  
[2026-09-18T17:46:01.489] [INFO] debug-file - Finished :entry:default@BuildNativeWithNinja... after 3 ms 
[2026-09-18T17:46:01.467] [DEBUG] debug-file - Incremental task entry:default@ProcessStartupConfig pre-execution cost: 1 ms .
[2026-09-18T17:46:01.567] [DEBUG] debug-file - entry : default@GenerateLoaderJson cost memory 0.46178436279296875
[2026-09-18T17:46:01.576] [INFO] debug-file - UP-TO-DATE :entry:default@ProcessLibs...  
[2026-09-18T17:46:01.598] [DEBUG] debug-file - Incremental task entry:default@DoNativeStrip pre-execution cost: 1 ms .
[2026-09-18T17:46:01.534] [DEBUG] debug-file - entry : default@ProcessResource cost memory 0.12525177001953125
[2026-09-18T17:46:01.657] [DEBUG] debug-file - runTaskFromQueue task cost before running: 2 s 420 ms 
[2026-09-18T17:46:01.641] [DEBUG] debug-file - default@CompileArkTS work[0] is pushed to ready queue.
[2026-09-18T17:46:01.665] [DEBUG] debug-file - Incremental task entry:default@CacheNativeLibs pre-execution cost: 1 ms .
[2026-09-18T17:46:01.615] [DEBUG] debug-file - entry:default@CompileArkTS is not up-to-date, since the input file '/Users/yujiantao/DevEcoStudioProjects/bang/entry/src/main/ets' has been changed.
[2026-09-18T17:46:01.595] [INFO] debug-file - UP-TO-DATE :entry:default@CompileResource...  
[2026-09-18T17:46:01.410] [INFO] debug-file - Finished :entry:default@BuildNativeWithCmake... after 1 ms 
[2026-09-18T17:46:01.182] [DEBUG] debug-file - hvigorfile, resolving /Users/yujiantao/DevEcoStudioProjects/bang/entry/hvigorfile.ts
[2026-09-18T17:46:01.195] [DEBUG] debug-file - Start initialize module-target build option map, moduleName=entry, buildMode=release
[2026-09-18T17:46:01.204] [DEBUG] debug-file - Module bang's total dependency: 0
[2026-09-18T17:46:01.208] [DEBUG] debug-file - Configuration task cost before running: 1 s 972 ms 
[2026-09-18T17:46:01.384] [DEBUG] debug-file - current product is not Atomic service.
[2026-09-18T17:46:01.389] [INFO] debug-file - UP-TO-DATE :entry:default@GenerateMetadata...  
[2026-09-18T17:46:01.397] [INFO] debug-file - UP-TO-DATE :entry:default@CreateBuildProfile...  
[2026-09-18T17:46:01.404] [INFO] debug-file - UP-TO-DATE :entry:default@GeneratePkgContextInfo...  
[2026-09-18T17:46:01.409] [DEBUG] debug-file - runTaskFromQueue task cost before running: 2 s 172 ms 
[2026-09-18T17:46:01.458] [INFO] debug-file - UP-TO-DATE :entry:default@ProcessProfile...  
[2026-09-18T17:46:01.448] [DEBUG] debug-file - Incremental task entry:default@SyscapTransform pre-execution cost: 33 ms .
[2026-09-18T17:46:01.491] [DEBUG] debug-file - restool module names: entry; moduleName=entry, taskName=default@ProcessResource
[2026-09-18T17:46:01.469] [DEBUG] debug-file - entry : default@ProcessStartupConfig cost memory 0.11197662353515625
[2026-09-18T17:46:01.568] [INFO] debug-file - UP-TO-DATE :entry:default@GenerateLoaderJson...  
[2026-09-18T17:46:01.578] [DEBUG] debug-file - restool module names: entry; moduleName=entry, taskName=default@CompileResource
[2026-09-18T17:46:01.598] [DEBUG] debug-file - entry : default@DoNativeStrip cost memory 0.0743255615234375
[2026-09-18T17:46:01.539] [INFO] debug-file - UP-TO-DATE :entry:default@ProcessResource...  
[2026-09-18T17:46:01.657] [INFO] debug-file - Finished :entry:default@BuildJS... after 5 ms 
[2026-09-18T17:46:01.641] [DEBUG] debug-file - A work dispatched to worker[7] failed because unable to get work from ready queue.
[2026-09-18T17:46:01.666] [DEBUG] debug-file - entry : default@CacheNativeLibs cost memory 0.0873565673828125
[2026-09-18T17:46:01.615] [DEBUG] debug-file - Incremental task entry:default@CompileArkTS pre-execution cost: 6 ms .
[2026-09-18T17:46:01.188] [DEBUG] debug-file - hvigorfile, require result:  { default: { system: [Function: hapTasks], plugins: [] } }
[2026-09-18T17:46:01.195] [DEBUG] debug-file - Target 'default' config initialized
[2026-09-18T17:46:01.384] [DEBUG] debug-file - Use tool [darwin: JAVA_HOME, CLASSPATH]
 [
  { JAVA_HOME: '/opt/homebrew/opt/openjdk@17' },
  { CLASSPATH: undefined }
]
[2026-09-18T17:46:01.390] [DEBUG] debug-file - Executing task :entry:default@ConfigureCmake
[2026-09-18T17:46:01.405] [DEBUG] debug-file - Executing task :entry:default@GeneratePkgSdkInfo
[2026-09-18T17:46:01.409] [INFO] debug-file - Finished :entry:default@ProcessIntegratedHsp... after 1 ms 
[2026-09-18T17:46:01.449] [DEBUG] debug-file - entry : default@SyscapTransform cost memory 0.13773345947265625
[2026-09-18T17:46:01.469] [DEBUG] debug-file - runTaskFromQueue task cost before running: 2 s 232 ms 
[2026-09-18T17:46:01.598] [INFO] debug-file - UP-TO-DATE :entry:default@DoNativeStrip...  
[2026-09-18T17:46:01.641] [DEBUG] debug-file - A work dispatched to worker[6] failed because unable to get work from ready queue.
[2026-09-18T17:46:01.666] [INFO] debug-file - UP-TO-DATE :entry:default@CacheNativeLibs...  
[2026-09-18T17:46:01.629] [DEBUG] debug-file - build config:
[2026-09-18T17:46:01.188] [DEBUG] debug-file - hvigorfile, binding system plugins [Function: hapTasks]
[2026-09-18T17:46:01.195] [DEBUG] debug-file - Module 'entry' target 'default' build option initialized
[2026-09-18T17:46:01.384] [DEBUG] debug-file - Use tool [darwin: NODE_HOME]
 [ { NODE_HOME: undefined } ]
[2026-09-18T17:46:01.390] [DEBUG] debug-file - entry : default@ConfigureCmake cost memory 0.01560211181640625
[2026-09-18T17:46:01.406] [DEBUG] debug-file - Task 'entry:default@GeneratePkgSdkInfo' cost while wrapping incremental declarations: 1 ms 
[2026-09-18T17:46:01.449] [DEBUG] debug-file - runTaskFromQueue task cost before running: 2 s 213 ms 
[2026-09-18T17:46:01.471] [INFO] debug-file - Finished :entry:default@ProcessStartupConfig... after 4 ms 
[2026-09-18T17:46:01.641] [DEBUG] debug-file - A work dispatched to worker[5] failed because unable to get work from ready queue.
[2026-09-18T17:46:01.630] [DEBUG] debug-file - {
  moduleType: 'entry',
  perf: 0,
  targetName: '.default',
  packageManagerType: 'ohpm',
  localPropertiesPath: '/Users/yujiantao/DevEcoStudioProjects/bang/local.properties',
  isPreview: false,
  isOhosTest: false,
  isLocalTest: false,
  buildMode: 'Debug',
  hotReloadBuild: undefined,
  watchMode: 'false',
  aceProfilePath: '/Users/yujiantao/DevEcoStudioProjects/bang/entry/build/default/intermediates/res/default/resources/base/profile',
  etsLoaderPath: '/Applications/DevEco-Studio.app/Contents/sdk/default/openharmony/ets/build-tools/ets-loader',
  modulePath: '/Users/yujiantao/DevEcoStudioProjects/bang/entry',
  testFrameworkPar: {
    testMode: undefined,
    coveragePathFilter: undefined,
    coverageMode: undefined
  },
  needCoverageInsert: false,
  debugLine: false,
  projectTopDir: '/Users/yujiantao/DevEcoStudioProjects/bang',
  compileSdkVersion: 24,
  compatibleSdkVersion: 12,
  originCompatibleSdkVersion: '5.0.0(12)',
  compatibleSdkVersionStage: 'beta1',
  bundleName: 'c***g',
  etsLoaderVersion: '6.1.1.125',
  etsLoaderReleaseType: 'Release',
  aotCompileMode: 'type',
  apPath: '/Users/yujiantao/DevEcoStudioProjects/bang/entry/modules.ap',
  entryModuleName: 'entry',
  entryModuleVersion: '1.0.0',
  entryPackageName: 'entry',
  allModuleNameHash: 'a0f1f6b39c100346c0a0d6c2c78f06287901f29efd59bf9215abebb99973443a',
  externalApiPaths: [ '/Applications/DevEco-Studio.app/Contents/sdk/default/hms/ets' ],
  compilerTypes: [],
  isCrossplatform: false,
  hvigorPluginFile: undefined,
  compilePluginPath: undefined,
  buildGeneratedProfilePath: '/Users/yujiantao/DevEcoStudioProjects/bang/entry/build/default/generated/profile/default',
  bundleType: 'app',
  arkTSVersion: undefined,
  apiVersion: 24,
  needCompleteSourcesMap: false,
  isFaMode: false,
  buildDir: '/Users/yujiantao/DevEcoStudioProjects/bang/entry/build',
  deviceTypes: [ 'phone', 'tablet', '2in1', 'wearable' ],
  pkgContextInfo: {
    entry: {
      packageName: 'entry',
      bundleName: '*****',
      moduleName: '',
      version: '',
      entryPath: 'src/main/',
      isSO: false,
      dependencyAlias: ''
    }
  },
  ohPackagePathMap: {},
  dependencyAliasMap: {},
  permission: {
    requestPermissions: [ [Object], [Object], [Object], [Object] ],
    definePermissions: undefined
  },
  useGetCurrentBundleName: false,
  projectArkOption: undefined,
  sourceMapDir: undefined,
  branchElimination: false,
  transformLib: undefined,
  tsImportSendable: false,
  resolveConflictMode: true,
  depName2RootPath: {},
  depName2DepInfo: {},
  depName2OhExports: {},
  rootPathSet: [ '/Users/yujiantao/DevEcoStudioProjects/bang' ],
  useNativeResolver: true,
  shouldEmitJs: true,
  useTscResolve: false,
  singleFileEmit: false,
  userProjectConfig: {
    autoLazyImport: false,
    allowEmptyBundleName: false,
    reExportCheckMode: 'noCheck',
    executionMode: 'memory',
    usePathPlaceholder: false,
    writeRollupCache: true,
    isExpandImportEnabled: false,
    expandImportExclude: '',
    lazyImportExclude: '',
    lazyImportInclude: '',
    ignoreCrossplatformCheck: false,
    isHarDeduplicateEnabled: false,
    skipOhModulesLint: false,
    enableStrictCheckOHModule: false,
    disableSendableCheckRules: [],
    useDeclarationFileSignature: false,
    customizedOptions: undefined,
    integratedHsp: false,
    isPreloadSoEnabled: false
  },
  executionMode: 'memory',
  arkCompileCachePath: '/Users/yujiantao/DevEcoStudioProjects/bang/entry/build/default/cache/default/default@CompileArkTS/esmodule',
  autoLazyFilter: undefined,
  isHarDeduplicateEnabled: false,
  intermediateHarDuplicateDirPath: '/Users/yujiantao/DevEcoStudioProjects/bang/entry/build/default/intermediates/har_duplicate/default',
  autoLazyImport: false,
  allowEmptyBundleName: false,
  reExportCheckMode: 'noCheck',
  usePathPlaceholder: false,
  writeRollupCache: true,
  isExpandImportEnabled: false,
  expandImportExclude: '',
  lazyImportExclude: '',
  lazyImportInclude: '',
  ignoreCrossplatformCheck: false,
  skipOhModulesLint: false,
  enableStrictCheckOHModule: false,
  disableSendableCheckRules: [],
  useDeclarationFileSignature: false,
  customizedOptions: undefined,
  integratedHsp: false,
  isPreloadSoEnabled: false,
  strictMode: {
    caseSensitiveCheck: true,
    useNormalizedOHMUrl: true,
    noExternalImportByPath: true
  },
  useNormalizedOHMUrl: true,
  caseSensitiveCheck: true,
  strictCheckerOnly: false,
  aceModuleJsonPath: '/Users/yujiantao/DevEcoStudioProjects/bang/entry/build/default/intermediates/res/default/ark_module.json',
  appResource: '/Users/yujiantao/DevEcoStudioProjects/bang/entry/build/default/intermediates/res/default/ResourceTable.txt',
  rawFileResource: '/Users/yujiantao/DevEcoStudioProjects/bang/entry/build/default/intermediates/res/default/resources/rawfile',
  resourceTableHash: 'e9a7d39e4c0834ee806c9512474476824fbde80b6bf661c30b39b52146d38e7e',
  runtimeOS: 'HarmonyOS',
  sdkInfo: 'false:24:6.1.1.125:Release',
  aceModuleRoot: '/Users/yujiantao/DevEcoStudioProjects/bang/entry/src/main/ets',
  compileMode: 'esmodule',
  aceSuperVisualPath: '/Users/yujiantao/DevEcoStudioProjects/bang/entry/src/main/supervisual',
  aceBuildJson: '/Users/yujiantao/DevEcoStudioProjects/bang/entry/build/default/intermediates/loader/default/loader.json',
  cachePath: '/Users/yujiantao/DevEcoStudioProjects/bang/entry/build/default/cache/default/default@CompileArkTS/esmodule/debug',
  aceModuleBuild: '/Users/yujiantao/DevEcoStudioProjects/bang/entry/build/default/intermediates/loader_out/default/ets',
  supportChunks: true,
  declaredFilesPath: undefined,
  shouldCollectDirectImportees: false,
  isByteCodeHarOptimize: false,
  expandImportPath: undefined,
  resourceTableTs: '/Users/yujiantao/DevEcoStudioProjects/bang/entry/build/default/generated/r/default/ResourceTable.ts',
  moduleMetaInfoFiles: [
    {
      filePath: '/Users/yujiantao/DevEcoStudioProjects/bang/entry/build/default/generated/r/default/ResourceTable.ts',
      ohmurl: '&entry/build/generated/r/ResourceTable&'
    }
  ],
  pkgNameToPkgBriefInfo: {
    entry: {
      pkgRoot: '/Users/yujiantao/DevEcoStudioProjects/bang/entry',
      originalSourceRoots: undefined,
      sourceRoots: [Array],
      pkgName: 'entry'
    }
  },
  projectModel: {
    '/Users/yujiantao/DevEcoStudioProjects/bang/entry/src/main': {
      moduleName: 'entry',
      modulePkgPath: '/Users/yujiantao/DevEcoStudioProjects/bang/entry',
      belongProjectPath: '/Users/yujiantao/DevEcoStudioProjects/bang'
    },
    '/Users/yujiantao/DevEcoStudioProjects/bang/entry': {
      moduleName: 'entry',
      modulePkgPath: '/Users/yujiantao/DevEcoStudioProjects/bang/entry',
      belongProjectPath: '/Users/yujiantao/DevEcoStudioProjects/bang'
    },
    '/Users/yujiantao/DevEcoStudioProjects/bang': {
      moduleName: 'bang',
      modulePkgPath: '/Users/yujiantao/DevEcoStudioProjects/bang',
      belongProjectPath: '/Users/yujiantao/DevEcoStudioProjects/bang'
    }
  },
  pkgJsonFileHash: '40b1841bbf357057c65feb3ac28ea243d081eae1882bb847cf02bca9ce23c51d',
  allModulePaths: [ '/Users/yujiantao/DevEcoStudioProjects/bang/entry' ],
  routerMap: {},
  obfuscationOptions: undefined,
  byteCodeHarToDependencyKeys: undefined,
  compileBlockPkg: [],
  mockParams: {
    decorator: '@MockSetup',
    packageName: '@ohos/hamock',
    etsSourceRootPath: 'src/main/ets',
    mockConfigPath: undefined,
    mockConfigKey2ModuleInfo: {},
    source2ModuleIdMap: {}
  },
  copyCodeResourceEnable: false,
  copyCodeResourceExcludes: [],
  copyCodeResourceIncludes: undefined,
  uiTransformOptimization: false,
  sdkPath: '/Applications/DevEco-Studio.app/Contents/sdk',
  needPreloadSoFileSet: {},
  preloadSoFilePath: '/Users/yujiantao/DevEcoStudioProjects/bang/entry/build/default/intermediates/preload/default/preload.json',
  useSourceHash: false,
  localModuleParamMap: {},
  otherPaths: {
    'entry/*': [ '../*', '../../../build/default/generated/profile/default/*' ]
  },
  collectImportersConfig: undefined
}
[2026-09-18T17:46:01.188] [DEBUG] debug-file - Starting plugin build process
[2026-09-18T17:46:01.195] [DEBUG] debug-file - End initialize module-target build option map, moduleName=entry
[2026-09-18T17:46:01.385] [DEBUG] debug-file - entry : default@PreBuild cost memory 6.0498046875
[2026-09-18T17:46:01.390] [DEBUG] debug-file - runTaskFromQueue task cost before running: 2 s 153 ms 
[2026-09-18T17:46:01.406] [DEBUG] debug-file - entry : default@GeneratePkgSdkInfo cost memory 0.13353729248046875
[2026-09-18T17:46:01.450] [INFO] debug-file - Finished :entry:default@SyscapTransform... after 35 ms 
[2026-09-18T17:46:01.642] [DEBUG] debug-file - Create  resident worker with id: 4.
[2026-09-18T17:46:01.631] [DEBUG] debug-file - Compile arkts with external api path: /Applications/DevEco-Studio.app/Contents/sdk/default/hms/ets
[2026-09-18T17:46:01.195] [DEBUG] debug-file - Start initialize module-target build option map, moduleName=entry, buildMode=debug
[2026-09-18T17:46:01.188] [DEBUG] debug-file - Hap plugin creating...
[2026-09-18T17:46:01.390] [INFO] debug-file - Finished :entry:default@ConfigureCmake... after 1 ms 
[2026-09-18T17:46:01.385] [DEBUG] debug-file - runTaskFromQueue task cost before running: 2 s 148 ms 
[2026-09-18T17:46:01.406] [DEBUG] debug-file - runTaskFromQueue task cost before running: 2 s 169 ms 
[2026-09-18T17:46:01.646] [DEBUG] debug-file - default@CompileArkTS work[0] has been dispatched to worker[4].
[2026-09-18T17:46:01.632] [DEBUG] debug-file - Since there is no instance or instance is terminated, create a new worker pool.
[2026-09-18T17:46:01.195] [DEBUG] debug-file - Target 'default' config initialized
[2026-09-18T17:46:01.390] [DEBUG] debug-file - Executing task :entry:default@MergeProfile
[2026-09-18T17:46:01.386] [INFO] debug-file - Finished :entry:default@PreBuild... after 173 ms 
[2026-09-18T17:46:01.406] [INFO] debug-file - Finished :entry:default@GeneratePkgSdkInfo... after 2 ms 
[2026-09-18T17:46:01.646] [DEBUG] debug-file - default@CompileArkTS work[0] is dispatched.
[2026-09-18T17:46:01.632] [DEBUG] debug-file - Worker pool is initialized with config:  {
  minPoolNum: 2,
  maxPoolNum: undefined,
  maxCoreSize: undefined,
  cacheCapacity: undefined,
  cacheTtl: undefined
}
[2026-09-18T17:46:01.195] [DEBUG] debug-file - Module 'entry' target 'default' build option initialized
[2026-09-18T17:46:01.391] [DEBUG] debug-file - Task 'entry:default@MergeProfile' cost while wrapping incremental declarations: 1 ms 
[2026-09-18T17:46:01.387] [DEBUG] debug-file - Executing task :entry:default@CreateModuleInfo
[2026-09-18T17:46:01.195] [DEBUG] debug-file - End initialize module-target build option map, moduleName=entry
[2026-09-18T17:46:01.392] [DEBUG] debug-file - Incremental task entry:default@MergeProfile pre-execution cost: 1 ms .
[2026-09-18T17:46:01.387] [DEBUG] debug-file - Task 'entry:default@CreateModuleInfo' cost while wrapping incremental declarations: 1 ms 
[2026-09-18T17:46:01.646] [DEBUG] debug-file - entry : default@CompileArkTS cost memory 2.02923583984375
[2026-09-18T17:46:01.195] [DEBUG] debug-file - Obtain build option for module 'entry' target 'default'in this build.
[2026-09-18T17:46:01.392] [DEBUG] debug-file - entry : default@MergeProfile cost memory 0.1400299072265625
[2026-09-18T17:46:01.387] [DEBUG] debug-file - entry : default@CreateModuleInfo cost memory 0.0545806884765625
[2026-09-18T17:46:01.199] [DEBUG] debug-file - Module entry task initialization takes 3 ms 
[2026-09-18T17:46:01.392] [INFO] debug-file - UP-TO-DATE :entry:default@MergeProfile...  
[2026-09-18T17:46:01.387] [DEBUG] debug-file - runTaskFromQueue task cost before running: 2 s 150 ms 
[2026-09-18T17:46:01.199] [DEBUG] debug-file - Hap plugin register hook start...
[2026-09-18T17:46:01.387] [INFO] debug-file - Finished :entry:default@CreateModuleInfo... after 1 ms 
[2026-09-18T17:46:01.199] [DEBUG] debug-file - Hap plugin register hook end...
[2026-09-18T17:46:01.199] [DEBUG] debug-file - Plugin build process completed
[2026-09-18T17:46:01.199] [DEBUG] debug-file - hvigorfile, begin to bind custom plugins...
[2026-09-18T17:46:01.199] [DEBUG] debug-file - hvigorfile, no custom plugins were found in /Users/yujiantao/DevEcoStudioProjects/bang/entry/hvigorfile.ts
[2026-09-18T17:46:01.199] [DEBUG] debug-file - hvigorfile, resolve finished /Users/yujiantao/DevEcoStudioProjects/bang/entry/hvigorfile.ts
[2026-09-18T17:46:33.199] [WARN] debug-file - [33mWARN: [33m[33mArkTS:WARN File: /Users/yujiantao/DevEcoStudioProjects/bang/entry/src/main/ets/service/SystemTrainingService.ets:98:75
 The system capacity of this api 'resultCode' is not supported on all devices
[39m[39m
[33mWARN: [33m[33mArkTS:WARN File: /Users/yujiantao/DevEcoStudioProjects/bang/entry/src/main/ets/service/SystemTrainingService.ets:98:105
 The system capacity of this api 'message' is not supported on all devices
[39m[39m
[33mWARN: [33m[33mArkTS:WARN File: /Users/yujiantao/DevEcoStudioProjects/bang/entry/src/main/ets/service/SystemTrainingService.ets:156:53
 The system capacity of this api 'liveViewManager' is not supported on all devices
[39m[39m
[33mWARN: [33m[33mArkTS:WARN File: /Users/yujiantao/DevEcoStudioProjects/bang/entry/src/main/ets/service/SystemTrainingService.ets:156:69
 The system capacity of this api 'isLiveViewEnabled' is not supported on all devices
[39m[39m
[33mWARN: [33m[33mArkTS:WARN File: /Users/yujiantao/DevEcoStudioProjects/bang/entry/src/main/ets/service/SystemTrainingService.ets:271:51
 The system capacity of this api 'liveViewManager' is not supported on all devices
[39m[39m
[33mWARN: [33m[33mArkTS:WARN File: /Users/yujiantao/DevEcoStudioProjects/bang/entry/src/main/ets/service/SystemTrainingService.ets:271:67
 The system capacity of this api 'stopLiveView' is not supported on all devices
[39m[39m
[33mWARN: [33m[33mArkTS:WARN File: /Users/yujiantao/DevEcoStudioProjects/bang/entry/src/main/ets/service/SystemTrainingService.ets:304:22
 The system capacity of this api 'liveViewManager' is not supported on all devices
[39m[39m
[33mWARN: [33m[33mArkTS:WARN File: /Users/yujiantao/DevEcoStudioProjects/bang/entry/src/main/ets/service/SystemTrainingService.ets:304:38
 The system capacity of this api 'getActiveLiveView' is not supported on all devices
[39m[39m
[33mWARN: [33m[33mArkTS:WARN File: /Users/yujiantao/DevEcoStudioProjects/bang/entry/src/main/ets/service/SystemTrainingService.ets:311:43
 The system capacity of this api 'sequence' is not supported on all devices
[39m[39m
[33mWARN: [33m[33mArkTS:WARN File: /Users/yujiantao/DevEcoStudioProjects/bang/entry/src/main/ets/service/SystemTrainingService.ets:311:79
 The system capacity of this api 'sequence' is not supported on all devices
[39m[39m
[33mWARN: [33m[33mArkTS:WARN File: /Users/yujiantao/DevEcoStudioProjects/bang/entry/src/main/ets/service/SystemTrainingService.ets:315:51
 The system capacity of this api 'liveViewManager' is not supported on all devices
[39m[39m
[33mWARN: [33m[33mArkTS:WARN File: /Users/yujiantao/DevEcoStudioProjects/bang/entry/src/main/ets/service/SystemTrainingService.ets:315:67
 The system capacity of this api 'stopLiveView' is not supported on all devices
[39m[39m
[33mWARN: [33m[33mArkTS:WARN File: /Users/yujiantao/DevEcoStudioProjects/bang/entry/src/main/ets/service/SystemTrainingService.ets:335:107
 The system capacity of this api 'liveViewManager' is not supported on all devices
[39m[39m
[33mWARN: [33m[33mArkTS:WARN File: /Users/yujiantao/DevEcoStudioProjects/bang/entry/src/main/ets/service/SystemTrainingService.ets:335:123
 The system capacity of this api 'startLiveView' is not supported on all devices
[39m[39m
[33mWARN: [33m[33mArkTS:WARN File: /Users/yujiantao/DevEcoStudioProjects/bang/entry/src/main/ets/service/SystemTrainingService.ets:336:27
 The system capacity of this api 'resultCode' is not supported on all devices
[39m[39m
[33mWARN: [33m[33mArkTS:WARN File: /Users/yujiantao/DevEcoStudioProjects/bang/entry/src/main/ets/service/SystemTrainingService.ets:337:69
 The system capacity of this api 'resultCode' is not supported on all devices
[39m[39m
[33mWARN: [33m[33mArkTS:WARN File: /Users/yujiantao/DevEcoStudioProjects/bang/entry/src/main/ets/service/SystemTrainingService.ets:337:104
 The system capacity of this api 'message' is not supported on all devices
[39m[39m
[33mWARN: [33m[33mArkTS:WARN File: /Users/yujiantao/DevEcoStudioProjects/bang/entry/src/main/ets/service/SystemTrainingService.ets:340:88
 The system capacity of this api 'resultCode' is not supported on all devices
[39m[39m
[33mWARN: [33m[33mArkTS:WARN File: /Users/yujiantao/DevEcoStudioProjects/bang/entry/src/main/ets/service/SystemTrainingService.ets:348:109
 The system capacity of this api 'liveViewManager' is not supported on all devices
[39m[39m
[33mWARN: [33m[33mArkTS:WARN File: /Users/yujiantao/DevEcoStudioProjects/bang/entry/src/main/ets/service/SystemTrainingService.ets:348:125
 The system capacity of this api 'startLiveView' is not supported on all devices
[39m[39m
[33mWARN: [33m[33mArkTS:WARN File: /Users/yujiantao/DevEcoStudioProjects/bang/entry/src/main/ets/service/SystemTrainingService.ets:349:29
 The system capacity of this api 'resultCode' is not supported on all devices
[39m[39m
[33mWARN: [33m[33mArkTS:WARN File: /Users/yujiantao/DevEcoStudioProjects/bang/entry/src/main/ets/service/SystemTrainingService.ets:350:77
 The system capacity of this api 'resultCode' is not supported on all devices
[39m[39m
[33mWARN: [33m[33mArkTS:WARN File: /Users/yujiantao/DevEcoStudioProjects/bang/entry/src/main/ets/service/SystemTrainingService.ets:350:112
 The system capacity of this api 'message' is not supported on all devices
[39m[39m
[33mWARN: [33m[33mArkTS:WARN File: /Users/yujiantao/DevEcoStudioProjects/bang/entry/src/main/ets/service/SystemTrainingService.ets:353:96
 The system capacity of this api 'resultCode' is not supported on all devices
[39m[39m
[33mWARN: [33m[33mArkTS:WARN File: /Users/yujiantao/DevEcoStudioProjects/bang/entry/src/main/ets/service/SystemTrainingService.ets:362:98
 The system capacity of this api 'liveViewManager' is not supported on all devices
[39m[39m
[33mWARN: [33m[33mArkTS:WARN File: /Users/yujiantao/DevEcoStudioProjects/bang/entry/src/main/ets/service/SystemTrainingService.ets:362:114
 The system capacity of this api 'updateLiveView' is not supported on all devices
[39m[39m
[33mWARN: [33m[33mArkTS:WARN File: /Users/yujiantao/DevEcoStudioProjects/bang/entry/src/main/ets/service/SystemTrainingService.ets:363:18
 The system capacity of this api 'resultCode' is not supported on all devices
[39m[39m
[33mWARN: [33m[33mArkTS:WARN File: /Users/yujiantao/DevEcoStudioProjects/bang/entry/src/main/ets/service/SystemTrainingService.ets:364:61
 The system capacity of this api 'resultCode' is not supported on all devices
[39m[39m
[33mWARN: [33m[33mArkTS:WARN File: /Users/yujiantao/DevEcoStudioProjects/bang/entry/src/main/ets/service/SystemTrainingService.ets:364:91
 The system capacity of this api 'message' is not supported on all devices
[39m[39m
[33mWARN: [33m[33mArkTS:WARN File: /Users/yujiantao/DevEcoStudioProjects/bang/entry/src/main/ets/service/SystemTrainingService.ets:366:80
 The system capacity of this api 'resultCode' is not supported on all devices
[39m[39m
[33mWARN: [33m[33mArkTS:WARN File: /Users/yujiantao/DevEcoStudioProjects/bang/entry/src/main/ets/service/SystemTrainingService.ets:375:58
 The system capacity of this api 'liveViewManager' is not supported on all devices
[39m[39m
[33mWARN: [33m[33mArkTS:WARN File: /Users/yujiantao/DevEcoStudioProjects/bang/entry/src/main/ets/service/SystemTrainingService.ets:375:74
 The system capacity of this api 'getActiveLiveView' is not supported on all devices
[39m[39m
[33mWARN: [33m[33mArkTS:WARN File: /Users/yujiantao/DevEcoStudioProjects/bang/entry/src/main/ets/service/SystemTrainingService.ets:376:49
 The system capacity of this api 'sequence' is not supported on all devices
[39m[39m
[33mWARN: [33m[33mArkTS:WARN File: /Users/yujiantao/DevEcoStudioProjects/bang/entry/src/main/ets/service/SystemTrainingService.ets:376:85
 The system capacity of this api 'sequence' is not supported on all devices
[39m[39m
[33mWARN: [33m[33mArkTS:WARN File: /Users/yujiantao/DevEcoStudioProjects/bang/entry/src/main/ets/service/SystemTrainingService.ets:381:110
 The system capacity of this api 'liveViewManager' is not supported on all devices
[39m[39m
[33mWARN: [33m[33mArkTS:WARN File: /Users/yujiantao/DevEcoStudioProjects/bang/entry/src/main/ets/service/SystemTrainingService.ets:381:126
 The system capacity of this api 'updateLiveView' is not supported on all devices
[39m[39m
[33mWARN: [33m[33mArkTS:WARN File: /Users/yujiantao/DevEcoStudioProjects/bang/entry/src/main/ets/service/SystemTrainingService.ets:382:30
 The system capacity of this api 'resultCode' is not supported on all devices
[39m[39m
[33mWARN: [33m[33mArkTS:WARN File: /Users/yujiantao/DevEcoStudioProjects/bang/entry/src/main/ets/service/SystemTrainingService.ets:384:101
 The system capacity of this api 'resultCode' is not supported on all devices
[39m[39m
[33mWARN: [33m[33mArkTS:WARN File: /Users/yujiantao/DevEcoStudioProjects/bang/entry/src/main/ets/service/SystemTrainingService.ets:387:71
 The system capacity of this api 'resultCode' is not supported on all devices
[39m[39m
[33mWARN: [33m[33mArkTS:WARN File: /Users/yujiantao/DevEcoStudioProjects/bang/entry/src/main/ets/service/SystemTrainingService.ets:387:109
 The system capacity of this api 'message' is not supported on all devices
[39m[39m
[33mWARN: [33m[33mArkTS:WARN File: /Users/yujiantao/DevEcoStudioProjects/bang/entry/src/main/ets/service/SystemTrainingService.ets:602:19
 The system capacity of this api 'liveViewManager' is not supported on all devices
[39m[39m
[33mWARN: [33m[33mArkTS:WARN File: /Users/yujiantao/DevEcoStudioProjects/bang/entry/src/main/ets/service/SystemTrainingService.ets:602:35
 The system capacity of this api 'ExtensionType' is not supported on all devices
[39m[39m
[33mWARN: [33m[33mArkTS:WARN File: /Users/yujiantao/DevEcoStudioProjects/bang/entry/src/main/ets/service/SystemTrainingService.ets:602:49
 The system capacity of this api 'EXTENSION_TYPE_CAPSULE_TEXT' is not supported on all devices
[39m[39m
[33mWARN: [33m[33mArkTS:WARN File: /Users/yujiantao/DevEcoStudioProjects/bang/entry/src/main/ets/service/SystemTrainingService.ets:606:25
 The system capacity of this api 'liveViewManager' is not supported on all devices
[39m[39m
[33mWARN: [33m[33mArkTS:WARN File: /Users/yujiantao/DevEcoStudioProjects/bang/entry/src/main/ets/service/SystemTrainingService.ets:606:41
 The system capacity of this api 'LayoutType' is not supported on all devices
[39m[39m
[33mWARN: [33m[33mArkTS:WARN File: /Users/yujiantao/DevEcoStudioProjects/bang/entry/src/main/ets/service/SystemTrainingService.ets:606:52
 The system capacity of this api 'LAYOUT_TYPE_PROGRESS' is not supported on all devices
[39m[39m
[33mWARN: [33m[33mArkTS:WARN File: /Users/yujiantao/DevEcoStudioProjects/bang/entry/src/main/ets/service/SystemTrainingService.ets:610:28
 The system capacity of this api 'liveViewManager' is not supported on all devices
[39m[39m
[33mWARN: [33m[33mArkTS:WARN File: /Users/yujiantao/DevEcoStudioProjects/bang/entry/src/main/ets/service/SystemTrainingService.ets:610:44
 The system capacity of this api 'IndicatorType' is not supported on all devices
[39m[39m
[33mWARN: [33m[33mArkTS:WARN File: /Users/yujiantao/DevEcoStudioProjects/bang/entry/src/main/ets/service/SystemTrainingService.ets:610:58
 The system capacity of this api 'INDICATOR_TYPE_UNDISPLAYED' is not supported on all devices
[39m[39m
[33mWARN: [33m[33mArkTS:WARN File: /Users/yujiantao/DevEcoStudioProjects/bang/entry/src/main/ets/service/SystemTrainingService.ets:611:23
 The system capacity of this api 'liveViewManager' is not supported on all devices
[39m[39m
[33mWARN: [33m[33mArkTS:WARN File: /Users/yujiantao/DevEcoStudioProjects/bang/entry/src/main/ets/service/SystemTrainingService.ets:611:39
 The system capacity of this api 'LineType' is not supported on all devices
[39m[39m
[33mWARN: [33m[33mArkTS:WARN File: /Users/yujiantao/DevEcoStudioProjects/bang/entry/src/main/ets/service/SystemTrainingService.ets:611:48
 The system capacity of this api 'LINE_TYPE_THICK_SOLID_LINE' is not supported on all devices
[39m[39m
[33mWARN: [33m[33mArkTS:WARN File: /Users/yujiantao/DevEcoStudioProjects/bang/entry/src/main/ets/service/SystemTrainingService.ets:623:17
 The system capacity of this api 'liveViewManager' is not supported on all devices
[39m[39m
[33mWARN: [33m[33mArkTS:WARN File: /Users/yujiantao/DevEcoStudioProjects/bang/entry/src/main/ets/service/SystemTrainingService.ets:623:33
 The system capacity of this api 'CapsuleType' is not supported on all devices
[39m[39m
[33mWARN: [33m[33mArkTS:WARN File: /Users/yujiantao/DevEcoStudioProjects/bang/entry/src/main/ets/service/SystemTrainingService.ets:623:45
 The system capacity of this api 'CAPSULE_TYPE_TIMER' is not supported on all devices
[39m[39m
[33mWARN: [33m[33mArkTS:WARN File: /Users/yujiantao/DevEcoStudioProjects/bang/entry/src/main/ets/service/VoiceService.ets:118:27
 The system capacity of this api 'stop' is not supported on all devices
[39m[39m
[33mWARN: [33m[33mArkTS:WARN File: /Users/yujiantao/DevEcoStudioProjects/bang/entry/src/main/ets/service/VoiceService.ets:189:31
 The system capacity of this api 'shutdown' is not supported on all devices
[39m[39m
[33mWARN: [33m[33mArkTS:WARN File: /Users/yujiantao/DevEcoStudioProjects/bang/entry/src/main/ets/service/VoiceService.ets:191:37
 The system capacity of this api 'textToSpeech' is not supported on all devices
[39m[39m
[33mWARN: [33m[33mArkTS:WARN File: /Users/yujiantao/DevEcoStudioProjects/bang/entry/src/main/ets/service/VoiceService.ets:191:50
 The system capacity of this api 'createEngine' is not supported on all devices
[39m[39m
[33mWARN: [33m[33mArkTS:WARN File: /Users/yujiantao/DevEcoStudioProjects/bang/entry/src/main/ets/service/VoiceService.ets:203:29
 The system capacity of this api 'setListener' is not supported on all devices
[39m[39m
[33mWARN: [33m[33mArkTS:WARN File: /Users/yujiantao/DevEcoStudioProjects/bang/entry/src/main/ets/service/VoiceService.ets:213:27
 The system capacity of this api 'speak' is not supported on all devices
[39m[39m

[2026-09-18T17:46:33.206] [DEBUG] debug-file - Ark compile task finished.finished time is 1500155090172666
[2026-09-18T17:46:33.218] [DEBUG] debug-file - worker[4] has one work done.
[2026-09-18T17:46:33.224] [DEBUG] debug-file - default@CompileArkTS work[0] done.
[2026-09-18T17:46:33.252] [DEBUG] debug-file - Executing task :entry:default@PackageHap
[2026-09-18T17:46:33.277] [DEBUG] debug-file - default@PackageHap work[1] is submitted.
[2026-09-18T17:46:33.237] [INFO] debug-file - Finished :entry:default@CompileArkTS... after 30 s 13 ms 
[2026-09-18T17:46:33.266] [DEBUG] debug-file - entry:default@PackageHap is not up-to-date, since the input file '/Users/yujiantao/DevEcoStudioProjects/bang/entry/build/default/intermediates/loader_out/default/ets' has been changed.
[2026-09-18T17:46:33.279] [DEBUG] debug-file - default@PackageHap work[1] is pushed to ready queue.
[2026-09-18T17:46:33.238] [DEBUG] debug-file - Executing task :entry:default@GeneratePkgModuleJson
[2026-09-18T17:46:33.267] [DEBUG] debug-file - Incremental task entry:default@PackageHap pre-execution cost: 14 ms .
[2026-09-18T17:46:33.279] [DEBUG] debug-file - default@PackageHap work[1] is not dispatched.
[2026-09-18T17:46:33.239] [DEBUG] debug-file - File: '/Users/yujiantao/DevEcoStudioProjects/bang/entry/build/default/intermediates/preload/default/preload.json' from 'preloadSoJsonPath' is not exists, just ignore.
[2026-09-18T17:46:33.273] [DEBUG] debug-file - Use tool [/Applications/DevEco-Studio.app/Contents/sdk/default/openharmony/toolchains/lib/app_packing_tool.jar]
 [
  'java',
  '-Dfile.encoding=utf-8',
  '-jar',
  '/Applications/DevEco-Studio.app/Contents/sdk/default/openharmony/toolchains/lib/app_packing_tool.jar',
  '--mode',
  'hap',
  '--force',
  'true',
  '--lib-path',
  '/Users/yujiantao/DevEcoStudioProjects/bang/entry/build/default/intermediates/stripped_native_libs/default',
  '--json-path',
  '/Users/yujiantao/DevEcoStudioProjects/bang/entry/build/default/intermediates/package/default/module.json',
  '--resources-path',
  '/Users/yujiantao/DevEcoStudioProjects/bang/entry/build/default/intermediates/res/default/resources',
  '--index-path',
  '/Users/yujiantao/DevEcoStudioProjects/bang/entry/build/default/intermediates/res/default/resources.index',
  '--pack-info-path',
  '/Users/yujiantao/DevEcoStudioProjects/bang/entry/build/default/outputs/default/pack.info',
  '--out-path',
  '/Users/yujiantao/DevEcoStudioProjects/bang/entry/build/default/outputs/default/entry-default-unsigned.hap',
  '--ets-path',
  '/Users/yujiantao/DevEcoStudioProjects/bang/entry/build/default/intermediates/loader_out/default/ets',
  '--pkg-context-path',
  '/Users/yujiantao/DevEcoStudioProjects/bang/entry/build/default/intermediates/loader/default/pkgContextInfo.json'
]
[2026-09-18T17:46:33.292] [DEBUG] debug-file - entry : default@PackageHap cost memory -0.23374176025390625
[2026-09-18T17:46:33.239] [DEBUG] debug-file - Error occurs while handling @Input 'shouldDeduplicateHar': The "data" argument must be of type string or an instance of Buffer, TypedArray, or DataView. Received undefined
[2026-09-18T17:46:33.239] [DEBUG] debug-file - Task 'entry:default@GeneratePkgModuleJson' cost while wrapping incremental declarations: 1 ms 
[2026-09-18T17:46:33.241] [DEBUG] debug-file - Incremental task entry:default@GeneratePkgModuleJson pre-execution cost: 1 ms .
[2026-09-18T17:46:33.241] [DEBUG] debug-file - entry : default@GeneratePkgModuleJson cost memory 0.07190704345703125
[2026-09-18T17:46:33.241] [INFO] debug-file - UP-TO-DATE :entry:default@GeneratePkgModuleJson...  
[2026-09-18T17:46:33.242] [DEBUG] debug-file - Executing task :entry:default@ProcessCompiledResources
[2026-09-18T17:46:33.242] [DEBUG] debug-file - File: '/Users/yujiantao/DevEcoStudioProjects/bang/entry/build/default/intermediates/preload/default/preload.json' from 'preloadSoJsonPath' is not exists, just ignore.
[2026-09-18T17:46:33.242] [DEBUG] debug-file - Task 'entry:default@ProcessCompiledResources' cost while wrapping incremental declarations: 1 ms 
[2026-09-18T17:46:33.242] [DEBUG] debug-file - entry : default@ProcessCompiledResources cost memory 0.0462188720703125
[2026-09-18T17:46:33.242] [DEBUG] debug-file - runTaskFromQueue task cost before running: 34 s 5 ms 
[2026-09-18T17:46:33.242] [INFO] debug-file - Finished :entry:default@ProcessCompiledResources... after 1 ms 
[2026-09-18T17:46:33.481] [DEBUG] debug-file - A work dispatched to worker[7] failed because unable to get work from ready queue.
[2026-09-18T17:46:33.481] [DEBUG] debug-file - Create  resident worker with id: 6.
[2026-09-18T17:46:33.486] [DEBUG] debug-file - default@PackageHap work[1] has been dispatched to worker[6].
[2026-09-18T17:46:34.041] [DEBUG] debug-file - A work dispatched to worker[4] failed because unable to get work from ready queue.
[2026-09-18T17:46:34.784] [DEBUG] debug-file - current process  memoryUsage: {
  rss: 270565376,
  heapTotal: 78184448,
  heapUsed: 54129416,
  external: 3666901,
  arrayBuffers: 18667
} os memoryUsage :15.81646728515625
[2026-09-18T17:46:35.606] [DEBUG] debug-file - worker[6] has one work done.
[2026-09-18T17:46:35.607] [DEBUG] debug-file - default@PackageHap work[1] done.
[2026-09-18T17:46:35.614] [DEBUG] debug-file - Executing task :entry:default@PackingCheck
[2026-09-18T17:46:35.685] [DEBUG] debug-file - current process  memoryUsage: {
  rss: 179634176,
  heapTotal: 115490816,
  heapUsed: 112269488,
  external: 3811587,
  arrayBuffers: 91360
} os memoryUsage :15.82769775390625
[2026-09-18T17:46:35.610] [INFO] debug-file - Finished :entry:default@PackageHap... after 869 ms 
[2026-09-18T17:46:35.645] [DEBUG] debug-file - Executing task :entry:default@SignHap
[2026-09-18T17:46:35.635] [DEBUG] debug-file - entry : default@PackingCheck cost memory 0.0290069580078125
[2026-09-18T17:46:35.646] [DEBUG] debug-file - entry:default@SignHap is not up-to-date, since the input file '/Users/yujiantao/DevEcoStudioProjects/bang/entry/build/default/outputs/default/entry-default-unsigned.hap' has been changed.
[2026-09-18T17:46:35.635] [DEBUG] debug-file - runTaskFromQueue task cost before running: 36 s 398 ms 
[2026-09-18T17:46:35.646] [DEBUG] debug-file - Incremental task entry:default@SignHap pre-execution cost: 1 ms .
[2026-09-18T17:46:35.638] [INFO] debug-file - Finished :entry:default@PackingCheck... after 21 ms 
[2026-09-18T17:46:36.123] [DEBUG] debug-file - A work dispatched to worker[6] failed because unable to get work from ready queue.
[2026-09-18T17:46:37.346] [DEBUG] debug-file - 09-18 17:46:37.342  INFO - Start verify-profile

[2026-09-18T17:46:37.791] [DEBUG] debug-file - 09-18 17:46:37.790  INFO - verify-profile success

[2026-09-18T17:46:37.807] [DEBUG] debug-file - current process  memoryUsage: {
  rss: 50085888,
  heapTotal: 115490816,
  heapUsed: 112002304,
  external: 3808155,
  arrayBuffers: 87960
} os memoryUsage :15.717926025390625
[2026-09-18T17:46:38.814] [DEBUG] debug-file - 09-18 17:46:38.814  INFO - Start sign-app

[2026-09-18T17:46:39.064] [DEBUG] debug-file - 09-18 17:46:39.063  INFO - certificate in profile: 俞建涛(1389902721670239361)\,Development

[2026-09-18T17:46:39.111] [DEBUG] debug-file - 09-18 17:46:39.111  INFO - Start to sign code.

[2026-09-18T17:46:39.114] [DEBUG] debug-file - 09-18 17:46:39.114  INFO - profile type is: debug

[2026-09-18T17:46:39.152] [DEBUG] debug-file - 09-18 17:46:39.151  INFO - /Users/yujiantao/.ohos/config/auto_bang_7YrzqJE1rIOdvZ_BTS9A9UF3By8y4SWYB3-MGJb9VSs=.p12 is exist. Try to load it with given passwd

[2026-09-18T17:46:39.288] [DEBUG] debug-file - 09-18 17:46:39.288  INFO - Create a sign info successfully.

[2026-09-18T17:46:39.300] [DEBUG] debug-file - 09-18 17:46:39.300  INFO - Create a sign info successfully.

[2026-09-18T17:46:39.306] [DEBUG] debug-file - 09-18 17:46:39.305  INFO - No native libs.

[2026-09-18T17:46:39.307] [DEBUG] debug-file - 09-18 17:46:39.307  INFO - Sign successfully.

[2026-09-18T17:46:39.320] [DEBUG] debug-file - 09-18 17:46:39.320  INFO - Add sign data in sign info list success.

[2026-09-18T17:46:39.324] [DEBUG] debug-file - 09-18 17:46:39.323  INFO - Generate signing block success, begin write it to output file

[2026-09-18T17:46:39.325] [DEBUG] debug-file - 09-18 17:46:39.324  INFO - Sign Hap success!

[2026-09-18T17:46:39.325] [DEBUG] debug-file - 09-18 17:46:39.325  INFO - sign-app success

[2026-09-18T17:46:39.334] [DEBUG] debug-file - entry : default@SignHap cost memory 0.39109039306640625
[2026-09-18T17:46:39.334] [DEBUG] debug-file - runTaskFromQueue task cost before running: 40 s 97 ms 
[2026-09-18T17:46:39.338] [DEBUG] debug-file - Executing task :entry:default@CollectDebugSymbol
[2026-09-18T17:46:39.338] [DEBUG] debug-file - entry : default@CollectDebugSymbol cost memory 0.0800933837890625
[2026-09-18T17:46:39.336] [INFO] debug-file - Finished :entry:default@SignHap... after 3 s 689 ms 
[2026-09-18T17:46:39.341] [DEBUG] debug-file - runTaskFromQueue task cost before running: 40 s 104 ms 
[2026-09-18T17:46:39.341] [INFO] debug-file - Finished :entry:default@CollectDebugSymbol... after 4 ms 
[2026-09-18T17:46:39.342] [DEBUG] debug-file - Executing task :entry:assembleHap
[2026-09-18T17:46:39.342] [DEBUG] debug-file - entry : assembleHap cost memory 0.01287841796875
[2026-09-18T17:46:39.342] [DEBUG] debug-file - runTaskFromQueue task cost before running: 40 s 105 ms 
[2026-09-18T17:46:39.342] [INFO] debug-file - Finished :entry:assembleHap... after 1 ms 
[2026-09-18T17:46:39.343] [INFO] debug-file - BUILD SUCCESSFUL in 40 s 106 ms 
[2026-09-18T17:46:39.344] [DEBUG] debug-file - Update task entry:default@PreBuild input file:/Users/yujiantao/DevEcoStudioProjects/bang/AppScope/app.json5 cache by regenerate.
[2026-09-18T17:46:39.344] [DEBUG] debug-file - Update task entry:default@PreBuild input file:/Users/yujiantao/DevEcoStudioProjects/bang/entry/src/main/module.json5 cache by regenerate.
[2026-09-18T17:46:39.344] [DEBUG] debug-file - Update task entry:default@PreBuild input file:/Users/yujiantao/DevEcoStudioProjects/bang/build-profile.json5 cache by regenerate.
[2026-09-18T17:46:39.344] [DEBUG] debug-file - Update task entry:default@PreBuild input file:/Users/yujiantao/DevEcoStudioProjects/bang/entry/build-profile.json5 cache by regenerate.
[2026-09-18T17:46:39.344] [DEBUG] debug-file - Update task entry:default@PreBuild input file:/Users/yujiantao/DevEcoStudioProjects/bang/entry/src/main/resources/base/profile/main_pages.json cache by regenerate.
[2026-09-18T17:46:39.344] [DEBUG] debug-file - Update task entry:default@PreBuild input file:/Users/yujiantao/DevEcoStudioProjects/bang/hvigor/hvigor-config.json5 cache by regenerate.
[2026-09-18T17:46:39.344] [DEBUG] debug-file - Update task entry:default@PreBuild input file:/Users/yujiantao/DevEcoStudioProjects/bang/entry/oh-package.json5 cache by regenerate.
[2026-09-18T17:46:39.344] [DEBUG] debug-file - Update task entry:default@PreBuild input file:/Users/yujiantao/DevEcoStudioProjects/bang/oh-package.json5 cache by regenerate.
[2026-09-18T17:46:39.345] [DEBUG] debug-file - Incremental task entry:default@PreBuild post-execution cost:1 ms .
[2026-09-18T17:46:39.345] [DEBUG] debug-file - Update task entry:default@CreateModuleInfo output file:/Users/yujiantao/DevEcoStudioProjects/bang/entry/build/default/generated/profile/default/ModuleInfo.ts cache.
[2026-09-18T17:46:39.345] [DEBUG] debug-file - Incremental task entry:default@CreateModuleInfo post-execution cost:1 ms .
[2026-09-18T17:46:39.345] [DEBUG] debug-file - There is no need to refresh cache, since the incremental task entry:default@GenerateMetadata is up-to-date.
[2026-09-18T17:46:39.345] [DEBUG] debug-file - There is no need to refresh cache, since the incremental task entry:default@MergeProfile is up-to-date.
[2026-09-18T17:46:39.345] [DEBUG] debug-file - There is no need to refresh cache, since the incremental task entry:default@CreateBuildProfile is up-to-date.
[2026-09-18T17:46:39.345] [DEBUG] debug-file - There is no need to refresh cache, since the incremental task entry:default@GeneratePkgContextInfo is up-to-date.
[2026-09-18T17:46:39.345] [DEBUG] debug-file - Update task entry:default@GeneratePkgSdkInfo output file:/Users/yujiantao/DevEcoStudioProjects/bang/entry/build/default/intermediates/loader/default/pkgSdkInfo.json cache.
[2026-09-18T17:46:39.345] [DEBUG] debug-file - Incremental task entry:default@GeneratePkgSdkInfo post-execution cost:1 ms .
[2026-09-18T17:46:39.345] [DEBUG] debug-file - Update task entry:default@ProcessIntegratedHsp output file:/Users/yujiantao/DevEcoStudioProjects/bang/build/cache/default/integrated_hsp/integratedHspCache.json cache.
[2026-09-18T17:46:39.345] [DEBUG] debug-file - Incremental task entry:default@ProcessIntegratedHsp post-execution cost:1 ms .
[2026-09-18T17:46:39.345] [DEBUG] debug-file - There is no need to refresh cache, since the incremental task entry:default@MakePackInfo is up-to-date.
[2026-09-18T17:46:39.345] [DEBUG] debug-file - Update task entry:default@SyscapTransform input file:/Applications/DevEco-Studio.app/Contents/sdk/default/openharmony/toolchains/syscap_tool cache by regenerate.
[2026-09-18T17:46:39.345] [DEBUG] debug-file - Update task entry:default@SyscapTransform input file:/Applications/DevEco-Studio.app/Contents/sdk/default/openharmony/ets/api/device-define cache by regenerate.
[2026-09-18T17:46:39.345] [DEBUG] debug-file - Update task entry:default@SyscapTransform output file:/Users/yujiantao/DevEcoStudioProjects/bang/entry/build/default/intermediates/syscap/default/rpcid.sc cache.
[2026-09-18T17:46:39.346] [DEBUG] debug-file - Incremental task entry:default@SyscapTransform post-execution cost:1 ms .
[2026-09-18T17:46:39.346] [DEBUG] debug-file - There is no need to refresh cache, since the incremental task entry:default@ProcessProfile is up-to-date.
[2026-09-18T17:46:39.346] [DEBUG] debug-file - There is no need to refresh cache, since the incremental task entry:default@ProcessRouterMap is up-to-date.
[2026-09-18T17:46:39.346] [DEBUG] debug-file - There is no need to refresh cache, since the incremental task entry:default@ProcessShareConfig is up-to-date.
[2026-09-18T17:46:39.346] [DEBUG] debug-file - Update task entry:default@ProcessStartupConfig input file:/Users/yujiantao/DevEcoStudioProjects/bang/entry/build/default/intermediates/loader/default/pkgContextInfo.json cache by regenerate.
[2026-09-18T17:46:39.346] [DEBUG] debug-file - Update task entry:default@ProcessStartupConfig output file:/Users/yujiantao/DevEcoStudioProjects/bang/entry/build/default/intermediates/startup/default/startup_config.json cache.
[2026-09-18T17:46:39.346] [DEBUG] debug-file - Incremental task entry:default@ProcessStartupConfig post-execution cost:1 ms .
[2026-09-18T17:46:39.346] [DEBUG] debug-file - There is no need to refresh cache, since the incremental task entry:default@ProcessResource is up-to-date.
[2026-09-18T17:46:39.346] [DEBUG] debug-file - There is no need to refresh cache, since the incremental task entry:default@GenerateLoaderJson is up-to-date.
[2026-09-18T17:46:39.346] [DEBUG] debug-file - There is no need to refresh cache, since the incremental task entry:default@ProcessLibs is up-to-date.
[2026-09-18T17:46:39.346] [DEBUG] debug-file - There is no need to refresh cache, since the incremental task entry:default@CompileResource is up-to-date.
[2026-09-18T17:46:39.346] [DEBUG] debug-file - There is no need to refresh cache, since the incremental task entry:default@DoNativeStrip is up-to-date.
[2026-09-18T17:46:39.346] [DEBUG] debug-file - Update task entry:default@CompileArkTS input file:/Users/yujiantao/DevEcoStudioProjects/bang/entry/build/default/intermediates/loader/default cache by regenerate.
[2026-09-18T17:46:39.347] [DEBUG] debug-file - Update task entry:default@CompileArkTS input file:/Users/yujiantao/DevEcoStudioProjects/bang/entry/build/default/intermediates/res/default/resources/rawfile cache by regenerate.
[2026-09-18T17:46:39.348] [DEBUG] debug-file - Update task entry:default@CompileArkTS input file:/Users/yujiantao/DevEcoStudioProjects/bang/entry/build/default/intermediates/res/default/ResourceTable.txt cache by regenerate.
[2026-09-18T17:46:39.348] [DEBUG] debug-file - Update task entry:default@CompileArkTS input file:/Users/yujiantao/DevEcoStudioProjects/bang/entry/build/default/intermediates/res/default/ark_module.json cache by regenerate.
[2026-09-18T17:46:39.348] [DEBUG] debug-file - Update task entry:default@CompileArkTS input file:/Users/yujiantao/DevEcoStudioProjects/bang/entry/build/default/intermediates/res/default/resources/base/profile cache by regenerate.
[2026-09-18T17:46:39.348] [DEBUG] debug-file - Update task entry:default@CompileArkTS input file:/Users/yujiantao/DevEcoStudioProjects/bang/entry/src/main/ets cache from map.
[2026-09-18T17:46:39.348] [DEBUG] debug-file - Update task entry:default@CompileArkTS input file:/Users/yujiantao/DevEcoStudioProjects/bang/entry/build/default/intermediates/loader/default/pkgContextInfo.json cache by regenerate.
[2026-09-18T17:46:39.348] [DEBUG] debug-file - Update task entry:default@CompileArkTS input file:/Users/yujiantao/DevEcoStudioProjects/bang/entry/build/default/generated/profile/default/BuildProfile.ets cache by regenerate.
[2026-09-18T17:46:39.348] [DEBUG] debug-file - Update task entry:default@CompileArkTS output file:/Users/yujiantao/DevEcoStudioProjects/bang/entry/build/default/intermediates/loader_out/default/ets cache.
[2026-09-18T17:46:39.348] [DEBUG] debug-file - Incremental task entry:default@CompileArkTS post-execution cost:3 ms .
[2026-09-18T17:46:39.349] [DEBUG] debug-file - Update task entry:default@BuildJS input file:/Users/yujiantao/DevEcoStudioProjects/bang/entry/build/default/intermediates/loader/default cache by regenerate.
[2026-09-18T17:46:39.350] [DEBUG] debug-file - Update task entry:default@BuildJS input file:/Users/yujiantao/DevEcoStudioProjects/bang/entry/build/default/intermediates/res/default/resources/rawfile cache by regenerate.
[2026-09-18T17:46:39.351] [DEBUG] debug-file - Update task entry:default@BuildJS input file:/Users/yujiantao/DevEcoStudioProjects/bang/entry/build/default/intermediates/res/default/ResourceTable.txt cache by regenerate.
[2026-09-18T17:46:39.351] [DEBUG] debug-file - Update task entry:default@BuildJS input file:/Users/yujiantao/DevEcoStudioProjects/bang/entry/build/default/intermediates/res/default/ark_module.json cache by regenerate.
[2026-09-18T17:46:39.351] [DEBUG] debug-file - Update task entry:default@BuildJS input file:/Users/yujiantao/DevEcoStudioProjects/bang/entry/build/default/intermediates/res/default/resources/base/profile cache by regenerate.
[2026-09-18T17:46:39.351] [DEBUG] debug-file - Update task entry:default@BuildJS input file:/Users/yujiantao/DevEcoStudioProjects/bang/entry/build/default/intermediates/loader/default/pkgContextInfo.json cache by regenerate.
[2026-09-18T17:46:39.351] [DEBUG] debug-file - Update task entry:default@BuildJS output file:/Users/yujiantao/DevEcoStudioProjects/bang/entry/build/default/intermediates/loader_out/default/js cache.
[2026-09-18T17:46:39.351] [DEBUG] debug-file - Incremental task entry:default@BuildJS post-execution cost:3 ms .
[2026-09-18T17:46:39.351] [DEBUG] debug-file - There is no need to refresh cache, since the incremental task entry:default@CacheNativeLibs is up-to-date.
[2026-09-18T17:46:39.351] [DEBUG] debug-file - There is no need to refresh cache, since the incremental task entry:default@GeneratePkgModuleJson is up-to-date.
[2026-09-18T17:46:39.351] [DEBUG] debug-file - Incremental task entry:default@ProcessCompiledResources post-execution cost:1 ms .
[2026-09-18T17:46:39.351] [DEBUG] debug-file - Update task entry:default@PackageHap input file:/Users/yujiantao/DevEcoStudioProjects/bang/entry/build/default/intermediates/stripped_native_libs/default cache by regenerate.
[2026-09-18T17:46:39.351] [DEBUG] debug-file - Update task entry:default@PackageHap input file:/Users/yujiantao/DevEcoStudioProjects/bang/entry/build/default/intermediates/res/default/module.json cache by regenerate.
[2026-09-18T17:46:39.352] [DEBUG] debug-file - Update task entry:default@PackageHap input file:/Users/yujiantao/DevEcoStudioProjects/bang/entry/build/default/intermediates/res/default/resources cache by regenerate.
[2026-09-18T17:46:39.353] [DEBUG] debug-file - Update task entry:default@PackageHap input file:/Users/yujiantao/DevEcoStudioProjects/bang/entry/build/default/intermediates/res/default/resources.index cache by regenerate.
[2026-09-18T17:46:39.353] [DEBUG] debug-file - Update task entry:default@PackageHap input file:/Users/yujiantao/DevEcoStudioProjects/bang/entry/build/default/outputs/default/pack.info cache by regenerate.
[2026-09-18T17:46:39.353] [DEBUG] debug-file - Update task entry:default@PackageHap input file:/Users/yujiantao/DevEcoStudioProjects/bang/entry/build/default/intermediates/loader_out/default/ets cache from map.
[2026-09-18T17:46:39.353] [DEBUG] debug-file - Update task entry:default@PackageHap input file:/Users/yujiantao/DevEcoStudioProjects/bang/entry/build/default/intermediates/loader/default/pkgContextInfo.json cache by regenerate.
[2026-09-18T17:46:39.353] [DEBUG] debug-file - Update task entry:default@PackageHap input file:/Users/yujiantao/DevEcoStudioProjects/bang/entry/build/default/intermediates/loader_out/default/ets/sourceMaps.map cache by regenerate.
[2026-09-18T17:46:39.353] [DEBUG] debug-file - Update task entry:default@PackageHap input file:/Users/yujiantao/DevEcoStudioProjects/bang/entry/build/default/generated/profile/default/BuildProfile.ets cache by regenerate.
[2026-09-18T17:46:39.353] [DEBUG] debug-file - Update task entry:default@PackageHap output file:/Users/yujiantao/DevEcoStudioProjects/bang/entry/build/default/outputs/default/entry-default-unsigned.hap cache.
[2026-09-18T17:46:39.353] [DEBUG] debug-file - Update task entry:default@PackageHap output file:/Users/yujiantao/DevEcoStudioProjects/bang/entry/build/default/intermediates/source_map/default/sourceMaps.map cache.
[2026-09-18T17:46:39.353] [DEBUG] debug-file - Update task entry:default@PackageHap output file:/Users/yujiantao/DevEcoStudioProjects/bang/entry/build/default/outputs/default/mapping/sourceMaps.map cache.
[2026-09-18T17:46:39.353] [DEBUG] debug-file - Incremental task entry:default@PackageHap post-execution cost:3 ms .
[2026-09-18T17:46:39.353] [DEBUG] debug-file - Update task entry:default@SignHap input file:/Users/yujiantao/.ohos/config/auto_bang_7YrzqJE1rIOdvZ_BTS9A9UF3By8y4SWYB3-MGJb9VSs=.cer cache by regenerate.
[2026-09-18T17:46:39.353] [DEBUG] debug-file - Update task entry:default@SignHap input file:/Users/yujiantao/.ohos/config/auto_bang_7YrzqJE1rIOdvZ_BTS9A9UF3By8y4SWYB3-MGJb9VSs=.p7b cache by regenerate.
[2026-09-18T17:46:39.353] [DEBUG] debug-file - Update task entry:default@SignHap input file:/Users/yujiantao/.ohos/config/auto_bang_7YrzqJE1rIOdvZ_BTS9A9UF3By8y4SWYB3-MGJb9VSs=.p12 cache by regenerate.
[2026-09-18T17:46:39.353] [DEBUG] debug-file - Update task entry:default@SignHap input file:/Users/yujiantao/DevEcoStudioProjects/bang/entry/build/default/outputs/default/entry-default-unsigned.hap cache from map.
[2026-09-18T17:46:39.353] [DEBUG] debug-file - Update task entry:default@SignHap output file:/Users/yujiantao/DevEcoStudioProjects/bang/entry/build/default/outputs/default/entry-default-signed.hap cache.
[2026-09-18T17:46:39.353] [DEBUG] debug-file - Incremental task entry:default@SignHap post-execution cost:1 ms .
[2026-09-18T17:46:39.353] [DEBUG] debug-file - Update task entry:default@CollectDebugSymbol input file:/Users/yujiantao/DevEcoStudioProjects/bang/entry/build/default/intermediates/loader_out/default/ets/sourceMaps.map cache by regenerate.
[2026-09-18T17:46:39.354] [DEBUG] debug-file - Update task entry:default@CollectDebugSymbol input file:/Users/yujiantao/DevEcoStudioProjects/bang/entry/build/default/intermediates/libs/default cache by regenerate.
[2026-09-18T17:46:39.354] [DEBUG] debug-file - Update task entry:default@CollectDebugSymbol output file:/Users/yujiantao/DevEcoStudioProjects/bang/entry/build/default/outputs/default/symbol cache.
[2026-09-18T17:46:39.354] [DEBUG] debug-file - Incremental task entry:default@CollectDebugSymbol post-execution cost:1 ms .
[2026-09-18T17:46:39.372] [DEBUG] debug-file - Current worker pool is stopped or closed.
[2026-09-18T17:46:39.373] [DEBUG] debug-file - Clear worker 0.
[2026-09-18T17:46:39.374] [DEBUG] debug-file - Worker 0 has been cleared.
[2026-09-18T17:46:39.374] [DEBUG] debug-file - Current idle worker size: 3.
[2026-09-18T17:46:39.374] [DEBUG] debug-file - Current busy worker size: 0.
[2026-09-18T17:46:39.374] [DEBUG] debug-file - Clear worker 1.
[2026-09-18T17:46:39.374] [DEBUG] debug-file - Worker 1 has been cleared.
[2026-09-18T17:46:39.374] [DEBUG] debug-file - Current idle worker size: 2.
[2026-09-18T17:46:39.374] [DEBUG] debug-file - Current busy worker size: 0.
[2026-09-18T17:46:39.374] [DEBUG] debug-file - Clear worker 4.
[2026-09-18T17:46:39.374] [DEBUG] debug-file - Worker 4 has been cleared.
[2026-09-18T17:46:39.374] [DEBUG] debug-file - Current idle worker size: 1.
[2026-09-18T17:46:39.374] [DEBUG] debug-file - Current busy worker size: 0.
[2026-09-18T17:46:39.374] [DEBUG] debug-file - Clear worker 6.
[2026-09-18T17:46:39.374] [DEBUG] debug-file - Worker 6 has been cleared.
[2026-09-18T17:46:39.374] [DEBUG] debug-file - Current idle worker size: 0.
[2026-09-18T17:46:39.374] [DEBUG] debug-file - Current busy worker size: 0.
[2026-09-18T17:46:39.375] [DEBUG] debug-file - hvigor build process will be closed.
[2026-09-18T17:46:39.389] [DEBUG] debug-file - worker[0] exits with exit code 1.
[2026-09-18T17:46:39.389] [DEBUG] debug-file - worker[6] exits with exit code 1.
[2026-09-18T17:46:39.391] [DEBUG] debug-file - Current worker pool is terminated.
[2026-09-18T17:46:39.391] [DEBUG] debug-file - worker[1] exits with exit code 1.
[2026-09-18T17:46:39.456] [DEBUG] debug-file - worker[4] exits with exit code 1.
[2026-09-18T17:47:12.728] [DEBUG] debug-file - session manager: set active socket. socketId=2Dkn6Ywn2y2VcHY5AABZ
[2026-09-18T17:47:13.084] [DEBUG] debug-file - watch worker: worker id should be larger than 0. Nothing will be sent to any worker thread.
[2026-09-18T17:47:13.566] [DEBUG] debug-file - Workers' log level updated to INFO
[2026-09-18T17:47:13.718] [DEBUG] debug-file - Hvigor init with startParameters:{
  hvigorfileTypeCheck: false,
  parallelExecution: true,
  incrementalExecution: true,
  printStackTrace: false,
  daemon: true,
  analyze: 0,
  logLevel: Level { level: 20000, levelStr: 'INFO', colour: 'green' },
  optimizationStrategy: 'memory',
  hotCompile: undefined,
  hotReloadBuild: undefined,
  customizedParam: undefined
}
[2026-09-18T17:47:13.992] [DEBUG] debug-file - Cache service initialization finished in 263 ms 
[2026-09-18T17:47:14.005] [DEBUG] debug-file - hvigorfile, resolving /Users/yujiantao/DevEcoStudioProjects/bang/hvigorfile.ts
[2026-09-18T17:47:14.214] [DEBUG] debug-file - hvigorfile, require result:  { default: { plugins: [] } }
[2026-09-18T17:47:14.214] [DEBUG] debug-file - hvigorfile, binding system plugins null
[2026-09-18T17:47:14.225] [DEBUG] debug-file - Starting plugin build process
[2026-09-18T17:47:14.226] [DEBUG] debug-file - App plugin prepare start...
[2026-09-18T17:47:14.238] [DEBUG] debug-file - App plugin prepare end...
[2026-09-18T17:47:14.239] [DEBUG] debug-file - App plugin creating...
[2026-09-18T17:47:14.288] [DEBUG] debug-file - App plugin register hook start...
[2026-09-18T17:47:14.289] [DEBUG] debug-file - App plugin register hook end...
[2026-09-18T17:47:14.289] [DEBUG] debug-file - Plugin build process completed
[2026-09-18T17:47:14.296] [DEBUG] debug-file - Start initialize project's product build option map with build mode debug.
[2026-09-18T17:47:14.297] [DEBUG] debug-file - Picking option from product 'default' with build mode 'debug'.
[2026-09-18T17:47:14.297] [DEBUG] debug-file - Product 'default' build option initialized
[2026-09-18T17:47:14.297] [DEBUG] debug-file - End initialize project's product build option map with build mode 'debug'.
[2026-09-18T17:47:14.298] [DEBUG] debug-file - Obtain build option for product 'default'in this build.
[2026-09-18T17:47:14.304] [DEBUG] debug-file - /Users/yujiantao/DevEcoStudioProjects/bang/build/cache/default/remote_hsp/remoteHspCache.json not exists.
[2026-09-18T17:47:14.322] [DEBUG] debug-file - Start recording SDK configuration permission data.
[2026-09-18T17:47:14.770] [DEBUG] debug-file - Sdk init in 459 ms 
[2026-09-18T17:47:14.775] [DEBUG] debug-file - Project task initialization takes 5 ms 
[2026-09-18T17:47:14.775] [DEBUG] debug-file - hvigorfile, begin to bind custom plugins...
[2026-09-18T17:47:14.775] [DEBUG] debug-file - hvigorfile, no custom plugins were found in /Users/yujiantao/DevEcoStudioProjects/bang/hvigorfile.ts
[2026-09-18T17:47:14.775] [DEBUG] debug-file - hvigorfile, resolve finished /Users/yujiantao/DevEcoStudioProjects/bang/hvigorfile.ts
[2026-09-18T17:47:14.775] [DEBUG] debug-file - hvigorfile, resolving /Users/yujiantao/DevEcoStudioProjects/bang/entry/hvigorfile.ts
[2026-09-18T17:47:14.782] [DEBUG] debug-file - hvigorfile, require result:  { default: { plugins: [] } }
[2026-09-18T17:47:14.782] [DEBUG] debug-file - hvigorfile, binding system plugins null
[2026-09-18T17:47:14.782] [DEBUG] debug-file - Starting plugin build process
[2026-09-18T17:47:14.782] [DEBUG] debug-file - Hap plugin creating...
[2026-09-18T17:47:14.785] [DEBUG] debug-file - failed to load cangjie to dynamically generate schemas: Error: Cannot find module '@ohos/cangjie-build-support/index'
Require stack:
- /Applications/DevEco-Studio.app/Contents/tools/hvigor/hvigor-ohos-plugin/src/plugin/hooks/cangjie-register.js
- /Applications/DevEco-Studio.app/Contents/tools/hvigor/hvigor-ohos-plugin/src/plugin/strategy/stage-init-strategy.js
- /Applications/DevEco-Studio.app/Contents/tools/hvigor/hvigor-ohos-plugin/src/plugin/builder/abstract-plugin-builder.js
- /Applications/DevEco-Studio.app/Contents/tools/hvigor/hvigor-ohos-plugin/src/plugin/builder/app-plugin-builder.js
- /Applications/DevEco-Studio.app/Contents/tools/hvigor/hvigor-ohos-plugin/src/plugin/factory/plugin-factory.js
- /Applications/DevEco-Studio.app/Contents/tools/hvigor/hvigor-ohos-plugin/index.js
- /Users/yujiantao/DevEcoStudioProjects/bang/hvigorfile.ts
- /Applications/DevEco-Studio.app/Contents/tools/hvigor/hvigor/src/base/internal/lifecycle/configuration.js
- /Applications/DevEco-Studio.app/Contents/tools/hvigor/hvigor/src/base/boot/index.js
- /Applications/DevEco-Studio.app/Contents/tools/hvigor/hvigor/src/base/daemon/cluster/worker-process-lifecycle.js
- /Applications/DevEco-Studio.app/Contents/tools/hvigor/hvigor/src/base/daemon/process/daemon-process-boot-script.js
[2026-09-18T17:47:14.793] [DEBUG] debug-file - Start initialize module-target build option map, moduleName=entry, buildMode=debug
[2026-09-18T17:47:14.793] [DEBUG] debug-file - Target 'default' config initialized
[2026-09-18T17:47:14.793] [DEBUG] debug-file - Module 'entry' target 'default' build option initialized
[2026-09-18T17:47:14.793] [DEBUG] debug-file - End initialize module-target build option map, moduleName=entry
[2026-09-18T17:47:14.794] [DEBUG] debug-file - Start initialize module-target build option map, moduleName=entry, buildMode=release
[2026-09-18T17:47:14.794] [DEBUG] debug-file - Target 'default' config initialized
[2026-09-18T17:47:14.794] [DEBUG] debug-file - Module 'entry' target 'default' build option initialized
[2026-09-18T17:47:14.794] [DEBUG] debug-file - End initialize module-target build option map, moduleName=entry
[2026-09-18T17:47:14.794] [DEBUG] debug-file - Start initialize module-target build option map, moduleName=entry, buildMode=debug
[2026-09-18T17:47:14.794] [DEBUG] debug-file - Target 'default' config initialized
[2026-09-18T17:47:14.794] [DEBUG] debug-file - Module 'entry' target 'default' build option initialized
[2026-09-18T17:47:14.794] [DEBUG] debug-file - End initialize module-target build option map, moduleName=entry
[2026-09-18T17:47:14.794] [DEBUG] debug-file - Obtain build option for module 'entry' target 'default'in this build.
[2026-09-18T17:47:14.798] [DEBUG] debug-file - Module entry task initialization takes 2 ms 
[2026-09-18T17:47:14.798] [DEBUG] debug-file - Hap plugin register hook start...
[2026-09-18T17:47:14.798] [DEBUG] debug-file - Hap plugin register hook end...
[2026-09-18T17:47:14.798] [DEBUG] debug-file - Plugin build process completed
[2026-09-18T17:47:14.798] [DEBUG] debug-file - hvigorfile, begin to bind custom plugins...
[2026-09-18T17:47:14.798] [DEBUG] debug-file - hvigorfile, no custom plugins were found in /Users/yujiantao/DevEcoStudioProjects/bang/entry/hvigorfile.ts
[2026-09-18T17:47:14.798] [DEBUG] debug-file - hvigorfile, resolve finished /Users/yujiantao/DevEcoStudioProjects/bang/entry/hvigorfile.ts
[2026-09-18T17:47:15.048] [DEBUG] debug-file - hvigorfile, resolve hvigorfile dependencies in 249 ms 
[2026-09-18T17:47:15.055] [DEBUG] debug-file - project has submodules:entry
[2026-09-18T17:47:15.056] [DEBUG] debug-file - module:entry no need to execute packageHap
[2026-09-18T17:47:15.080] [DEBUG] debug-file - start to load updatedOhPackageInfo to the disk
[2026-09-18T17:47:15.086] [DEBUG] debug-file - load to the disk finished
[2026-09-18T17:47:15.089] [DEBUG] debug-file - Start to initialize dependency information.
[2026-09-18T17:47:15.093] [DEBUG] debug-file - Module bang Collected Dependency: 
[2026-09-18T17:47:15.093] [DEBUG] debug-file - Module bang's total dependency: 0
[2026-09-18T17:47:15.096] [DEBUG] debug-file - Start to initialize dependency information.
[2026-09-18T17:47:15.097] [DEBUG] debug-file - Module entry Collected Dependency: 
[2026-09-18T17:47:15.097] [DEBUG] debug-file - Module entry's total dependency: 0
[2026-09-18T17:47:15.102] [DEBUG] debug-file - Configuration phase cost:1 s 110 ms 
[2026-09-18T17:47:15.103] [DEBUG] debug-file - Configuration task cost before running: 1 s 514 ms 
[2026-09-18T17:47:15.110] [DEBUG] debug-file - Executing task :entry:default@PreBuild
[2026-09-18T17:47:15.163] [DEBUG] debug-file - Task 'entry:default@PreBuild' cost while wrapping incremental declarations: 1 ms 
[2026-09-18T17:47:15.170] [DEBUG] debug-file - entry:default@PreBuild is not up-to-date, since the task snapshots are different.
[2026-09-18T17:47:15.170] [DEBUG] debug-file - Incremental task entry:default@PreBuild pre-execution cost: 6 ms .
[2026-09-18T17:47:15.183] [DEBUG] debug-file - current product is not Atomic service.
[2026-09-18T17:47:15.183] [DEBUG] debug-file - Use tool [darwin: JAVA_HOME, CLASSPATH]
 [
  {
    JAVA_HOME: '/Applications/DevEco-Studio.app/Contents/jbr/Contents/Home'
  },
  { CLASSPATH: undefined }
]
[2026-09-18T17:47:15.183] [DEBUG] debug-file - Use tool [darwin: NODE_HOME]
 [
  {
    NODE_HOME: '/Applications/DevEco-Studio.app/Contents/tools/node/bin'
  }
]
[2026-09-18T17:47:15.185] [DEBUG] debug-file - entry : default@PreBuild cost memory 0.9060745239257812
[2026-09-18T17:47:15.187] [DEBUG] debug-file - runTaskFromQueue task cost before running: 1 s 596 ms 
[2026-09-18T17:47:15.189] [INFO] debug-file - Finished :entry:default@PreBuild... after 76 ms 
[2026-09-18T17:47:15.189] [DEBUG] debug-file - Executing task :entry:default@CreateModuleInfo
[2026-09-18T17:47:15.189] [DEBUG] debug-file - Task 'entry:default@CreateModuleInfo' cost while wrapping incremental declarations: 1 ms 
[2026-09-18T17:47:15.193] [DEBUG] debug-file - entry : default@CreateModuleInfo cost memory 0.03553009033203125
[2026-09-18T17:47:15.193] [DEBUG] debug-file - runTaskFromQueue task cost before running: 1 s 603 ms 
[2026-09-18T17:47:15.199] [INFO] debug-file - Finished :entry:default@CreateModuleInfo... after 4 ms 
[2026-09-18T17:47:15.208] [DEBUG] debug-file - Executing task :entry:default@GenerateMetadata
[2026-09-18T17:47:15.208] [DEBUG] debug-file - Task 'entry:default@GenerateMetadata' cost while wrapping incremental declarations: 1 ms 
[2026-09-18T17:47:15.215] [DEBUG] debug-file - Incremental task entry:default@GenerateMetadata pre-execution cost: 6 ms .
[2026-09-18T17:47:15.215] [DEBUG] debug-file - entry : default@GenerateMetadata cost memory 0.07173919677734375
[2026-09-18T17:47:15.218] [INFO] debug-file - UP-TO-DATE :entry:default@GenerateMetadata...  
[2026-09-18T17:47:15.229] [DEBUG] debug-file - Executing task :entry:default@ConfigureCmake
[2026-09-18T17:47:15.233] [DEBUG] debug-file - entry : default@ConfigureCmake cost memory 0.01345062255859375
[2026-09-18T17:47:15.240] [DEBUG] debug-file - runTaskFromQueue task cost before running: 1 s 650 ms 
[2026-09-18T17:47:15.313] [INFO] debug-file - Finished :entry:default@ConfigureCmake... after 10 ms 
[2026-09-18T17:47:15.632] [DEBUG] debug-file - Executing task :entry:default@MergeProfile
[2026-09-18T17:47:15.633] [DEBUG] debug-file - Task 'entry:default@MergeProfile' cost while wrapping incremental declarations: 1 ms 
[2026-09-18T17:47:15.654] [DEBUG] debug-file - Incremental task entry:default@MergeProfile pre-execution cost: 16 ms .
[2026-09-18T17:47:15.654] [DEBUG] debug-file - entry : default@MergeProfile cost memory 0.1173858642578125
[2026-09-18T17:47:15.654] [INFO] debug-file - UP-TO-DATE :entry:default@MergeProfile...  
[2026-09-18T17:47:15.656] [DEBUG] debug-file - Executing task :entry:default@CreateBuildProfile
[2026-09-18T17:47:15.656] [DEBUG] debug-file - Task 'entry:default@CreateBuildProfile' cost while wrapping incremental declarations: 1 ms 
[2026-09-18T17:47:15.659] [DEBUG] debug-file - Incremental task entry:default@CreateBuildProfile pre-execution cost: 3 ms .
[2026-09-18T17:47:15.660] [DEBUG] debug-file - entry : default@CreateBuildProfile cost memory 0.08429718017578125
[2026-09-18T17:47:15.660] [INFO] debug-file - UP-TO-DATE :entry:default@CreateBuildProfile...  
[2026-09-18T17:47:15.663] [DEBUG] debug-file - Executing task :entry:default@PreCheckSyscap
[2026-09-18T17:47:15.663] [DEBUG] debug-file - entry : default@PreCheckSyscap cost memory 0.013671875
[2026-09-18T17:47:15.663] [DEBUG] debug-file - runTaskFromQueue task cost before running: 2 s 74 ms 
[2026-09-18T17:47:15.663] [INFO] debug-file - Finished :entry:default@PreCheckSyscap... after 1 ms 
[2026-09-18T17:47:15.665] [DEBUG] debug-file - Executing task :entry:default@GeneratePkgContextInfo
[2026-09-18T17:47:15.668] [DEBUG] debug-file - Task 'entry:default@GeneratePkgContextInfo' cost while wrapping incremental declarations: 1 ms 
[2026-09-18T17:47:15.669] [DEBUG] debug-file - Incremental task entry:default@GeneratePkgContextInfo pre-execution cost: 1 ms .
[2026-09-18T17:47:15.669] [DEBUG] debug-file - entry : default@GeneratePkgContextInfo cost memory 0.20435333251953125
[2026-09-18T17:47:15.669] [INFO] debug-file - UP-TO-DATE :entry:default@GeneratePkgContextInfo...  
[2026-09-18T17:47:15.669] [DEBUG] debug-file - Executing task :entry:default@GeneratePkgSdkInfo
[2026-09-18T17:47:15.670] [DEBUG] debug-file - Task 'entry:default@GeneratePkgSdkInfo' cost while wrapping incremental declarations: 1 ms 
[2026-09-18T17:47:15.670] [DEBUG] debug-file - entry : default@GeneratePkgSdkInfo cost memory 0.07050323486328125
[2026-09-18T17:47:15.670] [DEBUG] debug-file - runTaskFromQueue task cost before running: 2 s 81 ms 
[2026-09-18T17:47:15.670] [INFO] debug-file - Finished :entry:default@GeneratePkgSdkInfo... after 1 ms 
[2026-09-18T17:47:15.844] [DEBUG] debug-file - Executing task :entry:default@ProcessIntegratedHsp
[2026-09-18T17:47:15.897] [DEBUG] debug-file - entry:default@ProcessIntegratedHsp is not up-to-date, since the output file '/Users/yujiantao/DevEcoStudioProjects/bang/build/cache/default/integrated_hsp/integratedHspCache.json' does not exist.
[2026-09-18T17:47:15.908] [DEBUG] debug-file - Incremental task entry:default@ProcessIntegratedHsp pre-execution cost: 52 ms .
[2026-09-18T17:47:15.912] [DEBUG] debug-file - entry : default@ProcessIntegratedHsp cost memory 0.0563812255859375
[2026-09-18T17:47:15.921] [DEBUG] debug-file - runTaskFromQueue task cost before running: 2 s 324 ms 
[2026-09-18T17:47:15.939] [INFO] debug-file - Finished :entry:default@ProcessIntegratedHsp... after 71 ms 
[2026-09-18T17:47:15.942] [DEBUG] debug-file - Executing task :entry:default@BuildNativeWithCmake
[2026-09-18T17:47:15.942] [DEBUG] debug-file - entry : default@BuildNativeWithCmake cost memory 0.01352691650390625
[2026-09-18T17:47:15.945] [DEBUG] debug-file - runTaskFromQueue task cost before running: 2 s 356 ms 
[2026-09-18T17:47:15.946] [INFO] debug-file - Finished :entry:default@BuildNativeWithCmake... after 3 ms 
[2026-09-18T17:47:15.947] [DEBUG] debug-file - Executing task :entry:default@MakePackInfo
[2026-09-18T17:47:15.966] [DEBUG] debug-file - Incremental task entry:default@MakePackInfo pre-execution cost: 7 ms .
[2026-09-18T17:47:15.966] [DEBUG] debug-file - entry : default@MakePackInfo cost memory 0.09658050537109375
[2026-09-18T17:47:15.966] [INFO] debug-file - UP-TO-DATE :entry:default@MakePackInfo...  
[2026-09-18T17:47:15.967] [DEBUG] debug-file - Executing task :entry:default@SyscapTransform
[2026-09-18T17:47:15.967] [DEBUG] debug-file - File: '/Users/yujiantao/DevEcoStudioProjects/bang/entry/src/main/syscap.json' from 'sysCapJsonPath' is not exists, just ignore.
[2026-09-18T17:47:15.967] [DEBUG] debug-file - Task 'entry:default@SyscapTransform' cost while wrapping incremental declarations: 1 ms 
[2026-09-18T17:47:15.972] [DEBUG] debug-file - entry:default@SyscapTransform is not up-to-date, since the output file '/Users/yujiantao/DevEcoStudioProjects/bang/entry/build/default/intermediates/syscap/default/rpcid.sc' does not exist.
[2026-09-18T17:47:15.973] [DEBUG] debug-file - Incremental task entry:default@SyscapTransform pre-execution cost: 5 ms .
[2026-09-18T17:47:15.973] [DEBUG] debug-file - entry : default@SyscapTransform cost memory 0.10459136962890625
[2026-09-18T17:47:15.973] [DEBUG] debug-file - runTaskFromQueue task cost before running: 2 s 384 ms 
[2026-09-18T17:47:15.973] [INFO] debug-file - Finished :entry:default@SyscapTransform... after 6 ms 
[2026-09-18T17:47:15.978] [DEBUG] debug-file - Executing task :entry:default@ProcessProfile
[2026-09-18T17:47:15.980] [DEBUG] debug-file - Task 'entry:default@ProcessProfile' cost while wrapping incremental declarations: 1 ms 
[2026-09-18T17:47:15.982] [DEBUG] debug-file - Incremental task entry:default@ProcessProfile pre-execution cost: 1 ms .
[2026-09-18T17:47:15.982] [DEBUG] debug-file - entry : default@ProcessProfile cost memory 0.12239837646484375
[2026-09-18T17:47:15.983] [INFO] debug-file - UP-TO-DATE :entry:default@ProcessProfile...  
[2026-09-18T17:47:15.987] [DEBUG] debug-file - Executing task :entry:default@ProcessRouterMap
[2026-09-18T17:47:15.992] [DEBUG] debug-file - Incremental task entry:default@ProcessRouterMap pre-execution cost: 1 ms .
[2026-09-18T17:47:15.992] [DEBUG] debug-file - entry : default@ProcessRouterMap cost memory 0.1211700439453125
[2026-09-18T17:47:16.008] [INFO] debug-file - UP-TO-DATE :entry:default@ProcessRouterMap...  
[2026-09-18T17:47:16.017] [DEBUG] debug-file - Executing task :entry:default@ProcessShareConfig
[2026-09-18T17:47:16.020] [DEBUG] debug-file - Incremental task entry:default@ProcessShareConfig pre-execution cost: 2 ms .
[2026-09-18T17:47:16.020] [DEBUG] debug-file - entry : default@ProcessShareConfig cost memory 0.10707855224609375
[2026-09-18T17:47:16.021] [INFO] debug-file - UP-TO-DATE :entry:default@ProcessShareConfig...  
[2026-09-18T17:47:16.021] [DEBUG] debug-file - Executing task :entry:default@ProcessStartupConfig
[2026-09-18T17:47:16.021] [DEBUG] debug-file - Task 'entry:default@ProcessStartupConfig' cost while wrapping incremental declarations: 1 ms 
[2026-09-18T17:47:16.023] [DEBUG] debug-file - entry:default@ProcessStartupConfig is not up-to-date, since the output file '/Users/yujiantao/DevEcoStudioProjects/bang/entry/build/default/intermediates/startup/default/startup_config.json' does not exist.
[2026-09-18T17:47:16.023] [DEBUG] debug-file - Incremental task entry:default@ProcessStartupConfig pre-execution cost: 1 ms .
[2026-09-18T17:47:16.025] [DEBUG] debug-file - entry : default@ProcessStartupConfig cost memory 0.24073028564453125
[2026-09-18T17:47:16.025] [DEBUG] debug-file - runTaskFromQueue task cost before running: 2 s 436 ms 
[2026-09-18T17:47:16.025] [INFO] debug-file - Finished :entry:default@ProcessStartupConfig... after 4 ms 
[2026-09-18T17:47:16.026] [DEBUG] debug-file - Executing task :entry:default@BuildNativeWithNinja
[2026-09-18T17:47:16.027] [DEBUG] debug-file - entry : default@BuildNativeWithNinja cost memory 0.01834869384765625
[2026-09-18T17:47:16.027] [DEBUG] debug-file - runTaskFromQueue task cost before running: 2 s 437 ms 
[2026-09-18T17:47:16.027] [INFO] debug-file - Finished :entry:default@BuildNativeWithNinja... after 1 ms 
[2026-09-18T17:47:16.027] [DEBUG] debug-file - restool module names: entry; moduleName=entry, taskName=default@ProcessResource
[2026-09-18T17:47:16.028] [DEBUG] debug-file - Executing task :entry:default@ProcessResource
[2026-09-18T17:47:16.029] [DEBUG] debug-file - Task 'entry:default@ProcessResource' cost while wrapping incremental declarations: 1 ms 
[2026-09-18T17:47:16.029] [DEBUG] debug-file - Incremental task entry:default@ProcessResource pre-execution cost: 1 ms .
[2026-09-18T17:47:16.030] [DEBUG] debug-file - entry : default@ProcessResource cost memory 0.1147308349609375
[2026-09-18T17:47:16.032] [INFO] debug-file - UP-TO-DATE :entry:default@ProcessResource...  
[2026-09-18T17:47:16.038] [DEBUG] debug-file - Executing task :entry:default@GenerateLoaderJson
[2026-09-18T17:47:16.039] [DEBUG] debug-file - Task 'entry:default@GenerateLoaderJson' cost while wrapping incremental declarations: 1 ms 
[2026-09-18T17:47:16.046] [DEBUG] debug-file - Incremental task entry:default@GenerateLoaderJson pre-execution cost: 6 ms .
[2026-09-18T17:47:16.046] [DEBUG] debug-file - entry : default@GenerateLoaderJson cost memory 0.40161895751953125
[2026-09-18T17:47:16.048] [INFO] debug-file - UP-TO-DATE :entry:default@GenerateLoaderJson...  
[2026-09-18T17:47:16.048] [DEBUG] debug-file - Executing task :entry:default@ProcessLibs
[2026-09-18T17:47:16.049] [DEBUG] debug-file - Incremental task entry:default@ProcessLibs pre-execution cost: 1 ms .
[2026-09-18T17:47:16.049] [DEBUG] debug-file - entry : default@ProcessLibs cost memory 0.07357025146484375
[2026-09-18T17:47:16.049] [INFO] debug-file - UP-TO-DATE :entry:default@ProcessLibs...  
[2026-09-18T17:47:16.050] [DEBUG] debug-file - restool module names: entry; moduleName=entry, taskName=default@CompileResource
[2026-09-18T17:47:16.050] [DEBUG] debug-file - Executing task :entry:default@CompileResource
[2026-09-18T17:47:16.061] [DEBUG] debug-file - Incremental task entry:default@CompileResource pre-execution cost: 11 ms .
[2026-09-18T17:47:16.061] [DEBUG] debug-file - entry : default@CompileResource cost memory 0.651824951171875
[2026-09-18T17:47:16.063] [INFO] debug-file - UP-TO-DATE :entry:default@CompileResource...  
[2026-09-18T17:47:16.064] [DEBUG] debug-file - Executing task :entry:default@DoNativeStrip
[2026-09-18T17:47:16.064] [DEBUG] debug-file - File: '/Users/yujiantao/DevEcoStudioProjects/bang/entry/build/default/intermediates/binxo/default' from 'doBinxoNativeLibs' is not exists, just ignore.
[2026-09-18T17:47:16.064] [DEBUG] debug-file - Task 'entry:default@DoNativeStrip' cost while wrapping incremental declarations: 1 ms 
[2026-09-18T17:47:16.064] [DEBUG] debug-file - Incremental task entry:default@DoNativeStrip pre-execution cost: 1 ms .
[2026-09-18T17:47:16.064] [DEBUG] debug-file - entry : default@DoNativeStrip cost memory 0.07080841064453125
[2026-09-18T17:47:16.065] [INFO] debug-file - UP-TO-DATE :entry:default@DoNativeStrip...  
[2026-09-18T17:47:16.066] [DEBUG] debug-file - Executing task :entry:default@CompileArkTS
[2026-09-18T17:47:16.066] [DEBUG] debug-file - obfuscationOptions: undefined
[2026-09-18T17:47:16.066] [DEBUG] debug-file - Task 'entry:default@CompileArkTS' cost while wrapping incremental declarations: 1 ms 
[2026-09-18T17:47:16.072] [DEBUG] debug-file - Incremental task entry:default@CompileArkTS pre-execution cost: 6 ms .
[2026-09-18T17:47:16.072] [DEBUG] debug-file - entry : default@CompileArkTS cost memory 0.6170120239257812
[2026-09-18T17:47:16.073] [INFO] debug-file - UP-TO-DATE :entry:default@CompileArkTS...  
[2026-09-18T17:47:16.074] [DEBUG] debug-file - Executing task :entry:default@BuildJS
[2026-09-18T17:47:16.075] [DEBUG] debug-file - Task 'entry:default@BuildJS' cost while wrapping incremental declarations: 1 ms 
[2026-09-18T17:47:16.076] [DEBUG] debug-file - entry : default@BuildJS cost memory 0.119537353515625
[2026-09-18T17:47:16.076] [DEBUG] debug-file - runTaskFromQueue task cost before running: 2 s 486 ms 
[2026-09-18T17:47:16.079] [INFO] debug-file - Finished :entry:default@BuildJS... after 2 ms 
[2026-09-18T17:47:16.080] [DEBUG] debug-file - Executing task :entry:default@CacheNativeLibs
[2026-09-18T17:47:16.081] [DEBUG] debug-file - File: '/Users/yujiantao/DevEcoStudioProjects/bang/entry/build/default/intermediates/binxo/default' from 'cacheBinxoNativeLibs' is not exists, just ignore.
[2026-09-18T17:47:16.081] [DEBUG] debug-file - Task 'entry:default@CacheNativeLibs' cost while wrapping incremental declarations: 1 ms 
[2026-09-18T17:47:16.081] [DEBUG] debug-file - Incremental task entry:default@CacheNativeLibs pre-execution cost: 1 ms .
[2026-09-18T17:47:16.081] [DEBUG] debug-file - entry : default@CacheNativeLibs cost memory 0.08190155029296875
[2026-09-18T17:47:16.081] [INFO] debug-file - UP-TO-DATE :entry:default@CacheNativeLibs...  
[2026-09-18T17:47:16.081] [DEBUG] debug-file - Executing task :entry:default@GeneratePkgModuleJson
[2026-09-18T17:47:16.081] [DEBUG] debug-file - File: '/Users/yujiantao/DevEcoStudioProjects/bang/entry/build/default/intermediates/preload/default/preload.json' from 'preloadSoJsonPath' is not exists, just ignore.
[2026-09-18T17:47:16.082] [DEBUG] debug-file - Error occurs while handling @Input 'shouldDeduplicateHar': The "data" argument must be of type string or an instance of Buffer, TypedArray, or DataView. Received undefined
[2026-09-18T17:47:16.082] [DEBUG] debug-file - Task 'entry:default@GeneratePkgModuleJson' cost while wrapping incremental declarations: 1 ms 
[2026-09-18T17:47:16.085] [DEBUG] debug-file - Incremental task entry:default@GeneratePkgModuleJson pre-execution cost: 3 ms .
[2026-09-18T17:47:16.085] [DEBUG] debug-file - entry : default@GeneratePkgModuleJson cost memory 0.08698272705078125
[2026-09-18T17:47:16.085] [INFO] debug-file - UP-TO-DATE :entry:default@GeneratePkgModuleJson...  
[2026-09-18T17:47:16.086] [DEBUG] debug-file - Executing task :entry:default@ProcessCompiledResources
[2026-09-18T17:47:16.086] [DEBUG] debug-file - File: '/Users/yujiantao/DevEcoStudioProjects/bang/entry/build/default/intermediates/preload/default/preload.json' from 'preloadSoJsonPath' is not exists, just ignore.
[2026-09-18T17:47:16.086] [DEBUG] debug-file - Task 'entry:default@ProcessCompiledResources' cost while wrapping incremental declarations: 1 ms 
[2026-09-18T17:47:16.086] [DEBUG] debug-file - entry : default@ProcessCompiledResources cost memory 0.0521240234375
[2026-09-18T17:47:16.086] [DEBUG] debug-file - runTaskFromQueue task cost before running: 2 s 497 ms 
[2026-09-18T17:47:16.088] [INFO] debug-file - Finished :entry:default@ProcessCompiledResources... after 1 ms 
[2026-09-18T17:47:16.092] [DEBUG] debug-file - Executing task :entry:default@PackageHap
[2026-09-18T17:47:16.100] [DEBUG] debug-file - Incremental task entry:default@PackageHap pre-execution cost: 7 ms .
[2026-09-18T17:47:16.100] [DEBUG] debug-file - entry : default@PackageHap cost memory 0.406158447265625
[2026-09-18T17:47:16.100] [INFO] debug-file - UP-TO-DATE :entry:default@PackageHap...  
[2026-09-18T17:47:16.101] [DEBUG] debug-file - Executing task :entry:default@PackingCheck
[2026-09-18T17:47:16.105] [DEBUG] debug-file - entry : default@PackingCheck cost memory 0.46319580078125
[2026-09-18T17:47:16.105] [DEBUG] debug-file - runTaskFromQueue task cost before running: 2 s 516 ms 
[2026-09-18T17:47:16.105] [INFO] debug-file - Finished :entry:default@PackingCheck... after 5 ms 
[2026-09-18T17:47:16.106] [DEBUG] debug-file - Executing task :entry:default@SignHap
[2026-09-18T17:47:16.106] [DEBUG] debug-file - Incremental task entry:default@SignHap pre-execution cost: 1 ms .
[2026-09-18T17:47:16.106] [DEBUG] debug-file - entry : default@SignHap cost memory 0.0757598876953125
[2026-09-18T17:47:16.106] [INFO] debug-file - UP-TO-DATE :entry:default@SignHap...  
[2026-09-18T17:47:16.107] [DEBUG] debug-file - Executing task :entry:default@CollectDebugSymbol
[2026-09-18T17:47:16.107] [DEBUG] debug-file - entry : default@CollectDebugSymbol cost memory 0.07849884033203125
[2026-09-18T17:47:16.107] [DEBUG] debug-file - runTaskFromQueue task cost before running: 2 s 518 ms 
[2026-09-18T17:47:16.107] [INFO] debug-file - Finished :entry:default@CollectDebugSymbol... after 1 ms 
[2026-09-18T17:47:16.107] [DEBUG] debug-file - Executing task :entry:assembleHap
[2026-09-18T17:47:16.107] [DEBUG] debug-file - entry : assembleHap cost memory 0.01172637939453125
[2026-09-18T17:47:16.107] [DEBUG] debug-file - runTaskFromQueue task cost before running: 2 s 518 ms 
[2026-09-18T17:47:16.107] [INFO] debug-file - Finished :entry:assembleHap... after 1 ms 
[2026-09-18T17:47:16.108] [INFO] debug-file - BUILD SUCCESSFUL in 2 s 519 ms 
[2026-09-18T17:47:16.109] [DEBUG] debug-file - Update task entry:default@PreBuild input file:/Users/yujiantao/DevEcoStudioProjects/bang/AppScope/app.json5 cache by regenerate.
[2026-09-18T17:47:16.109] [DEBUG] debug-file - Update task entry:default@PreBuild input file:/Users/yujiantao/DevEcoStudioProjects/bang/entry/src/main/module.json5 cache by regenerate.
[2026-09-18T17:47:16.110] [DEBUG] debug-file - Update task entry:default@PreBuild input file:/Users/yujiantao/DevEcoStudioProjects/bang/build-profile.json5 cache by regenerate.
[2026-09-18T17:47:16.110] [DEBUG] debug-file - Update task entry:default@PreBuild input file:/Users/yujiantao/DevEcoStudioProjects/bang/entry/build-profile.json5 cache by regenerate.
[2026-09-18T17:47:16.110] [DEBUG] debug-file - Update task entry:default@PreBuild input file:/Users/yujiantao/DevEcoStudioProjects/bang/entry/src/main/resources/base/profile/main_pages.json cache by regenerate.
[2026-09-18T17:47:16.110] [DEBUG] debug-file - Update task entry:default@PreBuild input file:/Users/yujiantao/DevEcoStudioProjects/bang/hvigor/hvigor-config.json5 cache by regenerate.
[2026-09-18T17:47:16.110] [DEBUG] debug-file - Update task entry:default@PreBuild input file:/Users/yujiantao/DevEcoStudioProjects/bang/entry/oh-package.json5 cache by regenerate.
[2026-09-18T17:47:16.110] [DEBUG] debug-file - Update task entry:default@PreBuild input file:/Users/yujiantao/DevEcoStudioProjects/bang/oh-package.json5 cache by regenerate.
[2026-09-18T17:47:16.110] [DEBUG] debug-file - Incremental task entry:default@PreBuild post-execution cost:1 ms .
[2026-09-18T17:47:16.110] [DEBUG] debug-file - Update task entry:default@CreateModuleInfo output file:/Users/yujiantao/DevEcoStudioProjects/bang/entry/build/default/generated/profile/default/ModuleInfo.ts cache.
[2026-09-18T17:47:16.110] [DEBUG] debug-file - Incremental task entry:default@CreateModuleInfo post-execution cost:1 ms .
[2026-09-18T17:47:16.110] [DEBUG] debug-file - There is no need to refresh cache, since the incremental task entry:default@GenerateMetadata is up-to-date.
[2026-09-18T17:47:16.110] [DEBUG] debug-file - There is no need to refresh cache, since the incremental task entry:default@MergeProfile is up-to-date.
[2026-09-18T17:47:16.110] [DEBUG] debug-file - There is no need to refresh cache, since the incremental task entry:default@CreateBuildProfile is up-to-date.
[2026-09-18T17:47:16.110] [DEBUG] debug-file - There is no need to refresh cache, since the incremental task entry:default@GeneratePkgContextInfo is up-to-date.
[2026-09-18T17:47:16.110] [DEBUG] debug-file - Update task entry:default@GeneratePkgSdkInfo output file:/Users/yujiantao/DevEcoStudioProjects/bang/entry/build/default/intermediates/loader/default/pkgSdkInfo.json cache.
[2026-09-18T17:47:16.111] [DEBUG] debug-file - Incremental task entry:default@GeneratePkgSdkInfo post-execution cost:1 ms .
[2026-09-18T17:47:16.111] [DEBUG] debug-file - Update task entry:default@ProcessIntegratedHsp output file:/Users/yujiantao/DevEcoStudioProjects/bang/build/cache/default/integrated_hsp/integratedHspCache.json cache.
[2026-09-18T17:47:16.111] [DEBUG] debug-file - Incremental task entry:default@ProcessIntegratedHsp post-execution cost:1 ms .
[2026-09-18T17:47:16.111] [DEBUG] debug-file - There is no need to refresh cache, since the incremental task entry:default@MakePackInfo is up-to-date.
[2026-09-18T17:47:16.111] [DEBUG] debug-file - Update task entry:default@SyscapTransform input file:/Applications/DevEco-Studio.app/Contents/sdk/default/openharmony/toolchains/syscap_tool cache by regenerate.
[2026-09-18T17:47:16.112] [DEBUG] debug-file - Update task entry:default@SyscapTransform input file:/Applications/DevEco-Studio.app/Contents/sdk/default/openharmony/ets/api/device-define cache by regenerate.
[2026-09-18T17:47:16.113] [DEBUG] debug-file - Update task entry:default@SyscapTransform output file:/Users/yujiantao/DevEcoStudioProjects/bang/entry/build/default/intermediates/syscap/default/rpcid.sc cache.
[2026-09-18T17:47:16.113] [DEBUG] debug-file - Incremental task entry:default@SyscapTransform post-execution cost:2 ms .
[2026-09-18T17:47:16.113] [DEBUG] debug-file - There is no need to refresh cache, since the incremental task entry:default@ProcessProfile is up-to-date.
[2026-09-18T17:47:16.113] [DEBUG] debug-file - There is no need to refresh cache, since the incremental task entry:default@ProcessRouterMap is up-to-date.
[2026-09-18T17:47:16.113] [DEBUG] debug-file - There is no need to refresh cache, since the incremental task entry:default@ProcessShareConfig is up-to-date.
[2026-09-18T17:47:16.113] [DEBUG] debug-file - Update task entry:default@ProcessStartupConfig input file:/Users/yujiantao/DevEcoStudioProjects/bang/entry/build/default/intermediates/loader/default/pkgContextInfo.json cache by regenerate.
[2026-09-18T17:47:16.113] [DEBUG] debug-file - Update task entry:default@ProcessStartupConfig output file:/Users/yujiantao/DevEcoStudioProjects/bang/entry/build/default/intermediates/startup/default/startup_config.json cache.
[2026-09-18T17:47:16.113] [DEBUG] debug-file - Incremental task entry:default@ProcessStartupConfig post-execution cost:1 ms .
[2026-09-18T17:47:16.113] [DEBUG] debug-file - There is no need to refresh cache, since the incremental task entry:default@ProcessResource is up-to-date.
[2026-09-18T17:47:16.113] [DEBUG] debug-file - There is no need to refresh cache, since the incremental task entry:default@GenerateLoaderJson is up-to-date.
[2026-09-18T17:47:16.113] [DEBUG] debug-file - There is no need to refresh cache, since the incremental task entry:default@ProcessLibs is up-to-date.
[2026-09-18T17:47:16.113] [DEBUG] debug-file - There is no need to refresh cache, since the incremental task entry:default@CompileResource is up-to-date.
[2026-09-18T17:47:16.113] [DEBUG] debug-file - There is no need to refresh cache, since the incremental task entry:default@DoNativeStrip is up-to-date.
[2026-09-18T17:47:16.113] [DEBUG] debug-file - There is no need to refresh cache, since the incremental task entry:default@CompileArkTS is up-to-date.
[2026-09-18T17:47:16.114] [DEBUG] debug-file - Update task entry:default@BuildJS input file:/Users/yujiantao/DevEcoStudioProjects/bang/entry/build/default/intermediates/loader/default cache by regenerate.
[2026-09-18T17:47:16.114] [DEBUG] debug-file - Update task entry:default@BuildJS input file:/Users/yujiantao/DevEcoStudioProjects/bang/entry/build/default/intermediates/res/default/resources/rawfile cache by regenerate.
[2026-09-18T17:47:16.118] [DEBUG] debug-file - Update task entry:default@BuildJS input file:/Users/yujiantao/DevEcoStudioProjects/bang/entry/build/default/intermediates/res/default/ResourceTable.txt cache by regenerate.
[2026-09-18T17:47:16.118] [DEBUG] debug-file - Update task entry:default@BuildJS input file:/Users/yujiantao/DevEcoStudioProjects/bang/entry/build/default/intermediates/res/default/ark_module.json cache by regenerate.
[2026-09-18T17:47:16.118] [DEBUG] debug-file - Update task entry:default@BuildJS input file:/Users/yujiantao/DevEcoStudioProjects/bang/entry/build/default/intermediates/res/default/resources/base/profile cache by regenerate.
[2026-09-18T17:47:16.118] [DEBUG] debug-file - Update task entry:default@BuildJS input file:/Users/yujiantao/DevEcoStudioProjects/bang/entry/build/default/intermediates/loader/default/pkgContextInfo.json cache by regenerate.
[2026-09-18T17:47:16.118] [DEBUG] debug-file - Update task entry:default@BuildJS output file:/Users/yujiantao/DevEcoStudioProjects/bang/entry/build/default/intermediates/loader_out/default/js cache.
[2026-09-18T17:47:16.118] [DEBUG] debug-file - Incremental task entry:default@BuildJS post-execution cost:5 ms .
[2026-09-18T17:47:16.118] [DEBUG] debug-file - There is no need to refresh cache, since the incremental task entry:default@CacheNativeLibs is up-to-date.
[2026-09-18T17:47:16.118] [DEBUG] debug-file - There is no need to refresh cache, since the incremental task entry:default@GeneratePkgModuleJson is up-to-date.
[2026-09-18T17:47:16.118] [DEBUG] debug-file - Incremental task entry:default@ProcessCompiledResources post-execution cost:1 ms .
[2026-09-18T17:47:16.118] [DEBUG] debug-file - There is no need to refresh cache, since the incremental task entry:default@PackageHap is up-to-date.
[2026-09-18T17:47:16.118] [DEBUG] debug-file - There is no need to refresh cache, since the incremental task entry:default@SignHap is up-to-date.
[2026-09-18T17:47:16.118] [DEBUG] debug-file - Update task entry:default@CollectDebugSymbol input file:/Users/yujiantao/DevEcoStudioProjects/bang/entry/build/default/intermediates/loader_out/default/ets/sourceMaps.map cache by regenerate.
[2026-09-18T17:47:16.118] [DEBUG] debug-file - Update task entry:default@CollectDebugSymbol input file:/Users/yujiantao/DevEcoStudioProjects/bang/entry/build/default/intermediates/libs/default cache by regenerate.
[2026-09-18T17:47:16.118] [DEBUG] debug-file - Update task entry:default@CollectDebugSymbol output file:/Users/yujiantao/DevEcoStudioProjects/bang/entry/build/default/outputs/default/symbol cache.
[2026-09-18T17:47:16.119] [DEBUG] debug-file - Incremental task entry:default@CollectDebugSymbol post-execution cost:1 ms .
[2026-09-18T17:47:16.140] [DEBUG] debug-file - hvigor build process will be closed.
[2026-09-18T17:47:16.436] [DEBUG] debug-file - session manager: send message to worker process.
[2026-09-18T17:47:16.437] [DEBUG] debug-file - session manager: send message to worker process.
[2026-09-18T17:47:16.438] [DEBUG] debug-file - watch worker: worker id should be larger than 0. Nothing will be sent to any worker thread.
[2026-09-18T17:47:16.438] [DEBUG] debug-file - watch worker: worker id should be larger than 0. Nothing will be sent to any worker thread.
[2026-09-18T17:47:42.578] [DEBUG] debug-file - session manager: set active socket. socketId=cPcEq-xxjWTioGydAABb
[2026-09-18T17:47:42.581] [DEBUG] debug-file - watch worker: worker id should be larger than 0. Nothing will be sent to any worker thread.
[2026-09-18T17:47:42.585] [DEBUG] debug-file - Workers' log level updated to INFO
[2026-09-18T17:47:42.587] [DEBUG] debug-file - Hvigor init with startParameters:{
  hvigorfileTypeCheck: false,
  parallelExecution: true,
  incrementalExecution: true,
  printStackTrace: false,
  daemon: true,
  analyze: 0,
  logLevel: Level { level: 20000, levelStr: 'INFO', colour: 'green' },
  optimizationStrategy: 'memory',
  hotCompile: undefined,
  hotReloadBuild: undefined,
  customizedParam: undefined
}
[2026-09-18T17:47:42.592] [DEBUG] debug-file - Cache service initialization finished in 5 ms 
[2026-09-18T17:47:42.593] [DEBUG] debug-file - hvigorfile, resolving /Users/yujiantao/DevEcoStudioProjects/bang/hvigorfile.ts
[2026-09-18T17:47:42.600] [DEBUG] debug-file - hvigorfile, require result:  { default: { plugins: [] } }
[2026-09-18T17:47:42.601] [DEBUG] debug-file - hvigorfile, binding system plugins null
[2026-09-18T17:47:42.601] [DEBUG] debug-file - Starting plugin build process
[2026-09-18T17:47:42.601] [DEBUG] debug-file - App plugin prepare start...
[2026-09-18T17:47:42.601] [DEBUG] debug-file - App plugin prepare end...
[2026-09-18T17:47:42.601] [DEBUG] debug-file - App plugin creating...
[2026-09-18T17:47:42.605] [DEBUG] debug-file - App plugin register hook start...
[2026-09-18T17:47:42.605] [DEBUG] debug-file - App plugin register hook end...
[2026-09-18T17:47:42.605] [DEBUG] debug-file - Plugin build process completed
[2026-09-18T17:47:42.605] [DEBUG] debug-file - Start initialize project's product build option map with build mode debug.
[2026-09-18T17:47:42.605] [DEBUG] debug-file - Picking option from product 'default' with build mode 'debug'.
[2026-09-18T17:47:42.605] [DEBUG] debug-file - Product 'default' build option initialized
[2026-09-18T17:47:42.605] [DEBUG] debug-file - End initialize project's product build option map with build mode 'debug'.
[2026-09-18T17:47:42.606] [DEBUG] debug-file - Obtain build option for product 'default'in this build.
[2026-09-18T17:47:42.606] [DEBUG] debug-file - /Users/yujiantao/DevEcoStudioProjects/bang/build/cache/default/remote_hsp/remoteHspCache.json not exists.
[2026-09-18T17:47:42.608] [DEBUG] debug-file - Start recording SDK configuration permission data.
[2026-09-18T17:47:42.625] [DEBUG] debug-file - Sdk init in 19 ms 
[2026-09-18T17:47:42.627] [DEBUG] debug-file - Project task initialization takes 2 ms 
[2026-09-18T17:47:42.627] [DEBUG] debug-file - hvigorfile, begin to bind custom plugins...
[2026-09-18T17:47:42.627] [DEBUG] debug-file - hvigorfile, no custom plugins were found in /Users/yujiantao/DevEcoStudioProjects/bang/hvigorfile.ts
[2026-09-18T17:47:42.627] [DEBUG] debug-file - hvigorfile, resolve finished /Users/yujiantao/DevEcoStudioProjects/bang/hvigorfile.ts
[2026-09-18T17:47:42.627] [DEBUG] debug-file - hvigorfile, resolving /Users/yujiantao/DevEcoStudioProjects/bang/entry/hvigorfile.ts
[2026-09-18T17:47:42.629] [DEBUG] debug-file - hvigorfile, require result:  { default: { plugins: [] } }
[2026-09-18T17:47:42.629] [DEBUG] debug-file - hvigorfile, binding system plugins null
[2026-09-18T17:47:42.629] [DEBUG] debug-file - Starting plugin build process
[2026-09-18T17:47:42.629] [DEBUG] debug-file - Hap plugin creating...
[2026-09-18T17:47:42.629] [DEBUG] debug-file - failed to load cangjie to dynamically generate schemas: Error: Cannot find module '@ohos/cangjie-build-support/index'
Require stack:
- /Applications/DevEco-Studio.app/Contents/tools/hvigor/hvigor-ohos-plugin/src/plugin/hooks/cangjie-register.js
- /Applications/DevEco-Studio.app/Contents/tools/hvigor/hvigor-ohos-plugin/src/plugin/strategy/stage-init-strategy.js
- /Applications/DevEco-Studio.app/Contents/tools/hvigor/hvigor-ohos-plugin/src/plugin/builder/abstract-plugin-builder.js
- /Applications/DevEco-Studio.app/Contents/tools/hvigor/hvigor-ohos-plugin/src/plugin/builder/app-plugin-builder.js
- /Applications/DevEco-Studio.app/Contents/tools/hvigor/hvigor-ohos-plugin/src/plugin/factory/plugin-factory.js
- /Applications/DevEco-Studio.app/Contents/tools/hvigor/hvigor-ohos-plugin/index.js
- /Users/yujiantao/DevEcoStudioProjects/bang/hvigorfile.ts
- /Applications/DevEco-Studio.app/Contents/tools/hvigor/hvigor/src/base/internal/lifecycle/configuration.js
- /Applications/DevEco-Studio.app/Contents/tools/hvigor/hvigor/src/base/boot/index.js
- /Applications/DevEco-Studio.app/Contents/tools/hvigor/hvigor/src/base/daemon/cluster/worker-process-lifecycle.js
- /Applications/DevEco-Studio.app/Contents/tools/hvigor/hvigor/src/base/daemon/process/daemon-process-boot-script.js
[2026-09-18T17:47:42.630] [DEBUG] debug-file - Start initialize module-target build option map, moduleName=entry, buildMode=debug
[2026-09-18T17:47:42.630] [DEBUG] debug-file - Target 'default' config initialized
[2026-09-18T17:47:42.631] [DEBUG] debug-file - Module 'entry' target 'default' build option initialized
[2026-09-18T17:47:42.631] [DEBUG] debug-file - End initialize module-target build option map, moduleName=entry
[2026-09-18T17:47:42.631] [DEBUG] debug-file - Start initialize module-target build option map, moduleName=entry, buildMode=release
[2026-09-18T17:47:42.631] [DEBUG] debug-file - Target 'default' config initialized
[2026-09-18T17:47:42.631] [DEBUG] debug-file - Module 'entry' target 'default' build option initialized
[2026-09-18T17:47:42.631] [DEBUG] debug-file - End initialize module-target build option map, moduleName=entry
[2026-09-18T17:47:42.631] [DEBUG] debug-file - Start initialize module-target build option map, moduleName=entry, buildMode=debug
[2026-09-18T17:47:42.631] [DEBUG] debug-file - Target 'default' config initialized
[2026-09-18T17:47:42.631] [DEBUG] debug-file - Module 'entry' target 'default' build option initialized
[2026-09-18T17:47:42.631] [DEBUG] debug-file - End initialize module-target build option map, moduleName=entry
[2026-09-18T17:47:42.631] [DEBUG] debug-file - Obtain build option for module 'entry' target 'default'in this build.
[2026-09-18T17:47:42.632] [DEBUG] debug-file - Module entry task initialization takes 1 ms 
[2026-09-18T17:47:42.632] [DEBUG] debug-file - Hap plugin register hook start...
[2026-09-18T17:47:42.632] [DEBUG] debug-file - Hap plugin register hook end...
[2026-09-18T17:47:42.632] [DEBUG] debug-file - Plugin build process completed
[2026-09-18T17:47:42.633] [DEBUG] debug-file - hvigorfile, begin to bind custom plugins...
[2026-09-18T17:47:42.633] [DEBUG] debug-file - hvigorfile, no custom plugins were found in /Users/yujiantao/DevEcoStudioProjects/bang/entry/hvigorfile.ts
[2026-09-18T17:47:42.633] [DEBUG] debug-file - hvigorfile, resolve finished /Users/yujiantao/DevEcoStudioProjects/bang/entry/hvigorfile.ts
[2026-09-18T17:47:42.694] [DEBUG] debug-file - hvigorfile, resolve hvigorfile dependencies in 61 ms 
[2026-09-18T17:47:42.694] [DEBUG] debug-file - project has submodules:entry
[2026-09-18T17:47:42.694] [DEBUG] debug-file - module:entry no need to execute packageHap
[2026-09-18T17:47:42.695] [DEBUG] debug-file - start to load updatedOhPackageInfo to the disk
[2026-09-18T17:47:42.695] [DEBUG] debug-file - load to the disk finished
[2026-09-18T17:47:42.696] [DEBUG] debug-file - Start to initialize dependency information.
[2026-09-18T17:47:42.696] [DEBUG] debug-file - Module bang Collected Dependency: 
[2026-09-18T17:47:42.696] [DEBUG] debug-file - Module bang's total dependency: 0
[2026-09-18T17:47:42.696] [DEBUG] debug-file - Start to initialize dependency information.
[2026-09-18T17:47:42.696] [DEBUG] debug-file - Module entry Collected Dependency: 
[2026-09-18T17:47:42.696] [DEBUG] debug-file - Module entry's total dependency: 0
[2026-09-18T17:47:42.697] [DEBUG] debug-file - Configuration phase cost:105 ms 
[2026-09-18T17:47:42.697] [DEBUG] debug-file - Configuration task cost before running: 113 ms 
[2026-09-18T17:47:42.699] [DEBUG] debug-file - Executing task :entry:default@PreBuild
[2026-09-18T17:47:42.700] [DEBUG] debug-file - Task 'entry:default@PreBuild' cost while wrapping incremental declarations: 1 ms 
[2026-09-18T17:47:42.701] [DEBUG] debug-file - Incremental task entry:default@PreBuild pre-execution cost: 1 ms .
[2026-09-18T17:47:42.701] [DEBUG] debug-file - entry : default@PreBuild cost memory 0.5296707153320312
[2026-09-18T17:47:42.702] [INFO] debug-file - UP-TO-DATE :entry:default@PreBuild...  
[2026-09-18T17:47:42.702] [DEBUG] debug-file - Executing task :entry:default@CreateModuleInfo
[2026-09-18T17:47:42.702] [DEBUG] debug-file - Task 'entry:default@CreateModuleInfo' cost while wrapping incremental declarations: 1 ms 
[2026-09-18T17:47:42.702] [DEBUG] debug-file - entry : default@CreateModuleInfo cost memory 0.035430908203125
[2026-09-18T17:47:42.702] [DEBUG] debug-file - runTaskFromQueue task cost before running: 118 ms 
[2026-09-18T17:47:42.702] [INFO] debug-file - Finished :entry:default@CreateModuleInfo... after 1 ms 
[2026-09-18T17:47:42.702] [DEBUG] debug-file - Executing task :entry:default@GenerateMetadata
[2026-09-18T17:47:42.703] [DEBUG] debug-file - Task 'entry:default@GenerateMetadata' cost while wrapping incremental declarations: 1 ms 
[2026-09-18T17:47:42.703] [DEBUG] debug-file - Incremental task entry:default@GenerateMetadata pre-execution cost: 1 ms .
[2026-09-18T17:47:42.703] [DEBUG] debug-file - entry : default@GenerateMetadata cost memory 0.06842041015625
[2026-09-18T17:47:42.703] [INFO] debug-file - UP-TO-DATE :entry:default@GenerateMetadata...  
[2026-09-18T17:47:42.703] [DEBUG] debug-file - Executing task :entry:default@ConfigureCmake
[2026-09-18T17:47:42.703] [DEBUG] debug-file - entry : default@ConfigureCmake cost memory 0.01345062255859375
[2026-09-18T17:47:42.703] [DEBUG] debug-file - runTaskFromQueue task cost before running: 119 ms 
[2026-09-18T17:47:42.703] [INFO] debug-file - Finished :entry:default@ConfigureCmake... after 1 ms 
[2026-09-18T17:47:42.703] [DEBUG] debug-file - Executing task :entry:default@MergeProfile
[2026-09-18T17:47:42.703] [DEBUG] debug-file - Task 'entry:default@MergeProfile' cost while wrapping incremental declarations: 1 ms 
[2026-09-18T17:47:42.704] [DEBUG] debug-file - Incremental task entry:default@MergeProfile pre-execution cost: 1 ms .
[2026-09-18T17:47:42.704] [DEBUG] debug-file - entry : default@MergeProfile cost memory 0.1143798828125
[2026-09-18T17:47:42.704] [INFO] debug-file - UP-TO-DATE :entry:default@MergeProfile...  
[2026-09-18T17:47:42.704] [DEBUG] debug-file - Executing task :entry:default@CreateBuildProfile
[2026-09-18T17:47:42.704] [DEBUG] debug-file - Task 'entry:default@CreateBuildProfile' cost while wrapping incremental declarations: 1 ms 
[2026-09-18T17:47:42.705] [DEBUG] debug-file - Incremental task entry:default@CreateBuildProfile pre-execution cost: 1 ms .
[2026-09-18T17:47:42.705] [DEBUG] debug-file - entry : default@CreateBuildProfile cost memory 0.1117706298828125
[2026-09-18T17:47:42.705] [INFO] debug-file - UP-TO-DATE :entry:default@CreateBuildProfile...  
[2026-09-18T17:47:42.705] [DEBUG] debug-file - Executing task :entry:default@PreCheckSyscap
[2026-09-18T17:47:42.705] [DEBUG] debug-file - entry : default@PreCheckSyscap cost memory 0.013671875
[2026-09-18T17:47:42.705] [DEBUG] debug-file - runTaskFromQueue task cost before running: 121 ms 
[2026-09-18T17:47:42.705] [INFO] debug-file - Finished :entry:default@PreCheckSyscap... after 1 ms 
[2026-09-18T17:47:42.705] [DEBUG] debug-file - Executing task :entry:default@GeneratePkgContextInfo
[2026-09-18T17:47:42.706] [DEBUG] debug-file - Task 'entry:default@GeneratePkgContextInfo' cost while wrapping incremental declarations: 1 ms 
[2026-09-18T17:47:42.707] [DEBUG] debug-file - Incremental task entry:default@GeneratePkgContextInfo pre-execution cost: 1 ms .
[2026-09-18T17:47:42.707] [DEBUG] debug-file - entry : default@GeneratePkgContextInfo cost memory 0.19971466064453125
[2026-09-18T17:47:42.707] [INFO] debug-file - UP-TO-DATE :entry:default@GeneratePkgContextInfo...  
[2026-09-18T17:47:42.707] [DEBUG] debug-file - Executing task :entry:default@GeneratePkgSdkInfo
[2026-09-18T17:47:42.707] [DEBUG] debug-file - Task 'entry:default@GeneratePkgSdkInfo' cost while wrapping incremental declarations: 1 ms 
[2026-09-18T17:47:42.707] [DEBUG] debug-file - entry : default@GeneratePkgSdkInfo cost memory 0.07068634033203125
[2026-09-18T17:47:42.707] [DEBUG] debug-file - runTaskFromQueue task cost before running: 123 ms 
[2026-09-18T17:47:42.707] [INFO] debug-file - Finished :entry:default@GeneratePkgSdkInfo... after 1 ms 
[2026-09-18T17:47:42.708] [DEBUG] debug-file - Executing task :entry:default@ProcessIntegratedHsp
[2026-09-18T17:47:42.708] [DEBUG] debug-file - entry:default@ProcessIntegratedHsp is not up-to-date, since the output file '/Users/yujiantao/DevEcoStudioProjects/bang/build/cache/default/integrated_hsp/integratedHspCache.json' does not exist.
[2026-09-18T17:47:42.708] [DEBUG] debug-file - Incremental task entry:default@ProcessIntegratedHsp pre-execution cost: 1 ms .
[2026-09-18T17:47:42.708] [DEBUG] debug-file - entry : default@ProcessIntegratedHsp cost memory 0.05709075927734375
[2026-09-18T17:47:42.708] [DEBUG] debug-file - runTaskFromQueue task cost before running: 124 ms 
[2026-09-18T17:47:42.708] [INFO] debug-file - Finished :entry:default@ProcessIntegratedHsp... after 1 ms 
[2026-09-18T17:47:42.708] [DEBUG] debug-file - Executing task :entry:default@BuildNativeWithCmake
[2026-09-18T17:47:42.708] [DEBUG] debug-file - entry : default@BuildNativeWithCmake cost memory 0.01345062255859375
[2026-09-18T17:47:42.708] [DEBUG] debug-file - runTaskFromQueue task cost before running: 124 ms 
[2026-09-18T17:47:42.708] [INFO] debug-file - Finished :entry:default@BuildNativeWithCmake... after 1 ms 
[2026-09-18T17:47:42.709] [DEBUG] debug-file - Executing task :entry:default@MakePackInfo
[2026-09-18T17:47:42.709] [DEBUG] debug-file - Incremental task entry:default@MakePackInfo pre-execution cost: 1 ms .
[2026-09-18T17:47:42.709] [DEBUG] debug-file - entry : default@MakePackInfo cost memory 0.093353271484375
[2026-09-18T17:47:42.709] [INFO] debug-file - UP-TO-DATE :entry:default@MakePackInfo...  
[2026-09-18T17:47:42.709] [DEBUG] debug-file - Executing task :entry:default@SyscapTransform
[2026-09-18T17:47:42.709] [DEBUG] debug-file - File: '/Users/yujiantao/DevEcoStudioProjects/bang/entry/src/main/syscap.json' from 'sysCapJsonPath' is not exists, just ignore.
[2026-09-18T17:47:42.709] [DEBUG] debug-file - Task 'entry:default@SyscapTransform' cost while wrapping incremental declarations: 1 ms 
[2026-09-18T17:47:42.710] [DEBUG] debug-file - entry:default@SyscapTransform is not up-to-date, since the output file '/Users/yujiantao/DevEcoStudioProjects/bang/entry/build/default/intermediates/syscap/default/rpcid.sc' does not exist.
[2026-09-18T17:47:42.710] [DEBUG] debug-file - Incremental task entry:default@SyscapTransform pre-execution cost: 1 ms .
[2026-09-18T17:47:42.710] [DEBUG] debug-file - entry : default@SyscapTransform cost memory 0.10111236572265625
[2026-09-18T17:47:42.710] [DEBUG] debug-file - runTaskFromQueue task cost before running: 125 ms 
[2026-09-18T17:47:42.710] [INFO] debug-file - Finished :entry:default@SyscapTransform... after 1 ms 
[2026-09-18T17:47:42.710] [DEBUG] debug-file - Executing task :entry:default@ProcessProfile
[2026-09-18T17:47:42.711] [DEBUG] debug-file - Task 'entry:default@ProcessProfile' cost while wrapping incremental declarations: 1 ms 
[2026-09-18T17:47:42.711] [DEBUG] debug-file - Incremental task entry:default@ProcessProfile pre-execution cost: 1 ms .
[2026-09-18T17:47:42.711] [DEBUG] debug-file - entry : default@ProcessProfile cost memory 0.122344970703125
[2026-09-18T17:47:42.711] [INFO] debug-file - UP-TO-DATE :entry:default@ProcessProfile...  
[2026-09-18T17:47:42.711] [DEBUG] debug-file - Executing task :entry:default@ProcessRouterMap
[2026-09-18T17:47:42.712] [DEBUG] debug-file - Incremental task entry:default@ProcessRouterMap pre-execution cost: 1 ms .
[2026-09-18T17:47:42.712] [DEBUG] debug-file - entry : default@ProcessRouterMap cost memory 0.1211700439453125
[2026-09-18T17:47:42.712] [INFO] debug-file - UP-TO-DATE :entry:default@ProcessRouterMap...  
[2026-09-18T17:47:42.712] [DEBUG] debug-file - Executing task :entry:default@ProcessShareConfig
[2026-09-18T17:47:42.712] [DEBUG] debug-file - Incremental task entry:default@ProcessShareConfig pre-execution cost: 1 ms .
[2026-09-18T17:47:42.712] [DEBUG] debug-file - entry : default@ProcessShareConfig cost memory 0.10388946533203125
[2026-09-18T17:47:42.712] [INFO] debug-file - UP-TO-DATE :entry:default@ProcessShareConfig...  
[2026-09-18T17:47:42.713] [DEBUG] debug-file - Executing task :entry:default@ProcessStartupConfig
[2026-09-18T17:47:42.713] [DEBUG] debug-file - Task 'entry:default@ProcessStartupConfig' cost while wrapping incremental declarations: 1 ms 
[2026-09-18T17:47:42.713] [DEBUG] debug-file - entry:default@ProcessStartupConfig is not up-to-date, since the output file '/Users/yujiantao/DevEcoStudioProjects/bang/entry/build/default/intermediates/startup/default/startup_config.json' does not exist.
[2026-09-18T17:47:42.713] [DEBUG] debug-file - Incremental task entry:default@ProcessStartupConfig pre-execution cost: 1 ms .
[2026-09-18T17:47:42.713] [DEBUG] debug-file - entry : default@ProcessStartupConfig cost memory 0.1111297607421875
[2026-09-18T17:47:42.713] [DEBUG] debug-file - runTaskFromQueue task cost before running: 129 ms 
[2026-09-18T17:47:42.713] [INFO] debug-file - Finished :entry:default@ProcessStartupConfig... after 1 ms 
[2026-09-18T17:47:42.714] [DEBUG] debug-file - Executing task :entry:default@BuildNativeWithNinja
[2026-09-18T17:47:42.714] [DEBUG] debug-file - entry : default@BuildNativeWithNinja cost memory 0.01831817626953125
[2026-09-18T17:47:42.714] [DEBUG] debug-file - runTaskFromQueue task cost before running: 129 ms 
[2026-09-18T17:47:42.714] [INFO] debug-file - Finished :entry:default@BuildNativeWithNinja... after 1 ms 
[2026-09-18T17:47:42.714] [DEBUG] debug-file - restool module names: entry; moduleName=entry, taskName=default@ProcessResource
[2026-09-18T17:47:42.715] [DEBUG] debug-file - Executing task :entry:default@ProcessResource
[2026-09-18T17:47:42.715] [DEBUG] debug-file - Task 'entry:default@ProcessResource' cost while wrapping incremental declarations: 1 ms 
[2026-09-18T17:47:42.715] [DEBUG] debug-file - Incremental task entry:default@ProcessResource pre-execution cost: 1 ms .
[2026-09-18T17:47:42.715] [DEBUG] debug-file - entry : default@ProcessResource cost memory 0.115936279296875
[2026-09-18T17:47:42.715] [INFO] debug-file - UP-TO-DATE :entry:default@ProcessResource...  
[2026-09-18T17:47:42.717] [DEBUG] debug-file - Executing task :entry:default@GenerateLoaderJson
[2026-09-18T17:47:42.717] [DEBUG] debug-file - Task 'entry:default@GenerateLoaderJson' cost while wrapping incremental declarations: 1 ms 
[2026-09-18T17:47:42.719] [DEBUG] debug-file - Incremental task entry:default@GenerateLoaderJson pre-execution cost: 1 ms .
[2026-09-18T17:47:42.719] [DEBUG] debug-file - entry : default@GenerateLoaderJson cost memory 0.39778900146484375
[2026-09-18T17:47:42.720] [INFO] debug-file - UP-TO-DATE :entry:default@GenerateLoaderJson...  
[2026-09-18T17:47:42.720] [DEBUG] debug-file - Executing task :entry:default@ProcessLibs
[2026-09-18T17:47:42.720] [DEBUG] debug-file - Incremental task entry:default@ProcessLibs pre-execution cost: 1 ms .
[2026-09-18T17:47:42.720] [DEBUG] debug-file - entry : default@ProcessLibs cost memory 0.07357025146484375
[2026-09-18T17:47:42.720] [INFO] debug-file - UP-TO-DATE :entry:default@ProcessLibs...  
[2026-09-18T17:47:42.721] [DEBUG] debug-file - restool module names: entry; moduleName=entry, taskName=default@CompileResource
[2026-09-18T17:47:42.721] [DEBUG] debug-file - Executing task :entry:default@CompileResource
[2026-09-18T17:47:42.725] [DEBUG] debug-file - Incremental task entry:default@CompileResource pre-execution cost: 4 ms .
[2026-09-18T17:47:42.725] [DEBUG] debug-file - entry : default@CompileResource cost memory 0.6517791748046875
[2026-09-18T17:47:42.726] [INFO] debug-file - UP-TO-DATE :entry:default@CompileResource...  
[2026-09-18T17:47:42.726] [DEBUG] debug-file - Executing task :entry:default@DoNativeStrip
[2026-09-18T17:47:42.726] [DEBUG] debug-file - File: '/Users/yujiantao/DevEcoStudioProjects/bang/entry/build/default/intermediates/binxo/default' from 'doBinxoNativeLibs' is not exists, just ignore.
[2026-09-18T17:47:42.726] [DEBUG] debug-file - Task 'entry:default@DoNativeStrip' cost while wrapping incremental declarations: 1 ms 
[2026-09-18T17:47:42.726] [DEBUG] debug-file - Incremental task entry:default@DoNativeStrip pre-execution cost: 1 ms .
[2026-09-18T17:47:42.726] [DEBUG] debug-file - entry : default@DoNativeStrip cost memory 0.0706939697265625
[2026-09-18T17:47:42.726] [INFO] debug-file - UP-TO-DATE :entry:default@DoNativeStrip...  
[2026-09-18T17:47:42.727] [DEBUG] debug-file - Executing task :entry:default@CompileArkTS
[2026-09-18T17:47:42.727] [DEBUG] debug-file - obfuscationOptions: undefined
[2026-09-18T17:47:42.727] [DEBUG] debug-file - Task 'entry:default@CompileArkTS' cost while wrapping incremental declarations: 1 ms 
[2026-09-18T17:47:42.730] [DEBUG] debug-file - Incremental task entry:default@CompileArkTS pre-execution cost: 3 ms .
[2026-09-18T17:47:42.730] [DEBUG] debug-file - entry : default@CompileArkTS cost memory 0.7670364379882812
[2026-09-18T17:47:42.730] [INFO] debug-file - UP-TO-DATE :entry:default@CompileArkTS...  
[2026-09-18T17:47:42.730] [DEBUG] debug-file - Executing task :entry:default@BuildJS
[2026-09-18T17:47:42.730] [DEBUG] debug-file - Task 'entry:default@BuildJS' cost while wrapping incremental declarations: 1 ms 
[2026-09-18T17:47:42.731] [DEBUG] debug-file - entry : default@BuildJS cost memory 0.11954498291015625
[2026-09-18T17:47:42.731] [DEBUG] debug-file - runTaskFromQueue task cost before running: 146 ms 
[2026-09-18T17:47:42.731] [INFO] debug-file - Finished :entry:default@BuildJS... after 1 ms 
[2026-09-18T17:47:42.731] [DEBUG] debug-file - Executing task :entry:default@CacheNativeLibs
[2026-09-18T17:47:42.731] [DEBUG] debug-file - File: '/Users/yujiantao/DevEcoStudioProjects/bang/entry/build/default/intermediates/binxo/default' from 'cacheBinxoNativeLibs' is not exists, just ignore.
[2026-09-18T17:47:42.731] [DEBUG] debug-file - Task 'entry:default@CacheNativeLibs' cost while wrapping incremental declarations: 1 ms 
[2026-09-18T17:47:42.731] [DEBUG] debug-file - Incremental task entry:default@CacheNativeLibs pre-execution cost: 1 ms .
[2026-09-18T17:47:42.731] [DEBUG] debug-file - entry : default@CacheNativeLibs cost memory 0.08184814453125
[2026-09-18T17:47:42.731] [INFO] debug-file - UP-TO-DATE :entry:default@CacheNativeLibs...  
[2026-09-18T17:47:42.731] [DEBUG] debug-file - Executing task :entry:default@GeneratePkgModuleJson
[2026-09-18T17:47:42.732] [DEBUG] debug-file - File: '/Users/yujiantao/DevEcoStudioProjects/bang/entry/build/default/intermediates/preload/default/preload.json' from 'preloadSoJsonPath' is not exists, just ignore.
[2026-09-18T17:47:42.732] [DEBUG] debug-file - Error occurs while handling @Input 'shouldDeduplicateHar': The "data" argument must be of type string or an instance of Buffer, TypedArray, or DataView. Received undefined
[2026-09-18T17:47:42.732] [DEBUG] debug-file - Task 'entry:default@GeneratePkgModuleJson' cost while wrapping incremental declarations: 1 ms 
[2026-09-18T17:47:42.732] [DEBUG] debug-file - Incremental task entry:default@GeneratePkgModuleJson pre-execution cost: 1 ms .
[2026-09-18T17:47:42.732] [DEBUG] debug-file - entry : default@GeneratePkgModuleJson cost memory 0.08350372314453125
[2026-09-18T17:47:42.732] [INFO] debug-file - UP-TO-DATE :entry:default@GeneratePkgModuleJson...  
[2026-09-18T17:47:42.732] [DEBUG] debug-file - Executing task :entry:default@ProcessCompiledResources
[2026-09-18T17:47:42.732] [DEBUG] debug-file - File: '/Users/yujiantao/DevEcoStudioProjects/bang/entry/build/default/intermediates/preload/default/preload.json' from 'preloadSoJsonPath' is not exists, just ignore.
[2026-09-18T17:47:42.732] [DEBUG] debug-file - Task 'entry:default@ProcessCompiledResources' cost while wrapping incremental declarations: 1 ms 
[2026-09-18T17:47:42.732] [DEBUG] debug-file - entry : default@ProcessCompiledResources cost memory 0.052032470703125
[2026-09-18T17:47:42.732] [DEBUG] debug-file - runTaskFromQueue task cost before running: 148 ms 
[2026-09-18T17:47:42.732] [INFO] debug-file - Finished :entry:default@ProcessCompiledResources... after 1 ms 
[2026-09-18T17:47:42.733] [DEBUG] debug-file - Executing task :entry:default@PackageHap
[2026-09-18T17:47:42.735] [DEBUG] debug-file - Incremental task entry:default@PackageHap pre-execution cost: 2 ms .
[2026-09-18T17:47:42.735] [DEBUG] debug-file - entry : default@PackageHap cost memory 0.44974517822265625
[2026-09-18T17:47:42.735] [INFO] debug-file - UP-TO-DATE :entry:default@PackageHap...  
[2026-09-18T17:47:42.735] [DEBUG] debug-file - Executing task :entry:default@PackingCheck
[2026-09-18T17:47:42.738] [DEBUG] debug-file - entry : default@PackingCheck cost memory 0.45967864990234375
[2026-09-18T17:47:42.738] [DEBUG] debug-file - runTaskFromQueue task cost before running: 153 ms 
[2026-09-18T17:47:42.738] [INFO] debug-file - Finished :entry:default@PackingCheck... after 3 ms 
[2026-09-18T17:47:42.738] [DEBUG] debug-file - Executing task :entry:default@SignHap
[2026-09-18T17:47:42.738] [DEBUG] debug-file - Incremental task entry:default@SignHap pre-execution cost: 1 ms .
[2026-09-18T17:47:42.738] [DEBUG] debug-file - entry : default@SignHap cost memory 0.075714111328125
[2026-09-18T17:47:42.738] [INFO] debug-file - UP-TO-DATE :entry:default@SignHap...  
[2026-09-18T17:47:42.739] [DEBUG] debug-file - Executing task :entry:default@CollectDebugSymbol
[2026-09-18T17:47:42.739] [DEBUG] debug-file - entry : default@CollectDebugSymbol cost memory 0.07846832275390625
[2026-09-18T17:47:42.739] [DEBUG] debug-file - runTaskFromQueue task cost before running: 154 ms 
[2026-09-18T17:47:42.739] [INFO] debug-file - Finished :entry:default@CollectDebugSymbol... after 1 ms 
[2026-09-18T17:47:42.739] [DEBUG] debug-file - Executing task :entry:assembleHap
[2026-09-18T17:47:42.739] [DEBUG] debug-file - entry : assembleHap cost memory 0.01169586181640625
[2026-09-18T17:47:42.739] [DEBUG] debug-file - runTaskFromQueue task cost before running: 155 ms 
[2026-09-18T17:47:42.739] [INFO] debug-file - Finished :entry:assembleHap... after 1 ms 
[2026-09-18T17:47:42.739] [INFO] debug-file - BUILD SUCCESSFUL in 155 ms 
[2026-09-18T17:47:42.739] [DEBUG] debug-file - There is no need to refresh cache, since the incremental task entry:default@PreBuild is up-to-date.
[2026-09-18T17:47:42.740] [DEBUG] debug-file - Update task entry:default@CreateModuleInfo output file:/Users/yujiantao/DevEcoStudioProjects/bang/entry/build/default/generated/profile/default/ModuleInfo.ts cache.
[2026-09-18T17:47:42.740] [DEBUG] debug-file - Incremental task entry:default@CreateModuleInfo post-execution cost:1 ms .
[2026-09-18T17:47:42.740] [DEBUG] debug-file - There is no need to refresh cache, since the incremental task entry:default@GenerateMetadata is up-to-date.
[2026-09-18T17:47:42.740] [DEBUG] debug-file - There is no need to refresh cache, since the incremental task entry:default@MergeProfile is up-to-date.
[2026-09-18T17:47:42.740] [DEBUG] debug-file - There is no need to refresh cache, since the incremental task entry:default@CreateBuildProfile is up-to-date.
[2026-09-18T17:47:42.740] [DEBUG] debug-file - There is no need to refresh cache, since the incremental task entry:default@GeneratePkgContextInfo is up-to-date.
[2026-09-18T17:47:42.740] [DEBUG] debug-file - Update task entry:default@GeneratePkgSdkInfo output file:/Users/yujiantao/DevEcoStudioProjects/bang/entry/build/default/intermediates/loader/default/pkgSdkInfo.json cache.
[2026-09-18T17:47:42.740] [DEBUG] debug-file - Incremental task entry:default@GeneratePkgSdkInfo post-execution cost:1 ms .
[2026-09-18T17:47:42.740] [DEBUG] debug-file - Update task entry:default@ProcessIntegratedHsp output file:/Users/yujiantao/DevEcoStudioProjects/bang/build/cache/default/integrated_hsp/integratedHspCache.json cache.
[2026-09-18T17:47:42.740] [DEBUG] debug-file - Incremental task entry:default@ProcessIntegratedHsp post-execution cost:1 ms .
[2026-09-18T17:47:42.740] [DEBUG] debug-file - There is no need to refresh cache, since the incremental task entry:default@MakePackInfo is up-to-date.
[2026-09-18T17:47:42.740] [DEBUG] debug-file - Update task entry:default@SyscapTransform input file:/Applications/DevEco-Studio.app/Contents/sdk/default/openharmony/toolchains/syscap_tool cache by regenerate.
[2026-09-18T17:47:42.740] [DEBUG] debug-file - Update task entry:default@SyscapTransform input file:/Applications/DevEco-Studio.app/Contents/sdk/default/openharmony/ets/api/device-define cache by regenerate.
[2026-09-18T17:47:42.740] [DEBUG] debug-file - Update task entry:default@SyscapTransform output file:/Users/yujiantao/DevEcoStudioProjects/bang/entry/build/default/intermediates/syscap/default/rpcid.sc cache.
[2026-09-18T17:47:42.741] [DEBUG] debug-file - Incremental task entry:default@SyscapTransform post-execution cost:1 ms .
[2026-09-18T17:47:42.741] [DEBUG] debug-file - There is no need to refresh cache, since the incremental task entry:default@ProcessProfile is up-to-date.
[2026-09-18T17:47:42.741] [DEBUG] debug-file - There is no need to refresh cache, since the incremental task entry:default@ProcessRouterMap is up-to-date.
[2026-09-18T17:47:42.741] [DEBUG] debug-file - There is no need to refresh cache, since the incremental task entry:default@ProcessShareConfig is up-to-date.
[2026-09-18T17:47:42.741] [DEBUG] debug-file - Update task entry:default@ProcessStartupConfig input file:/Users/yujiantao/DevEcoStudioProjects/bang/entry/build/default/intermediates/loader/default/pkgContextInfo.json cache by regenerate.
[2026-09-18T17:47:42.741] [DEBUG] debug-file - Update task entry:default@ProcessStartupConfig output file:/Users/yujiantao/DevEcoStudioProjects/bang/entry/build/default/intermediates/startup/default/startup_config.json cache.
[2026-09-18T17:47:42.741] [DEBUG] debug-file - Incremental task entry:default@ProcessStartupConfig post-execution cost:1 ms .
[2026-09-18T17:47:42.741] [DEBUG] debug-file - There is no need to refresh cache, since the incremental task entry:default@ProcessResource is up-to-date.
[2026-09-18T17:47:42.741] [DEBUG] debug-file - There is no need to refresh cache, since the incremental task entry:default@GenerateLoaderJson is up-to-date.
[2026-09-18T17:47:42.741] [DEBUG] debug-file - There is no need to refresh cache, since the incremental task entry:default@ProcessLibs is up-to-date.
[2026-09-18T17:47:42.741] [DEBUG] debug-file - There is no need to refresh cache, since the incremental task entry:default@CompileResource is up-to-date.
[2026-09-18T17:47:42.741] [DEBUG] debug-file - There is no need to refresh cache, since the incremental task entry:default@DoNativeStrip is up-to-date.
[2026-09-18T17:47:42.741] [DEBUG] debug-file - There is no need to refresh cache, since the incremental task entry:default@CompileArkTS is up-to-date.
[2026-09-18T17:47:42.741] [DEBUG] debug-file - Update task entry:default@BuildJS input file:/Users/yujiantao/DevEcoStudioProjects/bang/entry/build/default/intermediates/loader/default cache by regenerate.
[2026-09-18T17:47:42.741] [DEBUG] debug-file - Update task entry:default@BuildJS input file:/Users/yujiantao/DevEcoStudioProjects/bang/entry/build/default/intermediates/res/default/resources/rawfile cache by regenerate.
[2026-09-18T17:47:42.742] [DEBUG] debug-file - Update task entry:default@BuildJS input file:/Users/yujiantao/DevEcoStudioProjects/bang/entry/build/default/intermediates/res/default/ResourceTable.txt cache by regenerate.
[2026-09-18T17:47:42.742] [DEBUG] debug-file - Update task entry:default@BuildJS input file:/Users/yujiantao/DevEcoStudioProjects/bang/entry/build/default/intermediates/res/default/ark_module.json cache by regenerate.
[2026-09-18T17:47:42.742] [DEBUG] debug-file - Update task entry:default@BuildJS input file:/Users/yujiantao/DevEcoStudioProjects/bang/entry/build/default/intermediates/res/default/resources/base/profile cache by regenerate.
[2026-09-18T17:47:42.742] [DEBUG] debug-file - Update task entry:default@BuildJS input file:/Users/yujiantao/DevEcoStudioProjects/bang/entry/build/default/intermediates/loader/default/pkgContextInfo.json cache by regenerate.
[2026-09-18T17:47:42.742] [DEBUG] debug-file - Update task entry:default@BuildJS output file:/Users/yujiantao/DevEcoStudioProjects/bang/entry/build/default/intermediates/loader_out/default/js cache.
[2026-09-18T17:47:42.742] [DEBUG] debug-file - Incremental task entry:default@BuildJS post-execution cost:2 ms .
[2026-09-18T17:47:42.742] [DEBUG] debug-file - There is no need to refresh cache, since the incremental task entry:default@CacheNativeLibs is up-to-date.
[2026-09-18T17:47:42.742] [DEBUG] debug-file - There is no need to refresh cache, since the incremental task entry:default@GeneratePkgModuleJson is up-to-date.
[2026-09-18T17:47:42.742] [DEBUG] debug-file - Incremental task entry:default@ProcessCompiledResources post-execution cost:1 ms .
[2026-09-18T17:47:42.743] [DEBUG] debug-file - There is no need to refresh cache, since the incremental task entry:default@PackageHap is up-to-date.
[2026-09-18T17:47:42.743] [DEBUG] debug-file - There is no need to refresh cache, since the incremental task entry:default@SignHap is up-to-date.
[2026-09-18T17:47:42.743] [DEBUG] debug-file - Update task entry:default@CollectDebugSymbol input file:/Users/yujiantao/DevEcoStudioProjects/bang/entry/build/default/intermediates/loader_out/default/ets/sourceMaps.map cache by regenerate.
[2026-09-18T17:47:42.743] [DEBUG] debug-file - Update task entry:default@CollectDebugSymbol input file:/Users/yujiantao/DevEcoStudioProjects/bang/entry/build/default/intermediates/libs/default cache by regenerate.
[2026-09-18T17:47:42.743] [DEBUG] debug-file - Update task entry:default@CollectDebugSymbol output file:/Users/yujiantao/DevEcoStudioProjects/bang/entry/build/default/outputs/default/symbol cache.
[2026-09-18T17:47:42.743] [DEBUG] debug-file - Incremental task entry:default@CollectDebugSymbol post-execution cost:1 ms .
[2026-09-18T17:47:42.751] [DEBUG] debug-file - hvigor build process will be closed.
[2026-09-18T17:47:42.790] [DEBUG] debug-file - session manager: send message to worker process.
[2026-09-18T17:47:42.790] [DEBUG] debug-file - session manager: send message to worker process.
[2026-09-18T17:47:42.793] [DEBUG] debug-file - watch worker: worker id should be larger than 0. Nothing will be sent to any worker thread.
[2026-09-18T17:47:42.793] [DEBUG] debug-file - watch worker: worker id should be larger than 0. Nothing will be sent to any worker thread.
[2026-09-18T17:47:49.777] [DEBUG] debug-file - session manager: set active socket. socketId=az0TSqPg17wMSy4pAABd
[2026-09-18T17:47:49.781] [DEBUG] debug-file - watch worker: worker id should be larger than 0. Nothing will be sent to any worker thread.
[2026-09-18T17:47:49.785] [DEBUG] debug-file - Workers' log level updated to INFO
[2026-09-18T17:47:49.787] [DEBUG] debug-file - Hvigor init with startParameters:{
  hvigorfileTypeCheck: false,
  parallelExecution: true,
  incrementalExecution: true,
  printStackTrace: false,
  daemon: true,
  analyze: 0,
  logLevel: Level { level: 20000, levelStr: 'INFO', colour: 'green' },
  optimizationStrategy: 'memory',
  hotCompile: undefined,
  hotReloadBuild: undefined,
  customizedParam: undefined
}
[2026-09-18T17:47:49.793] [DEBUG] debug-file - Cache service initialization finished in 6 ms 
[2026-09-18T17:47:49.794] [DEBUG] debug-file - hvigorfile, resolving /Users/yujiantao/DevEcoStudioProjects/bang/hvigorfile.ts
[2026-09-18T17:47:49.800] [DEBUG] debug-file - hvigorfile, require result:  { default: { plugins: [] } }
[2026-09-18T17:47:49.800] [DEBUG] debug-file - hvigorfile, binding system plugins null
[2026-09-18T17:47:49.801] [DEBUG] debug-file - Starting plugin build process
[2026-09-18T17:47:49.801] [DEBUG] debug-file - App plugin prepare start...
[2026-09-18T17:47:49.801] [DEBUG] debug-file - App plugin prepare end...
[2026-09-18T17:47:49.801] [DEBUG] debug-file - App plugin creating...
[2026-09-18T17:47:49.803] [DEBUG] debug-file - App plugin register hook start...
[2026-09-18T17:47:49.803] [DEBUG] debug-file - App plugin register hook end...
[2026-09-18T17:47:49.803] [DEBUG] debug-file - Plugin build process completed
[2026-09-18T17:47:49.804] [DEBUG] debug-file - Start initialize project's product build option map with build mode debug.
[2026-09-18T17:47:49.804] [DEBUG] debug-file - Picking option from product 'default' with build mode 'debug'.
[2026-09-18T17:47:49.804] [DEBUG] debug-file - Product 'default' build option initialized
[2026-09-18T17:47:49.804] [DEBUG] debug-file - End initialize project's product build option map with build mode 'debug'.
[2026-09-18T17:47:49.804] [DEBUG] debug-file - Obtain build option for product 'default'in this build.
[2026-09-18T17:47:49.804] [DEBUG] debug-file - /Users/yujiantao/DevEcoStudioProjects/bang/build/cache/default/remote_hsp/remoteHspCache.json not exists.
[2026-09-18T17:47:49.806] [DEBUG] debug-file - Start recording SDK configuration permission data.
[2026-09-18T17:47:49.822] [DEBUG] debug-file - Sdk init in 17 ms 
[2026-09-18T17:47:49.823] [DEBUG] debug-file - Project task initialization takes 2 ms 
[2026-09-18T17:47:49.823] [DEBUG] debug-file - hvigorfile, begin to bind custom plugins...
[2026-09-18T17:47:49.823] [DEBUG] debug-file - hvigorfile, no custom plugins were found in /Users/yujiantao/DevEcoStudioProjects/bang/hvigorfile.ts
[2026-09-18T17:47:49.823] [DEBUG] debug-file - hvigorfile, resolve finished /Users/yujiantao/DevEcoStudioProjects/bang/hvigorfile.ts
[2026-09-18T17:47:49.823] [DEBUG] debug-file - hvigorfile, resolving /Users/yujiantao/DevEcoStudioProjects/bang/entry/hvigorfile.ts
[2026-09-18T17:47:49.826] [DEBUG] debug-file - hvigorfile, require result:  { default: { plugins: [] } }
[2026-09-18T17:47:49.826] [DEBUG] debug-file - hvigorfile, binding system plugins null
[2026-09-18T17:47:49.826] [DEBUG] debug-file - Starting plugin build process
[2026-09-18T17:47:49.826] [DEBUG] debug-file - Hap plugin creating...
[2026-09-18T17:47:49.826] [DEBUG] debug-file - failed to load cangjie to dynamically generate schemas: Error: Cannot find module '@ohos/cangjie-build-support/index'
Require stack:
- /Applications/DevEco-Studio.app/Contents/tools/hvigor/hvigor-ohos-plugin/src/plugin/hooks/cangjie-register.js
- /Applications/DevEco-Studio.app/Contents/tools/hvigor/hvigor-ohos-plugin/src/plugin/strategy/stage-init-strategy.js
- /Applications/DevEco-Studio.app/Contents/tools/hvigor/hvigor-ohos-plugin/src/plugin/builder/abstract-plugin-builder.js
- /Applications/DevEco-Studio.app/Contents/tools/hvigor/hvigor-ohos-plugin/src/plugin/builder/app-plugin-builder.js
- /Applications/DevEco-Studio.app/Contents/tools/hvigor/hvigor-ohos-plugin/src/plugin/factory/plugin-factory.js
- /Applications/DevEco-Studio.app/Contents/tools/hvigor/hvigor-ohos-plugin/index.js
- /Users/yujiantao/DevEcoStudioProjects/bang/hvigorfile.ts
- /Applications/DevEco-Studio.app/Contents/tools/hvigor/hvigor/src/base/internal/lifecycle/configuration.js
- /Applications/DevEco-Studio.app/Contents/tools/hvigor/hvigor/src/base/boot/index.js
- /Applications/DevEco-Studio.app/Contents/tools/hvigor/hvigor/src/base/daemon/cluster/worker-process-lifecycle.js
- /Applications/DevEco-Studio.app/Contents/tools/hvigor/hvigor/src/base/daemon/process/daemon-process-boot-script.js
[2026-09-18T17:47:49.827] [DEBUG] debug-file - Start initialize module-target build option map, moduleName=entry, buildMode=debug
[2026-09-18T17:47:49.827] [DEBUG] debug-file - Target 'default' config initialized
[2026-09-18T17:47:49.827] [DEBUG] debug-file - Module 'entry' target 'default' build option initialized
[2026-09-18T17:47:49.827] [DEBUG] debug-file - End initialize module-target build option map, moduleName=entry
[2026-09-18T17:47:49.827] [DEBUG] debug-file - Start initialize module-target build option map, moduleName=entry, buildMode=release
[2026-09-18T17:47:49.827] [DEBUG] debug-file - Target 'default' config initialized
[2026-09-18T17:47:49.827] [DEBUG] debug-file - Module 'entry' target 'default' build option initialized
[2026-09-18T17:47:49.827] [DEBUG] debug-file - End initialize module-target build option map, moduleName=entry
[2026-09-18T17:47:49.827] [DEBUG] debug-file - Start initialize module-target build option map, moduleName=entry, buildMode=debug
[2026-09-18T17:47:49.828] [DEBUG] debug-file - Target 'default' config initialized
[2026-09-18T17:47:49.828] [DEBUG] debug-file - Module 'entry' target 'default' build option initialized
[2026-09-18T17:47:49.828] [DEBUG] debug-file - End initialize module-target build option map, moduleName=entry
[2026-09-18T17:47:49.828] [DEBUG] debug-file - Obtain build option for module 'entry' target 'default'in this build.
[2026-09-18T17:47:49.828] [DEBUG] debug-file - Module entry task initialization takes 1 ms 
[2026-09-18T17:47:49.828] [DEBUG] debug-file - Hap plugin register hook start...
[2026-09-18T17:47:49.828] [DEBUG] debug-file - Hap plugin register hook end...
[2026-09-18T17:47:49.828] [DEBUG] debug-file - Plugin build process completed
[2026-09-18T17:47:49.829] [DEBUG] debug-file - hvigorfile, begin to bind custom plugins...
[2026-09-18T17:47:49.829] [DEBUG] debug-file - hvigorfile, no custom plugins were found in /Users/yujiantao/DevEcoStudioProjects/bang/entry/hvigorfile.ts
[2026-09-18T17:47:49.829] [DEBUG] debug-file - hvigorfile, resolve finished /Users/yujiantao/DevEcoStudioProjects/bang/entry/hvigorfile.ts
[2026-09-18T17:47:49.881] [DEBUG] debug-file - hvigorfile, resolve hvigorfile dependencies in 53 ms 
[2026-09-18T17:47:49.882] [DEBUG] debug-file - project has submodules:entry
[2026-09-18T17:47:49.882] [DEBUG] debug-file - module:entry no need to execute packageHap
[2026-09-18T17:47:49.882] [DEBUG] debug-file - start to load updatedOhPackageInfo to the disk
[2026-09-18T17:47:49.883] [DEBUG] debug-file - load to the disk finished
[2026-09-18T17:47:49.883] [DEBUG] debug-file - Start to initialize dependency information.
[2026-09-18T17:47:49.883] [DEBUG] debug-file - Module bang Collected Dependency: 
[2026-09-18T17:47:49.883] [DEBUG] debug-file - Module bang's total dependency: 0
[2026-09-18T17:47:49.883] [DEBUG] debug-file - Start to initialize dependency information.
[2026-09-18T17:47:49.884] [DEBUG] debug-file - Module entry Collected Dependency: 
[2026-09-18T17:47:49.884] [DEBUG] debug-file - Module entry's total dependency: 0
[2026-09-18T17:47:49.884] [DEBUG] debug-file - Configuration phase cost:92 ms 
[2026-09-18T17:47:49.885] [DEBUG] debug-file - Configuration task cost before running: 100 ms 
[2026-09-18T17:47:49.886] [DEBUG] debug-file - Executing task :entry:default@PreBuild
[2026-09-18T17:47:49.887] [DEBUG] debug-file - Task 'entry:default@PreBuild' cost while wrapping incremental declarations: 1 ms 
[2026-09-18T17:47:49.888] [DEBUG] debug-file - entry:default@PreBuild is not up-to-date, since the task snapshots are different.
[2026-09-18T17:47:49.888] [DEBUG] debug-file - Incremental task entry:default@PreBuild pre-execution cost: 1 ms .
[2026-09-18T17:47:49.890] [DEBUG] debug-file - current product is not Atomic service.
[2026-09-18T17:47:49.890] [DEBUG] debug-file - Use tool [darwin: JAVA_HOME, CLASSPATH]
 [
  {
    JAVA_HOME: '/Applications/DevEco-Studio.app/Contents/jbr/Contents/Home'
  },
  { CLASSPATH: undefined }
]
[2026-09-18T17:47:49.890] [DEBUG] debug-file - Use tool [darwin: NODE_HOME]
 [
  {
    NODE_HOME: '/Applications/DevEco-Studio.app/Contents/tools/node/bin'
  }
]
[2026-09-18T17:47:49.890] [DEBUG] debug-file - entry : default@PreBuild cost memory 0.9072418212890625
[2026-09-18T17:47:49.890] [DEBUG] debug-file - runTaskFromQueue task cost before running: 106 ms 
[2026-09-18T17:47:49.891] [INFO] debug-file - Finished :entry:default@PreBuild... after 5 ms 
[2026-09-18T17:47:49.891] [DEBUG] debug-file - Executing task :entry:default@CreateModuleInfo
[2026-09-18T17:47:49.891] [DEBUG] debug-file - Task 'entry:default@CreateModuleInfo' cost while wrapping incremental declarations: 1 ms 
[2026-09-18T17:47:49.891] [DEBUG] debug-file - entry : default@CreateModuleInfo cost memory 0.035369873046875
[2026-09-18T17:47:49.891] [DEBUG] debug-file - runTaskFromQueue task cost before running: 106 ms 
[2026-09-18T17:47:49.891] [INFO] debug-file - Finished :entry:default@CreateModuleInfo... after 1 ms 
[2026-09-18T17:47:49.891] [DEBUG] debug-file - Executing task :entry:default@GenerateMetadata
[2026-09-18T17:47:49.891] [DEBUG] debug-file - Task 'entry:default@GenerateMetadata' cost while wrapping incremental declarations: 1 ms 
[2026-09-18T17:47:49.892] [DEBUG] debug-file - Incremental task entry:default@GenerateMetadata pre-execution cost: 1 ms .
[2026-09-18T17:47:49.892] [DEBUG] debug-file - entry : default@GenerateMetadata cost memory 0.06787872314453125
[2026-09-18T17:47:49.892] [INFO] debug-file - UP-TO-DATE :entry:default@GenerateMetadata...  
[2026-09-18T17:47:49.892] [DEBUG] debug-file - Executing task :entry:default@ConfigureCmake
[2026-09-18T17:47:49.892] [DEBUG] debug-file - entry : default@ConfigureCmake cost memory 0.01342010498046875
[2026-09-18T17:47:49.892] [DEBUG] debug-file - runTaskFromQueue task cost before running: 107 ms 
[2026-09-18T17:47:49.892] [INFO] debug-file - Finished :entry:default@ConfigureCmake... after 1 ms 
[2026-09-18T17:47:49.892] [DEBUG] debug-file - Executing task :entry:default@MergeProfile
[2026-09-18T17:47:49.892] [DEBUG] debug-file - Task 'entry:default@MergeProfile' cost while wrapping incremental declarations: 1 ms 
[2026-09-18T17:47:49.893] [DEBUG] debug-file - Incremental task entry:default@MergeProfile pre-execution cost: 1 ms .
[2026-09-18T17:47:49.893] [DEBUG] debug-file - entry : default@MergeProfile cost memory 0.11371612548828125
[2026-09-18T17:47:49.893] [INFO] debug-file - UP-TO-DATE :entry:default@MergeProfile...  
[2026-09-18T17:47:49.893] [DEBUG] debug-file - Executing task :entry:default@CreateBuildProfile
[2026-09-18T17:47:49.893] [DEBUG] debug-file - Task 'entry:default@CreateBuildProfile' cost while wrapping incremental declarations: 1 ms 
[2026-09-18T17:47:49.893] [DEBUG] debug-file - Incremental task entry:default@CreateBuildProfile pre-execution cost: 1 ms .
[2026-09-18T17:47:49.893] [DEBUG] debug-file - entry : default@CreateBuildProfile cost memory 0.08051300048828125
[2026-09-18T17:47:49.894] [INFO] debug-file - UP-TO-DATE :entry:default@CreateBuildProfile...  
[2026-09-18T17:47:49.894] [DEBUG] debug-file - Executing task :entry:default@PreCheckSyscap
[2026-09-18T17:47:49.894] [DEBUG] debug-file - entry : default@PreCheckSyscap cost memory 0.01625823974609375
[2026-09-18T17:47:49.894] [DEBUG] debug-file - runTaskFromQueue task cost before running: 109 ms 
[2026-09-18T17:47:49.894] [INFO] debug-file - Finished :entry:default@PreCheckSyscap... after 1 ms 
[2026-09-18T17:47:49.894] [DEBUG] debug-file - Executing task :entry:default@GeneratePkgContextInfo
[2026-09-18T17:47:49.895] [DEBUG] debug-file - Task 'entry:default@GeneratePkgContextInfo' cost while wrapping incremental declarations: 1 ms 
[2026-09-18T17:47:49.895] [DEBUG] debug-file - Incremental task entry:default@GeneratePkgContextInfo pre-execution cost: 1 ms .
[2026-09-18T17:47:49.895] [DEBUG] debug-file - entry : default@GeneratePkgContextInfo cost memory 0.1867828369140625
[2026-09-18T17:47:49.895] [INFO] debug-file - UP-TO-DATE :entry:default@GeneratePkgContextInfo...  
[2026-09-18T17:47:49.897] [DEBUG] debug-file - Executing task :entry:default@GeneratePkgSdkInfo
[2026-09-18T17:47:49.897] [DEBUG] debug-file - Task 'entry:default@GeneratePkgSdkInfo' cost while wrapping incremental declarations: 1 ms 
[2026-09-18T17:47:49.897] [DEBUG] debug-file - entry : default@GeneratePkgSdkInfo cost memory 0.07062530517578125
[2026-09-18T17:47:49.897] [DEBUG] debug-file - runTaskFromQueue task cost before running: 112 ms 
[2026-09-18T17:47:49.897] [INFO] debug-file - Finished :entry:default@GeneratePkgSdkInfo... after 1 ms 
[2026-09-18T17:47:49.898] [DEBUG] debug-file - Executing task :entry:default@ProcessIntegratedHsp
[2026-09-18T17:47:49.898] [DEBUG] debug-file - entry:default@ProcessIntegratedHsp is not up-to-date, since the output file '/Users/yujiantao/DevEcoStudioProjects/bang/build/cache/default/integrated_hsp/integratedHspCache.json' does not exist.
[2026-09-18T17:47:49.898] [DEBUG] debug-file - Incremental task entry:default@ProcessIntegratedHsp pre-execution cost: 1 ms .
[2026-09-18T17:47:49.898] [DEBUG] debug-file - entry : default@ProcessIntegratedHsp cost memory 0.05307769775390625
[2026-09-18T17:47:49.898] [DEBUG] debug-file - runTaskFromQueue task cost before running: 113 ms 
[2026-09-18T17:47:49.898] [INFO] debug-file - Finished :entry:default@ProcessIntegratedHsp... after 1 ms 
[2026-09-18T17:47:49.898] [DEBUG] debug-file - Executing task :entry:default@BuildNativeWithCmake
[2026-09-18T17:47:49.898] [DEBUG] debug-file - entry : default@BuildNativeWithCmake cost memory 0.013519287109375
[2026-09-18T17:47:49.898] [DEBUG] debug-file - runTaskFromQueue task cost before running: 114 ms 
[2026-09-18T17:47:49.898] [INFO] debug-file - Finished :entry:default@BuildNativeWithCmake... after 1 ms 
[2026-09-18T17:47:49.898] [DEBUG] debug-file - Executing task :entry:default@MakePackInfo
[2026-09-18T17:47:49.899] [DEBUG] debug-file - Incremental task entry:default@MakePackInfo pre-execution cost: 1 ms .
[2026-09-18T17:47:49.899] [DEBUG] debug-file - entry : default@MakePackInfo cost memory 0.099212646484375
[2026-09-18T17:47:49.899] [INFO] debug-file - UP-TO-DATE :entry:default@MakePackInfo...  
[2026-09-18T17:47:49.899] [DEBUG] debug-file - Executing task :entry:default@SyscapTransform
[2026-09-18T17:47:49.899] [DEBUG] debug-file - File: '/Users/yujiantao/DevEcoStudioProjects/bang/entry/src/main/syscap.json' from 'sysCapJsonPath' is not exists, just ignore.
[2026-09-18T17:47:49.899] [DEBUG] debug-file - Task 'entry:default@SyscapTransform' cost while wrapping incremental declarations: 1 ms 
[2026-09-18T17:47:49.899] [DEBUG] debug-file - entry:default@SyscapTransform is not up-to-date, since the output file '/Users/yujiantao/DevEcoStudioProjects/bang/entry/build/default/intermediates/syscap/default/rpcid.sc' does not exist.
[2026-09-18T17:47:49.900] [DEBUG] debug-file - Incremental task entry:default@SyscapTransform pre-execution cost: 1 ms .
[2026-09-18T17:47:49.900] [DEBUG] debug-file - entry : default@SyscapTransform cost memory 0.114654541015625
[2026-09-18T17:47:49.900] [DEBUG] debug-file - runTaskFromQueue task cost before running: 115 ms 
[2026-09-18T17:47:49.900] [INFO] debug-file - Finished :entry:default@SyscapTransform... after 1 ms 
[2026-09-18T17:47:49.900] [DEBUG] debug-file - Executing task :entry:default@ProcessProfile
[2026-09-18T17:47:49.901] [DEBUG] debug-file - Task 'entry:default@ProcessProfile' cost while wrapping incremental declarations: 1 ms 
[2026-09-18T17:47:49.901] [DEBUG] debug-file - Incremental task entry:default@ProcessProfile pre-execution cost: 1 ms .
[2026-09-18T17:47:49.901] [DEBUG] debug-file - entry : default@ProcessProfile cost memory 0.12188720703125
[2026-09-18T17:47:49.901] [INFO] debug-file - UP-TO-DATE :entry:default@ProcessProfile...  
[2026-09-18T17:47:49.902] [DEBUG] debug-file - Executing task :entry:default@ProcessRouterMap
[2026-09-18T17:47:49.902] [DEBUG] debug-file - Incremental task entry:default@ProcessRouterMap pre-execution cost: 1 ms .
[2026-09-18T17:47:49.902] [DEBUG] debug-file - entry : default@ProcessRouterMap cost memory 0.12060546875
[2026-09-18T17:47:49.902] [INFO] debug-file - UP-TO-DATE :entry:default@ProcessRouterMap...  
[2026-09-18T17:47:49.902] [DEBUG] debug-file - Executing task :entry:default@ProcessShareConfig
[2026-09-18T17:47:49.903] [DEBUG] debug-file - Incremental task entry:default@ProcessShareConfig pre-execution cost: 1 ms .
[2026-09-18T17:47:49.903] [DEBUG] debug-file - entry : default@ProcessShareConfig cost memory 0.10343170166015625
[2026-09-18T17:47:49.903] [INFO] debug-file - UP-TO-DATE :entry:default@ProcessShareConfig...  
[2026-09-18T17:47:49.903] [DEBUG] debug-file - Executing task :entry:default@ProcessStartupConfig
[2026-09-18T17:47:49.903] [DEBUG] debug-file - Task 'entry:default@ProcessStartupConfig' cost while wrapping incremental declarations: 1 ms 
[2026-09-18T17:47:49.903] [DEBUG] debug-file - entry:default@ProcessStartupConfig is not up-to-date, since the output file '/Users/yujiantao/DevEcoStudioProjects/bang/entry/build/default/intermediates/startup/default/startup_config.json' does not exist.
[2026-09-18T17:47:49.903] [DEBUG] debug-file - Incremental task entry:default@ProcessStartupConfig pre-execution cost: 1 ms .
[2026-09-18T17:47:49.903] [DEBUG] debug-file - entry : default@ProcessStartupConfig cost memory 0.11406707763671875
[2026-09-18T17:47:49.903] [DEBUG] debug-file - runTaskFromQueue task cost before running: 119 ms 
[2026-09-18T17:47:49.903] [INFO] debug-file - Finished :entry:default@ProcessStartupConfig... after 1 ms 
[2026-09-18T17:47:49.904] [DEBUG] debug-file - Executing task :entry:default@BuildNativeWithNinja
[2026-09-18T17:47:49.904] [DEBUG] debug-file - entry : default@BuildNativeWithNinja cost memory 0.01828765869140625
[2026-09-18T17:47:49.904] [DEBUG] debug-file - runTaskFromQueue task cost before running: 119 ms 
[2026-09-18T17:47:49.904] [INFO] debug-file - Finished :entry:default@BuildNativeWithNinja... after 1 ms 
[2026-09-18T17:47:49.904] [DEBUG] debug-file - restool module names: entry; moduleName=entry, taskName=default@ProcessResource
[2026-09-18T17:47:49.904] [DEBUG] debug-file - Executing task :entry:default@ProcessResource
[2026-09-18T17:47:49.904] [DEBUG] debug-file - Task 'entry:default@ProcessResource' cost while wrapping incremental declarations: 1 ms 
[2026-09-18T17:47:49.904] [DEBUG] debug-file - Incremental task entry:default@ProcessResource pre-execution cost: 1 ms .
[2026-09-18T17:47:49.905] [DEBUG] debug-file - entry : default@ProcessResource cost memory 0.11693572998046875
[2026-09-18T17:47:49.905] [INFO] debug-file - UP-TO-DATE :entry:default@ProcessResource...  
[2026-09-18T17:47:49.905] [DEBUG] debug-file - Executing task :entry:default@GenerateLoaderJson
[2026-09-18T17:47:49.905] [DEBUG] debug-file - Task 'entry:default@GenerateLoaderJson' cost while wrapping incremental declarations: 1 ms 
[2026-09-18T17:47:49.907] [DEBUG] debug-file - Incremental task entry:default@GenerateLoaderJson pre-execution cost: 1 ms .
[2026-09-18T17:47:49.907] [DEBUG] debug-file - entry : default@GenerateLoaderJson cost memory 0.39499664306640625
[2026-09-18T17:47:49.907] [INFO] debug-file - UP-TO-DATE :entry:default@GenerateLoaderJson...  
[2026-09-18T17:47:49.907] [DEBUG] debug-file - Executing task :entry:default@ProcessLibs
[2026-09-18T17:47:49.907] [DEBUG] debug-file - Incremental task entry:default@ProcessLibs pre-execution cost: 1 ms .
[2026-09-18T17:47:49.908] [DEBUG] debug-file - entry : default@ProcessLibs cost memory 0.07938385009765625
[2026-09-18T17:47:49.908] [INFO] debug-file - UP-TO-DATE :entry:default@ProcessLibs...  
[2026-09-18T17:47:49.908] [DEBUG] debug-file - restool module names: entry; moduleName=entry, taskName=default@CompileResource
[2026-09-18T17:47:49.908] [DEBUG] debug-file - Executing task :entry:default@CompileResource
[2026-09-18T17:47:49.912] [DEBUG] debug-file - Incremental task entry:default@CompileResource pre-execution cost: 4 ms .
[2026-09-18T17:47:49.912] [DEBUG] debug-file - entry : default@CompileResource cost memory 0.6447982788085938
[2026-09-18T17:47:49.912] [INFO] debug-file - UP-TO-DATE :entry:default@CompileResource...  
[2026-09-18T17:47:49.912] [DEBUG] debug-file - Executing task :entry:default@DoNativeStrip
[2026-09-18T17:47:49.915] [DEBUG] debug-file - File: '/Users/yujiantao/DevEcoStudioProjects/bang/entry/build/default/intermediates/binxo/default' from 'doBinxoNativeLibs' is not exists, just ignore.
[2026-09-18T17:47:49.915] [DEBUG] debug-file - Task 'entry:default@DoNativeStrip' cost while wrapping incremental declarations: 1 ms 
[2026-09-18T17:47:49.916] [DEBUG] debug-file - Incremental task entry:default@DoNativeStrip pre-execution cost: 1 ms .
[2026-09-18T17:47:49.916] [DEBUG] debug-file - entry : default@DoNativeStrip cost memory -7.542137145996094
[2026-09-18T17:47:49.916] [INFO] debug-file - UP-TO-DATE :entry:default@DoNativeStrip...  
[2026-09-18T17:47:49.916] [DEBUG] debug-file - Executing task :entry:default@CompileArkTS
[2026-09-18T17:47:49.916] [DEBUG] debug-file - obfuscationOptions: undefined
[2026-09-18T17:47:49.917] [DEBUG] debug-file - Task 'entry:default@CompileArkTS' cost while wrapping incremental declarations: 1 ms 
[2026-09-18T17:47:49.919] [DEBUG] debug-file - Incremental task entry:default@CompileArkTS pre-execution cost: 3 ms .
[2026-09-18T17:47:49.919] [DEBUG] debug-file - entry : default@CompileArkTS cost memory 0.613739013671875
[2026-09-18T17:47:49.920] [INFO] debug-file - UP-TO-DATE :entry:default@CompileArkTS...  
[2026-09-18T17:47:49.920] [DEBUG] debug-file - Executing task :entry:default@BuildJS
[2026-09-18T17:47:49.920] [DEBUG] debug-file - Task 'entry:default@BuildJS' cost while wrapping incremental declarations: 1 ms 
[2026-09-18T17:47:49.921] [DEBUG] debug-file - entry : default@BuildJS cost memory 0.11952972412109375
[2026-09-18T17:47:49.921] [DEBUG] debug-file - runTaskFromQueue task cost before running: 136 ms 
[2026-09-18T17:47:49.921] [INFO] debug-file - Finished :entry:default@BuildJS... after 1 ms 
[2026-09-18T17:47:49.921] [DEBUG] debug-file - Executing task :entry:default@CacheNativeLibs
[2026-09-18T17:47:49.921] [DEBUG] debug-file - File: '/Users/yujiantao/DevEcoStudioProjects/bang/entry/build/default/intermediates/binxo/default' from 'cacheBinxoNativeLibs' is not exists, just ignore.
[2026-09-18T17:47:49.921] [DEBUG] debug-file - Task 'entry:default@CacheNativeLibs' cost while wrapping incremental declarations: 1 ms 
[2026-09-18T17:47:49.921] [DEBUG] debug-file - Incremental task entry:default@CacheNativeLibs pre-execution cost: 1 ms .
[2026-09-18T17:47:49.921] [DEBUG] debug-file - entry : default@CacheNativeLibs cost memory 0.0889129638671875
[2026-09-18T17:47:49.921] [INFO] debug-file - UP-TO-DATE :entry:default@CacheNativeLibs...  
[2026-09-18T17:47:49.921] [DEBUG] debug-file - Executing task :entry:default@GeneratePkgModuleJson
[2026-09-18T17:47:49.921] [DEBUG] debug-file - File: '/Users/yujiantao/DevEcoStudioProjects/bang/entry/build/default/intermediates/preload/default/preload.json' from 'preloadSoJsonPath' is not exists, just ignore.
[2026-09-18T17:47:49.922] [DEBUG] debug-file - Error occurs while handling @Input 'shouldDeduplicateHar': The "data" argument must be of type string or an instance of Buffer, TypedArray, or DataView. Received undefined
[2026-09-18T17:47:49.922] [DEBUG] debug-file - Task 'entry:default@GeneratePkgModuleJson' cost while wrapping incremental declarations: 1 ms 
[2026-09-18T17:47:49.922] [DEBUG] debug-file - Incremental task entry:default@GeneratePkgModuleJson pre-execution cost: 1 ms .
[2026-09-18T17:47:49.922] [DEBUG] debug-file - entry : default@GeneratePkgModuleJson cost memory 0.083251953125
[2026-09-18T17:47:49.922] [INFO] debug-file - UP-TO-DATE :entry:default@GeneratePkgModuleJson...  
[2026-09-18T17:47:49.922] [DEBUG] debug-file - Executing task :entry:default@ProcessCompiledResources
[2026-09-18T17:47:49.922] [DEBUG] debug-file - File: '/Users/yujiantao/DevEcoStudioProjects/bang/entry/build/default/intermediates/preload/default/preload.json' from 'preloadSoJsonPath' is not exists, just ignore.
[2026-09-18T17:47:49.922] [DEBUG] debug-file - Task 'entry:default@ProcessCompiledResources' cost while wrapping incremental declarations: 1 ms 
[2026-09-18T17:47:49.922] [DEBUG] debug-file - entry : default@ProcessCompiledResources cost memory 0.052032470703125
[2026-09-18T17:47:49.922] [DEBUG] debug-file - runTaskFromQueue task cost before running: 137 ms 
[2026-09-18T17:47:49.922] [INFO] debug-file - Finished :entry:default@ProcessCompiledResources... after 1 ms 
[2026-09-18T17:47:49.922] [DEBUG] debug-file - Executing task :entry:default@PackageHap
[2026-09-18T17:47:49.925] [DEBUG] debug-file - Incremental task entry:default@PackageHap pre-execution cost: 2 ms .
[2026-09-18T17:47:49.925] [DEBUG] debug-file - entry : default@PackageHap cost memory 0.4016876220703125
[2026-09-18T17:47:49.925] [INFO] debug-file - UP-TO-DATE :entry:default@PackageHap...  
[2026-09-18T17:47:49.925] [DEBUG] debug-file - Executing task :entry:default@PackingCheck
[2026-09-18T17:47:49.927] [DEBUG] debug-file - entry : default@PackingCheck cost memory 0.460235595703125
[2026-09-18T17:47:49.927] [DEBUG] debug-file - runTaskFromQueue task cost before running: 142 ms 
[2026-09-18T17:47:49.927] [INFO] debug-file - Finished :entry:default@PackingCheck... after 3 ms 
[2026-09-18T17:47:49.928] [DEBUG] debug-file - Executing task :entry:default@SignHap
[2026-09-18T17:47:49.928] [DEBUG] debug-file - Incremental task entry:default@SignHap pre-execution cost: 1 ms .
[2026-09-18T17:47:49.928] [DEBUG] debug-file - entry : default@SignHap cost memory 0.07529449462890625
[2026-09-18T17:47:49.928] [INFO] debug-file - UP-TO-DATE :entry:default@SignHap...  
[2026-09-18T17:47:49.928] [DEBUG] debug-file - Executing task :entry:default@CollectDebugSymbol
[2026-09-18T17:47:49.929] [DEBUG] debug-file - entry : default@CollectDebugSymbol cost memory 0.0784912109375
[2026-09-18T17:47:49.929] [DEBUG] debug-file - runTaskFromQueue task cost before running: 144 ms 
[2026-09-18T17:47:49.929] [INFO] debug-file - Finished :entry:default@CollectDebugSymbol... after 1 ms 
[2026-09-18T17:47:49.929] [DEBUG] debug-file - Executing task :entry:assembleHap
[2026-09-18T17:47:49.929] [DEBUG] debug-file - entry : assembleHap cost memory 0.015625
[2026-09-18T17:47:49.929] [DEBUG] debug-file - runTaskFromQueue task cost before running: 144 ms 
[2026-09-18T17:47:49.929] [INFO] debug-file - Finished :entry:assembleHap... after 1 ms 
[2026-09-18T17:47:49.929] [INFO] debug-file - BUILD SUCCESSFUL in 144 ms 
[2026-09-18T17:47:49.929] [DEBUG] debug-file - Update task entry:default@PreBuild input file:/Users/yujiantao/DevEcoStudioProjects/bang/AppScope/app.json5 cache by regenerate.
[2026-09-18T17:47:49.929] [DEBUG] debug-file - Update task entry:default@PreBuild input file:/Users/yujiantao/DevEcoStudioProjects/bang/entry/src/main/module.json5 cache by regenerate.
[2026-09-18T17:47:49.929] [DEBUG] debug-file - Update task entry:default@PreBuild input file:/Users/yujiantao/DevEcoStudioProjects/bang/build-profile.json5 cache by regenerate.
[2026-09-18T17:47:49.929] [DEBUG] debug-file - Update task entry:default@PreBuild input file:/Users/yujiantao/DevEcoStudioProjects/bang/entry/build-profile.json5 cache by regenerate.
[2026-09-18T17:47:49.929] [DEBUG] debug-file - Update task entry:default@PreBuild input file:/Users/yujiantao/DevEcoStudioProjects/bang/entry/src/main/resources/base/profile/main_pages.json cache by regenerate.
[2026-09-18T17:47:49.929] [DEBUG] debug-file - Update task entry:default@PreBuild input file:/Users/yujiantao/DevEcoStudioProjects/bang/hvigor/hvigor-config.json5 cache by regenerate.
[2026-09-18T17:47:49.929] [DEBUG] debug-file - Update task entry:default@PreBuild input file:/Users/yujiantao/DevEcoStudioProjects/bang/entry/oh-package.json5 cache by regenerate.
[2026-09-18T17:47:49.929] [DEBUG] debug-file - Update task entry:default@PreBuild input file:/Users/yujiantao/DevEcoStudioProjects/bang/oh-package.json5 cache by regenerate.
[2026-09-18T17:47:49.930] [DEBUG] debug-file - Incremental task entry:default@PreBuild post-execution cost:1 ms .
[2026-09-18T17:47:49.930] [DEBUG] debug-file - Update task entry:default@CreateModuleInfo output file:/Users/yujiantao/DevEcoStudioProjects/bang/entry/build/default/generated/profile/default/ModuleInfo.ts cache.
[2026-09-18T17:47:49.930] [DEBUG] debug-file - Incremental task entry:default@CreateModuleInfo post-execution cost:1 ms .
[2026-09-18T17:47:49.930] [DEBUG] debug-file - There is no need to refresh cache, since the incremental task entry:default@GenerateMetadata is up-to-date.
[2026-09-18T17:47:49.930] [DEBUG] debug-file - There is no need to refresh cache, since the incremental task entry:default@MergeProfile is up-to-date.
[2026-09-18T17:47:49.930] [DEBUG] debug-file - There is no need to refresh cache, since the incremental task entry:default@CreateBuildProfile is up-to-date.
[2026-09-18T17:47:49.930] [DEBUG] debug-file - There is no need to refresh cache, since the incremental task entry:default@GeneratePkgContextInfo is up-to-date.
[2026-09-18T17:47:49.930] [DEBUG] debug-file - Update task entry:default@GeneratePkgSdkInfo output file:/Users/yujiantao/DevEcoStudioProjects/bang/entry/build/default/intermediates/loader/default/pkgSdkInfo.json cache.
[2026-09-18T17:47:49.930] [DEBUG] debug-file - Incremental task entry:default@GeneratePkgSdkInfo post-execution cost:1 ms .
[2026-09-18T17:47:49.930] [DEBUG] debug-file - Update task entry:default@ProcessIntegratedHsp output file:/Users/yujiantao/DevEcoStudioProjects/bang/build/cache/default/integrated_hsp/integratedHspCache.json cache.
[2026-09-18T17:47:49.930] [DEBUG] debug-file - Incremental task entry:default@ProcessIntegratedHsp post-execution cost:1 ms .
[2026-09-18T17:47:49.930] [DEBUG] debug-file - There is no need to refresh cache, since the incremental task entry:default@MakePackInfo is up-to-date.
[2026-09-18T17:47:49.930] [DEBUG] debug-file - Update task entry:default@SyscapTransform input file:/Applications/DevEco-Studio.app/Contents/sdk/default/openharmony/toolchains/syscap_tool cache by regenerate.
[2026-09-18T17:47:49.930] [DEBUG] debug-file - Update task entry:default@SyscapTransform input file:/Applications/DevEco-Studio.app/Contents/sdk/default/openharmony/ets/api/device-define cache by regenerate.
[2026-09-18T17:47:49.931] [DEBUG] debug-file - Update task entry:default@SyscapTransform output file:/Users/yujiantao/DevEcoStudioProjects/bang/entry/build/default/intermediates/syscap/default/rpcid.sc cache.
[2026-09-18T17:47:49.931] [DEBUG] debug-file - Incremental task entry:default@SyscapTransform post-execution cost:1 ms .
[2026-09-18T17:47:49.931] [DEBUG] debug-file - There is no need to refresh cache, since the incremental task entry:default@ProcessProfile is up-to-date.
[2026-09-18T17:47:49.931] [DEBUG] debug-file - There is no need to refresh cache, since the incremental task entry:default@ProcessRouterMap is up-to-date.
[2026-09-18T17:47:49.931] [DEBUG] debug-file - There is no need to refresh cache, since the incremental task entry:default@ProcessShareConfig is up-to-date.
[2026-09-18T17:47:49.931] [DEBUG] debug-file - Update task entry:default@ProcessStartupConfig input file:/Users/yujiantao/DevEcoStudioProjects/bang/entry/build/default/intermediates/loader/default/pkgContextInfo.json cache by regenerate.
[2026-09-18T17:47:49.931] [DEBUG] debug-file - Update task entry:default@ProcessStartupConfig output file:/Users/yujiantao/DevEcoStudioProjects/bang/entry/build/default/intermediates/startup/default/startup_config.json cache.
[2026-09-18T17:47:49.931] [DEBUG] debug-file - Incremental task entry:default@ProcessStartupConfig post-execution cost:1 ms .
[2026-09-18T17:47:49.931] [DEBUG] debug-file - There is no need to refresh cache, since the incremental task entry:default@ProcessResource is up-to-date.
[2026-09-18T17:47:49.931] [DEBUG] debug-file - There is no need to refresh cache, since the incremental task entry:default@GenerateLoaderJson is up-to-date.
[2026-09-18T17:47:49.931] [DEBUG] debug-file - There is no need to refresh cache, since the incremental task entry:default@ProcessLibs is up-to-date.
[2026-09-18T17:47:49.931] [DEBUG] debug-file - There is no need to refresh cache, since the incremental task entry:default@CompileResource is up-to-date.
[2026-09-18T17:47:49.931] [DEBUG] debug-file - There is no need to refresh cache, since the incremental task entry:default@DoNativeStrip is up-to-date.
[2026-09-18T17:47:49.931] [DEBUG] debug-file - There is no need to refresh cache, since the incremental task entry:default@CompileArkTS is up-to-date.
[2026-09-18T17:47:49.931] [DEBUG] debug-file - Update task entry:default@BuildJS input file:/Users/yujiantao/DevEcoStudioProjects/bang/entry/build/default/intermediates/loader/default cache by regenerate.
[2026-09-18T17:47:49.931] [DEBUG] debug-file - Update task entry:default@BuildJS input file:/Users/yujiantao/DevEcoStudioProjects/bang/entry/build/default/intermediates/res/default/resources/rawfile cache by regenerate.
[2026-09-18T17:47:49.932] [DEBUG] debug-file - Update task entry:default@BuildJS input file:/Users/yujiantao/DevEcoStudioProjects/bang/entry/build/default/intermediates/res/default/ResourceTable.txt cache by regenerate.
[2026-09-18T17:47:49.932] [DEBUG] debug-file - Update task entry:default@BuildJS input file:/Users/yujiantao/DevEcoStudioProjects/bang/entry/build/default/intermediates/res/default/ark_module.json cache by regenerate.
[2026-09-18T17:47:49.932] [DEBUG] debug-file - Update task entry:default@BuildJS input file:/Users/yujiantao/DevEcoStudioProjects/bang/entry/build/default/intermediates/res/default/resources/base/profile cache by regenerate.
[2026-09-18T17:47:49.932] [DEBUG] debug-file - Update task entry:default@BuildJS input file:/Users/yujiantao/DevEcoStudioProjects/bang/entry/build/default/intermediates/loader/default/pkgContextInfo.json cache by regenerate.
[2026-09-18T17:47:49.933] [DEBUG] debug-file - Update task entry:default@BuildJS output file:/Users/yujiantao/DevEcoStudioProjects/bang/entry/build/default/intermediates/loader_out/default/js cache.
[2026-09-18T17:47:49.933] [DEBUG] debug-file - Incremental task entry:default@BuildJS post-execution cost:2 ms .
[2026-09-18T17:47:49.933] [DEBUG] debug-file - There is no need to refresh cache, since the incremental task entry:default@CacheNativeLibs is up-to-date.
[2026-09-18T17:47:49.933] [DEBUG] debug-file - There is no need to refresh cache, since the incremental task entry:default@GeneratePkgModuleJson is up-to-date.
[2026-09-18T17:47:49.933] [DEBUG] debug-file - Incremental task entry:default@ProcessCompiledResources post-execution cost:1 ms .
[2026-09-18T17:47:49.933] [DEBUG] debug-file - There is no need to refresh cache, since the incremental task entry:default@PackageHap is up-to-date.
[2026-09-18T17:47:49.933] [DEBUG] debug-file - There is no need to refresh cache, since the incremental task entry:default@SignHap is up-to-date.
[2026-09-18T17:47:49.933] [DEBUG] debug-file - Update task entry:default@CollectDebugSymbol input file:/Users/yujiantao/DevEcoStudioProjects/bang/entry/build/default/intermediates/loader_out/default/ets/sourceMaps.map cache by regenerate.
[2026-09-18T17:47:49.933] [DEBUG] debug-file - Update task entry:default@CollectDebugSymbol input file:/Users/yujiantao/DevEcoStudioProjects/bang/entry/build/default/intermediates/libs/default cache by regenerate.
[2026-09-18T17:47:49.933] [DEBUG] debug-file - Update task entry:default@CollectDebugSymbol output file:/Users/yujiantao/DevEcoStudioProjects/bang/entry/build/default/outputs/default/symbol cache.
[2026-09-18T17:47:49.933] [DEBUG] debug-file - Incremental task entry:default@CollectDebugSymbol post-execution cost:1 ms .
[2026-09-18T17:47:49.939] [DEBUG] debug-file - hvigor build process will be closed.
[2026-09-18T17:47:49.967] [DEBUG] debug-file - session manager: send message to worker process.
[2026-09-18T17:47:49.967] [DEBUG] debug-file - session manager: send message to worker process.
[2026-09-18T17:47:49.967] [DEBUG] debug-file - watch worker: worker id should be larger than 0. Nothing will be sent to any worker thread.
[2026-09-18T17:47:49.967] [DEBUG] debug-file - watch worker: worker id should be larger than 0. Nothing will be sent to any worker thread.
